annee,date,mois,dep,territoire,insee,commune,lat,lon,surface_ha,surface_foret_ha,grand_feu,cause,deces,bat_detruits
2006,2006-01-04 15:54:00,1,06,Alpes-Maritimes,06101,Rigaud,43.9942,6.976,0.25,0.0,False,Inconnue,,
2006,2006-01-05 15:24:00,1,06,Alpes-Maritimes,06101,Rigaud,43.9942,6.976,0.05,0.0,False,Inconnue,,
2006,2006-01-12 17:00:00,1,06,Alpes-Maritimes,06073,Isola,44.1903,7.0835,0.3,0.0,False,Involontaire (particulier),,
2006,2006-02-05 12:15:00,2,06,Alpes-Maritimes,06151,Utelle,43.9392,7.2458,0.02,0.0,False,Involontaire (particulier),,
2006,2006-02-05 12:31:00,2,33,Landes de Gascogne,33494,Salaunes,44.9281,-0.8502,1.0,1.0,False,Inconnue,,
2006,2006-02-08 14:59:00,2,33,Landes de Gascogne,33019,Audenge,44.7133,-0.9533,0.01,0.01,False,Inconnue,,
2006,2006-02-11 13:40:00,2,06,Alpes-Maritimes,06075,Levens,43.8501,7.2358,0.04,0.0,False,Inconnue,,
2006,2006-02-11 14:41:00,2,33,Landes de Gascogne,33077,Cabanac-et-Villagrains,44.5889,-0.5412,0.4,0.4,False,Accidentelle,,
2006,2006-02-11 19:01:00,2,06,Alpes-Maritimes,06151,Utelle,43.9392,7.2458,0.1,0.0,False,Inconnue,,
2006,2006-02-14 16:34:00,2,40,Landes de Gascogne,40149,Lencouacq,44.1482,-0.3856,0.416,0.3,False,Involontaire (particulier),,
2006,2006-02-16 16:02:00,2,06,Alpes-Maritimes,06132,Saorge,43.9935,7.5403,0.05,0.0,False,Involontaire (particulier),,
2006,2006-02-17 15:11:00,2,06,Alpes-Maritimes,06157,Vence,43.7373,7.0995,0.04,0.0,False,Inconnue,,
2006,2006-02-26 18:45:00,2,33,Landes de Gascogne,33248,Listrac-Médoc,45.0699,-0.827,0.5,0.5,False,Inconnue,,
2006,2006-02-26 19:45:00,2,33,Landes de Gascogne,33225,Landiras,44.5696,-0.4333,0.1,0.1,False,Inconnue,,
2006,2006-02-28 13:28:00,2,33,Landes de Gascogne,33281,Mérignac,44.8313,-0.682,0.1,0.1,False,Involontaire (particulier),,
2006,2006-03-03 16:05:00,3,06,Alpes-Maritimes,06049,Courmes,43.7514,7.0196,1.3,1.3,False,Inconnue,,
2006,2006-03-04 13:42:00,3,06,Alpes-Maritimes,06022,Bouyon,43.8272,7.125,0.8,0.0,False,Involontaire (particulier),,
2006,2006-03-10 12:50:00,3,06,Alpes-Maritimes,06144,La Tour,43.9645,7.196,0.04,0.0,False,Inconnue,,
2006,2006-03-12 15:56:00,3,06,Alpes-Maritimes,06013,Belvédère,44.0615,7.3612,0.35,0.0,False,Inconnue,,
2006,2006-03-13 10:46:00,3,06,Alpes-Maritimes,06050,Coursegoules,43.7898,7.0384,0.07,0.0,False,Involontaire (particulier),,
2006,2006-03-13 15:47:00,3,33,Landes de Gascogne,33273,Martignas-sur-Jalle,44.8451,-0.8006,0.002,0.002,False,Involontaire (particulier),,
2006,2006-03-14 13:54:00,3,06,Alpes-Maritimes,06157,Vence,43.7373,7.0995,9.6,0.0,False,Inconnue,,
2006,2006-03-14 15:15:00,3,06,Alpes-Maritimes,06077,Lucéram,43.8997,7.3506,0.1,0.0,False,Inconnue,,
2006,2006-03-14 15:40:00,3,06,Alpes-Maritimes,06130,Saint-Vallier-de-Thiey,43.6994,6.8516,0.15,0.0,False,Involontaire (particulier),,
2006,2006-03-16 14:40:00,3,33,Landes de Gascogne,33505,La Sauve,44.7643,-0.316,3.0,3.0,False,Involontaire (particulier),,
2006,2006-03-16 15:20:00,3,33,Landes de Gascogne,33123,Cézac,45.0867,-0.4171,3.0,3.0,False,Involontaire (particulier),,
2006,2006-03-16 16:49:00,3,40,Landes de Gascogne,40046,Biscarrosse,44.4077,-1.1525,0.1,0.1,False,Inconnue,,
2006,2006-03-17 11:13:00,3,33,Landes de Gascogne,33422,Saint-Jean-d'Illac,44.7973,-0.8156,3.0,3.0,False,Inconnue,,
2006,2006-03-17 16:54:00,3,33,Landes de Gascogne,33416,Saint-Girons-d'Aiguevives,45.1465,-0.5376,0.6,0.3,False,Involontaire (particulier),,
2006,2006-03-17 17:36:00,3,33,Landes de Gascogne,33528,Le Temple,44.8662,-0.9609,0.02,0.02,False,Involontaire (particulier),,
2006,2006-03-21 16:32:00,3,33,Landes de Gascogne,33296,Mouliets-et-Villemartin,44.8311,-0.0223,0.005,0.005,False,Involontaire (particulier),,
2006,2006-03-25 12:48:00,3,40,Landes de Gascogne,40230,Pontonx-sur-l'Adour,43.7927,-0.9367,0.02,0.02,False,Accidentelle,,
2006,2006-03-27 01:34:00,3,33,Landes de Gascogne,33528,Le Temple,44.8662,-0.9609,0.02,0.02,False,Accidentelle,,
2006,2006-03-27 15:13:00,3,40,Landes de Gascogne,40019,Aureilhan,44.2094,-1.192,0.1,0.1,False,Involontaire (particulier),,
2006,2006-03-28 18:20:00,3,06,Alpes-Maritimes,06141,Toudon,43.8857,7.1094,0.01,0.0,False,Involontaire (particulier),,
2006,2006-03-30 14:18:00,3,06,Alpes-Maritimes,06015,Berre-les-Alpes,43.8342,7.3306,0.04,0.0,False,Involontaire (particulier),,
2006,2006-03-30 18:53:00,3,40,Landes de Gascogne,40229,Pontenx-les-Forges,44.2554,-1.0914,0.1,0.1,False,Inconnue,,
2006,2006-03-31 18:41:00,3,40,Landes de Gascogne,40085,Commensacq,44.2082,-0.8272,0.6,0.6,False,Accidentelle,,
2006,2006-04-01 15:40:00,4,33,Landes de Gascogne,33130,Coimères,44.5004,-0.213,1.0,1.0,False,Inconnue,,
2006,2006-04-01 18:18:00,4,40,Landes de Gascogne,40327,Vielle-Soubiran,44.0549,-0.1715,0.2,0.2,False,Inconnue,,
2006,2006-04-02 15:51:00,4,33,Landes de Gascogne,33164,Fargues,44.5362,-0.2926,1.0,1.0,False,Inconnue,,
2006,2006-04-02 17:12:00,4,33,Landes de Gascogne,33199,Gujan-Mestras,44.5758,-1.0813,0.06,0.06,False,Inconnue,,
2006,2006-04-03 12:29:00,4,33,Landes de Gascogne,33260,Lugos,44.4782,-0.9241,0.04,0.04,False,Involontaire (particulier),,
2006,2006-04-03 15:41:00,4,33,Landes de Gascogne,33012,Arsac,44.9869,-0.7018,0.2,0.2,False,Inconnue,,
2006,2006-04-03 19:08:00,4,33,Landes de Gascogne,33541,Vensac,45.4039,-1.0821,0.003,0.003,False,Inconnue,,
2006,2006-04-04 16:40:00,4,33,Landes de Gascogne,33138,Coutras,45.0408,-0.1003,0.02,0.02,False,Inconnue,,
2006,2006-04-04 19:21:00,4,06,Alpes-Maritimes,06071,Guillaumes,44.1007,6.8673,0.025,0.0,False,Inconnue,,
2006,2006-04-04 20:46:00,4,40,Landes de Gascogne,40046,Biscarrosse,44.4077,-1.1525,0.002,0.002,False,Accidentelle,,
2006,2006-04-04 22:11:00,4,40,Landes de Gascogne,40058,Cachen,44.0863,-0.4163,0.2,0.2,False,Inconnue,,
2006,2006-04-05 12:47:00,4,06,Alpes-Maritimes,06023,Breil-sur-Roya,43.9379,7.4996,12.25,0.37,False,Involontaire (particulier),,
2006,2006-04-06 12:24:00,4,33,Landes de Gascogne,33012,Arsac,44.9869,-0.7018,0.4,0.4,False,Inconnue,,
2006,2006-04-07 19:01:00,4,33,Landes de Gascogne,33449,Saint-Médard-en-Jalles,44.8861,-0.7823,0.2,0.2,False,Malveillance,,
2006,2006-04-08 11:30:00,4,06,Alpes-Maritimes,06094,Péone,44.1333,6.925,0.7,0.0,False,Involontaire (particulier),,
2006,2006-04-08 13:16:00,4,33,Landes de Gascogne,33322,Le Pian-Médoc,44.9555,-0.6737,0.3,0.07,False,Inconnue,,
2006,2006-04-08 15:28:00,4,33,Landes de Gascogne,33051,Biganos,44.6599,-0.9582,0.2,0.2,False,Involontaire (particulier),,
2006,2006-04-08 15:49:00,4,33,Landes de Gascogne,33090,Canéjan,44.7572,-0.659,0.008,0.008,False,Accidentelle,,
2006,2006-04-08 16:47:00,4,06,Alpes-Maritimes,06115,Saint-Antonin,43.9085,6.9739,0.4,0.0,False,Inconnue,,
2006,2006-04-08 17:10:00,4,40,Landes de Gascogne,40046,Biscarrosse,44.4077,-1.1525,0.002,0.002,False,Inconnue,,
2006,2006-04-09 16:15:00,4,33,Landes de Gascogne,33165,Fargues-Saint-Hilaire,44.8202,-0.4399,0.002,0.002,False,Inconnue,,
2006,2006-04-12 10:26:00,4,06,Alpes-Maritimes,06094,Péone,44.1333,6.925,0.025,0.0,False,Involontaire (particulier),,
2006,2006-04-12 14:38:00,4,06,Alpes-Maritimes,06018,Biot,43.6273,7.0821,0.15,0.0,False,Inconnue,,
2006,2006-04-13 13:05:00,4,06,Alpes-Maritimes,06060,Falicon,43.7533,7.266,1.7,0.0,False,Involontaire (particulier),,
2006,2006-04-13 13:30:00,4,06,Alpes-Maritimes,06011,Beaulieu-sur-Mer,43.7081,7.3324,0.2,0.0,False,Inconnue,,
2006,2006-04-13 14:30:00,4,06,Alpes-Maritimes,06163,Tende,44.0971,7.5499,0.8,0.0,False,Involontaire (travaux),,
2006,2006-04-13 21:21:00,4,40,Landes de Gascogne,40178,Mazerolles,43.8848,-0.4334,0.0002,0.0002,False,Involontaire (particulier),,
2006,2006-04-14 13:35:00,4,33,Landes de Gascogne,33422,Saint-Jean-d'Illac,44.7973,-0.8156,3.0,1.5,False,Inconnue,,
2006,2006-04-14 17:44:00,4,40,Landes de Gascogne,40157,Lit-et-Mixe,44.0273,-1.2704,0.1,0.1,False,Inconnue,,
2006,2006-04-14 19:13:00,4,33,Landes de Gascogne,33322,Le Pian-Médoc,44.9555,-0.6737,0.3,0.3,False,Malveillance,,
2006,2006-04-15 16:32:00,4,40,Landes de Gascogne,40046,Biscarrosse,44.4077,-1.1525,0.05,0.05,False,Malveillance,,
2006,2006-04-15 17:01:00,4,33,Landes de Gascogne,33260,Lugos,44.4782,-0.9241,0.2,0.2,False,Inconnue,,
2006,2006-04-17 14:22:00,4,40,Landes de Gascogne,40287,Sanguinet,44.4776,-1.0903,2.09,2.09,False,Inconnue,,
2006,2006-04-17 17:43:00,4,33,Landes de Gascogne,33029,Le Barp,44.6297,-0.7437,2.5,2.5,False,Inconnue,,
2006,2006-04-17 19:00:00,4,33,Landes de Gascogne,33322,Le Pian-Médoc,44.9555,-0.6737,0.8,0.8,False,Inconnue,,
2006,2006-04-18 15:00:00,4,33,Landes de Gascogne,33376,Saint-Aubin-de-Médoc,44.9343,-0.7478,0.5,0.5,False,Inconnue,,
2006,2006-04-18 16:02:00,4,33,Landes de Gascogne,33012,Arsac,44.9869,-0.7018,0.1,0.1,False,Inconnue,,
2006,2006-04-18 20:09:00,4,06,Alpes-Maritimes,06132,Saorge,43.9935,7.5403,0.08,0.0,False,Inconnue,,
2006,2006-04-19 18:53:00,4,33,Landes de Gascogne,33382,Saint-Christoly-de-Blaye,45.1499,-0.4967,1.5,1.5,False,Inconnue,,
2006,2006-04-19 19:08:00,4,33,Landes de Gascogne,33017,Aubiac,44.4713,-0.2438,0.5,0.5,False,Inconnue,,
2006,2006-04-20 16:02:00,4,40,Landes de Gascogne,40178,Mazerolles,43.8848,-0.4334,0.2,0.2,False,Inconnue,,
2006,2006-04-20 16:46:00,4,33,Landes de Gascogne,33095,Captieux,44.2621,-0.2981,1.0,1.0,False,Inconnue,,
2006,2006-04-20 17:36:00,4,33,Landes de Gascogne,33199,Gujan-Mestras,44.5758,-1.0813,0.2,0.2,False,Inconnue,,
2006,2006-04-20 18:19:00,4,33,Landes de Gascogne,33422,Saint-Jean-d'Illac,44.7973,-0.8156,2.0,2.0,False,Inconnue,,
2006,2006-04-21 06:51:00,4,33,Landes de Gascogne,33474,Saint-Selve,44.6574,-0.4726,0.005,0.005,False,Inconnue,,
2006,2006-04-22 15:45:00,4,06,Alpes-Maritimes,06089,Opio,43.6574,7.0094,0.8,0.0,False,Involontaire (travaux),,
2006,2006-04-23 16:39:00,4,06,Alpes-Maritimes,06091,Peille,43.8043,7.4088,1.8,1.05,False,Inconnue,,
2006,2006-04-23 21:41:00,4,33,Landes de Gascogne,33419,Saint-Hilaire-du-Bois,44.6618,-0.0755,0.01,0.01,False,Inconnue,,
2006,2006-04-24 14:04:00,4,06,Alpes-Maritimes,06090,Pégomas,43.5886,6.9213,0.6,0.0,False,Inconnue,,
2006,2006-04-24 16:45:00,4,33,Landes de Gascogne,33422,Saint-Jean-d'Illac,44.7973,-0.8156,2.0,1.0,False,Inconnue,,
2006,2006-04-24 19:55:00,4,06,Alpes-Maritimes,06138,Théoule-sur-Mer,43.499,6.9303,0.2,0.0,False,Involontaire (particulier),,
2006,2006-04-24 23:11:00,4,33,Landes de Gascogne,33202,Hostens,44.4834,-0.6616,2.0,2.0,False,Accidentelle,,
2006,2006-04-25 15:53:00,4,33,Landes de Gascogne,33366,Saint-André-de-Cubzac,44.9945,-0.4378,0.1,0.1,False,Inconnue,,
2006,2006-04-25 17:00:00,4,33,Landes de Gascogne,33540,Vendays-Montalivet,45.3378,-1.0953,0.1,0.1,False,Inconnue,,
2006,2006-04-25 18:40:00,4,40,Landes de Gascogne,40108,Gastes,44.3117,-1.1996,0.04,0.04,False,Involontaire (travaux),,
2006,2006-04-26 11:39:00,4,33,Landes de Gascogne,33540,Vendays-Montalivet,45.3378,-1.0953,0.001,0.001,False,Malveillance,,
2006,2006-04-26 13:49:00,4,06,Alpes-Maritimes,06090,Pégomas,43.5886,6.9213,0.2,0.0,False,Malveillance,,
2006,2006-04-29 13:00:00,4,06,Alpes-Maritimes,06022,Bouyon,43.8272,7.125,0.2,0.0,False,Inconnue,,
2006,2006-04-29 16:14:00,4,40,Landes de Gascogne,40184,Mimizan,44.1996,-1.2323,1.85,1.85,False,Inconnue,,
2006,2006-04-29 21:00:00,4,40,Landes de Gascogne,40192,Mont-de-Marsan,43.8931,-0.5009,0.002,0.002,False,Malveillance,,
2006,2006-04-30 13:52:00,4,40,Landes de Gascogne,40036,Bénesse-Maremne,43.634,-1.3679,0.0021,0.0001,False,Inconnue,,
2006,2006-05-01 13:35:00,5,33,Landes de Gascogne,33333,Le Porge,44.8649,-1.1351,0.035,0.035,False,Inconnue,,
2006,2006-05-01 14:22:00,5,06,Alpes-Maritimes,06147,Tourrette-Levens,43.7882,7.275,0.09,0.0,False,Inconnue,,
2006,2006-05-01 14:58:00,5,33,Landes de Gascogne,33029,Le Barp,44.6297,-0.7437,0.7,0.7,False,Inconnue,,
2006,2006-05-01 14:58:00,5,33,Landes de Gascogne,33029,Le Barp,44.6297,-0.7437,0.2,0.2,False,Inconnue,,
2006,2006-05-01 16:00:00,5,06,Alpes-Maritimes,06075,Levens,43.8501,7.2358,0.005,0.0,False,Involontaire (particulier),,
2006,2006-05-01 16:28:00,5,33,Landes de Gascogne,33284,Mios,44.6105,-0.8913,4.0,4.0,False,Inconnue,,
2006,2006-05-01 17:10:00,5,33,Landes de Gascogne,33281,Mérignac,44.8313,-0.682,0.05,0.05,False,Inconnue,,
2006,2006-05-01 17:15:00,5,33,Landes de Gascogne,33203,Hourtin,45.1831,-1.0534,0.001,0.001,False,Inconnue,,
2006,2006-05-02 15:05:00,5,33,Landes de Gascogne,33012,Arsac,44.9869,-0.7018,0.4,0.2,False,Inconnue,,
2006,2006-05-02 17:08:00,5,33,Landes de Gascogne,33137,Cours-les-Bains,44.3788,-0.006,0.3,0.3,False,Accidentelle,,
2006,2006-05-04 12:48:00,5,33,Landes de Gascogne,33163,Faleyras,44.7646,-0.2272,3.0,3.0,False,Inconnue,,
2006,2006-05-04 13:16:00,5,06,Alpes-Maritimes,06152,Valbonne,43.6267,7.0291,0.06,0.0,False,Inconnue,,
2006,2006-05-04 13:25:00,5,06,Alpes-Maritimes,06079,Mandelieu-la-Napoule,43.5334,6.918,0.02,0.0,False,Involontaire (travaux),,
2006,2006-05-04 14:10:00,5,06,Alpes-Maritimes,06010,Le Bar-sur-Loup,43.6993,6.9674,0.03,0.0,False,Involontaire (particulier),,
2006,2006-05-04 14:30:00,5,06,Alpes-Maritimes,06118,Saint-Cézaire-sur-Siagne,43.6592,6.8049,0.1,0.0,False,Involontaire (particulier),,
2006,2006-05-04 14:46:00,5,06,Alpes-Maritimes,06148,Tourrettes-sur-Loup,43.718,7.0353,0.05,0.0,False,Involontaire (particulier),,
2006,2006-05-04 15:52:00,5,06,Alpes-Maritimes,06006,Aspremont,43.7772,7.2423,0.05,0.0,False,Involontaire (particulier),,
2006,2006-05-05 18:43:00,5,06,Alpes-Maritimes,06059,Èze,43.7299,7.3566,0.05,0.0,False,Inconnue,,
2006,2006-05-05 19:47:00,5,06,Alpes-Maritimes,06046,Colomars,43.757,7.2212,0.05,0.0,False,Involontaire (travaux),,
2006,2006-05-07 16:42:00,5,40,Landes de Gascogne,40304,Soorts-Hossegor,43.6679,-1.4084,0.2,0.2,False,Naturelle,,
2006,2006-05-07 17:27:00,5,40,Landes de Gascogne,40094,Escource,44.1639,-1.0361,0.0001,0.0001,False,Naturelle,,
2006,2006-05-08 14:27:00,5,33,Landes de Gascogne,33422,Saint-Jean-d'Illac,44.7973,-0.8156,3.0,3.0,False,Naturelle,,
2006,2006-05-08 16:09:00,5,33,Landes de Gascogne,33529,La Teste-de-Buch,44.586,-1.1809,0.03,0.03,False,Inconnue,,
2006,2006-05-09 11:25:00,5,40,Landes de Gascogne,40227,Pissos,44.3012,-0.7906,0.001,0.001,False,Naturelle,,
2006,2006-05-09 14:00:00,5,33,Landes de Gascogne,33225,Landiras,44.5696,-0.4333,0.7,0.7,False,Naturelle,,
2006,2006-05-09 17:47:00,5,40,Landes de Gascogne,40150,Léon,43.8474,-1.2768,0.08,0.08,False,Inconnue,,
2006,2006-05-10 18:48:00,5,33,Landes de Gascogne,33473,Saint-Savin,45.1611,-0.4449,0.04,0.04,False,Inconnue,,
2006,2006-05-11 15:19:00,5,40,Landes de Gascogne,40217,Parentis-en-Born,44.3527,-1.0879,0.05,0.05,False,Inconnue,,
2006,2006-05-13 10:08:00,5,40,Landes de Gascogne,40046,Biscarrosse,44.4077,-1.1525,0.0001,0.0001,False,Naturelle,,
2006,2006-05-13 11:06:00,5,40,Landes de Gascogne,40329,Le Vignau,43.7799,-0.2845,0.0001,0.0001,False,Naturelle,,
2006,2006-05-13 12:51:00,5,33,Landes de Gascogne,33244,Lignan-de-Bazas,44.433,-0.2745,0.01,0.01,False,Inconnue,,
2006,2006-05-13 12:53:00,5,33,Landes de Gascogne,33429,Saint-Léger-de-Balson,44.43,-0.4416,0.001,0.001,False,Naturelle,,
2006,2006-05-13 12:53:00,5,33,Landes de Gascogne,33429,Saint-Léger-de-Balson,44.43,-0.4416,0.001,0.001,False,Naturelle,,
2006,2006-05-13 12:53:00,5,33,Landes de Gascogne,33429,Saint-Léger-de-Balson,44.43,-0.4416,0.001,0.001,False,Naturelle,,
2006,2006-05-15 14:08:00,5,33,Landes de Gascogne,33230,Lapouyade,45.1094,-0.2854,1.0,1.0,False,Inconnue,,
2006,2006-05-16 03:04:00,5,06,Alpes-Maritimes,06059,Èze,43.7299,7.3566,0.31,0.0,False,Involontaire (particulier),,
2006,2006-05-16 14:47:00,5,33,Landes de Gascogne,33534,Le Tourne,44.7182,-0.3974,0.04,0.04,False,Inconnue,,
2006,2006-05-16 14:56:00,5,33,Landes de Gascogne,33095,Captieux,44.2621,-0.2981,0.5,0.5,False,Naturelle,,
2006,2006-05-17 11:10:00,5,33,Landes de Gascogne,33471,Saint-Sauveur,45.1964,-0.8223,0.02,0.02,False,Involontaire (travaux),,
2006,2006-05-17 11:25:00,5,33,Landes de Gascogne,33019,Audenge,44.7133,-0.9533,0.01,0.01,False,Involontaire (travaux),,
2006,2006-05-19 20:42:00,5,40,Landes de Gascogne,40152,Lesperon,43.9654,-1.0835,0.1,0.1,False,Inconnue,,
2006,2006-05-20 06:40:00,5,33,Landes de Gascogne,33300,Naujac-sur-Mer,45.2596,-1.0643,0.5,0.5,False,Inconnue,,
2006,2006-05-20 15:35:00,5,06,Alpes-Maritimes,06088,Nice,43.7032,7.2528,0.035,0.0,False,Involontaire (particulier),,
2006,2006-05-21 12:50:00,5,06,Alpes-Maritimes,06088,Nice,43.7032,7.2528,0.04,0.0,False,Involontaire (travaux),,
2006,2006-05-21 13:10:00,5,06,Alpes-Maritimes,06126,Saint-Martin-du-Var,43.8168,7.2012,11.95,0.0,False,Involontaire (particulier),,
2006,2006-05-21 14:40:00,5,06,Alpes-Maritimes,06091,Peille,43.8043,7.4088,0.5,0.0,False,Accidentelle,,
2006,2006-05-21 15:31:00,5,06,Alpes-Maritimes,06084,Mouans-Sartoux,43.6192,6.9677,0.5,0.0,False,Inconnue,,
2006,2006-05-21 17:15:00,5,40,Landes de Gascogne,40287,Sanguinet,44.4776,-1.0903,1.5,1.5,False,Inconnue,,
2006,2006-05-21 17:45:00,5,40,Landes de Gascogne,40035,Bénesse-lès-Dax,43.6422,-1.0393,1.0,1.0,False,Inconnue,,
2006,2006-05-24 15:26:00,5,06,Alpes-Maritimes,06048,Contes,43.8133,7.3263,0.03,0.0,False,Involontaire (travaux),,
2006,2006-05-24 15:57:00,5,40,Landes de Gascogne,40046,Biscarrosse,44.4077,-1.1525,0.08,0.04,False,Inconnue,,
2006,2006-05-26 11:57:00,5,40,Landes de Gascogne,40217,Parentis-en-Born,44.3527,-1.0879,0.1,0.1,False,Inconnue,,
2006,2006-05-26 15:40:00,5,33,Landes de Gascogne,33320,Petit-Palais-et-Cornemps,44.9823,-0.053,0.02,0.02,False,Accidentelle,,
2006,2006-05-27 00:08:00,5,40,Landes de Gascogne,40184,Mimizan,44.1996,-1.2323,0.0005,0.0005,False,Involontaire (particulier),,
2006,2006-05-30 11:08:00,5,06,Alpes-Maritimes,06059,Èze,43.7299,7.3566,0.02,0.0,False,Involontaire (particulier),,
2006,2006-05-30 13:51:00,5,06,Alpes-Maritimes,06150,La Turbie,43.7462,7.3973,0.5,0.0,False,Inconnue,,
2006,2006-05-30 16:07:00,5,06,Alpes-Maritimes,06029,Cannes,43.5454,7.0152,0.05,0.0,False,Inconnue,,
2006,2006-05-31 16:00:00,5,33,Landes de Gascogne,33514,Soulac-sur-Mer,45.5057,-1.0694,0.05,0.05,False,Inconnue,,
2006,2006-05-31 16:46:00,5,40,Landes de Gascogne,40088,Dax,43.7025,-1.0637,0.02,0.02,False,Inconnue,,
2006,2006-05-31 20:16:00,5,33,Landes de Gascogne,33314,Pauillac,45.1983,-0.755,0.06,0.06,False,Inconnue,,
2006,2006-06-01 14:27:00,6,33,Landes de Gascogne,33017,Aubiac,44.4713,-0.2438,0.3,0.3,False,Inconnue,,
2006,2006-06-01 23:02:00,6,33,Landes de Gascogne,33122,Cestas,44.7274,-0.7349,0.6,0.6,False,Inconnue,,
2006,2006-06-02 10:15:00,6,33,Landes de Gascogne,33019,Audenge,44.7133,-0.9533,0.5,0.5,False,Inconnue,,
2006,2006-06-02 14:21:00,6,33,Landes de Gascogne,33452,Saint-Michel-de-Rieufret,44.6273,-0.4453,1.0,1.0,False,Inconnue,,
2006,2006-06-02 23:11:00,6,33,Landes de Gascogne,33422,Saint-Jean-d'Illac,44.7973,-0.8156,0.2,0.2,False,Inconnue,,
2006,2006-06-02 23:41:00,6,33,Landes de Gascogne,33151,Donnezac,45.2397,-0.4468,0.2,0.2,False,Accidentelle,,
2006,2006-06-03 13:20:00,6,06,Alpes-Maritimes,06002,Amirat,43.8973,6.8108,0.3,0.0,False,Naturelle,,
2006,2006-06-03 13:46:00,6,06,Alpes-Maritimes,06122,Saint-Jeannet,43.7619,7.1477,2.07,0.0,False,Inconnue,,
2006,2006-06-03 17:02:00,6,33,Landes de Gascogne,33544,Le Verdon-sur-Mer,45.5481,-1.0826,0.03,0.03,False,Inconnue,,
2006,2006-06-03 18:28:00,6,40,Landes de Gascogne,40085,Commensacq,44.2082,-0.8272,0.005,0.005,False,Inconnue,,
2006,2006-06-03 18:52:00,6,33,Landes de Gascogne,33042,Belin-Béliet,44.4959,-0.7989,1.5,1.5,False,Inconnue,,
2006,2006-06-03 20:05:00,6,33,Landes de Gascogne,33097,Carcans,45.0794,-1.0404,0.001,0.001,False,Inconnue,,
2006,2006-06-04 12:45:00,6,33,Landes de Gascogne,33188,Giscos,44.2625,-0.1747,1.5,1.5,False,Inconnue,,
2006,2006-06-05 12:01:00,6,06,Alpes-Maritimes,06046,Colomars,43.757,7.2212,0.1,0.0,False,Involontaire (particulier),,
2006,2006-06-05 13:29:00,6,06,Alpes-Maritimes,06007,Auribeau-sur-Siagne,43.6105,6.9118,0.05,0.0,False,Involontaire (particulier),,
2006,2006-06-05 13:33:00,6,33,Landes de Gascogne,33519,Le Taillan-Médoc,44.9123,-0.6785,0.15,0.15,False,Inconnue,,
2006,2006-06-05 13:37:00,6,06,Alpes-Maritimes,06069,Grasse,43.656,6.937,0.005,0.0,False,Involontaire (particulier),,
2006,2006-06-05 14:02:00,6,06,Alpes-Maritimes,06079,Mandelieu-la-Napoule,43.5334,6.918,0.025,0.0,False,Involontaire (particulier),,
2006,2006-06-05 14:25:00,6,33,Landes de Gascogne,33011,Arès,44.7997,-1.0837,0.05,0.05,False,Inconnue,,
2006,2006-06-05 15:47:00,6,40,Landes de Gascogne,40021,Azur,43.7996,-1.2919,0.1,0.1,False,Inconnue,,
2006,2006-06-06 12:12:00,6,06,Alpes-Maritimes,06149,La Trinité,43.7415,7.3413,0.05,0.0,False,Inconnue,,
2006,2006-06-06 12:25:00,6,33,Landes de Gascogne,33236,Lège-Cap-Ferret,44.7452,-1.174,0.04,0.04,False,Inconnue,,
2006,2006-06-06 18:10:00,6,33,Landes de Gascogne,33530,Teuillac,45.1004,-0.5506,0.3,0.3,False,Inconnue,,
2006,2006-06-07 01:49:00,6,33,Landes de Gascogne,33422,Saint-Jean-d'Illac,44.7973,-0.8156,0.25,0.25,False,Inconnue,,
2006,2006-06-07 11:41:00,6,40,Landes de Gascogne,40210,Onesse-Laharie,44.063,-1.0224,0.1,0.1,False,Accidentelle,,
2006,2006-06-07 15:01:00,6,33,Landes de Gascogne,33529,La Teste-de-Buch,44.586,-1.1809,0.1,0.1,False,Malveillance,,
2006,2006-06-07 16:23:00,6,33,Landes de Gascogne,33501,Saucats,44.6476,-0.6377,0.06,0.06,False,Inconnue,,
2006,2006-06-07 16:23:00,6,33,Landes de Gascogne,33501,Saucats,44.6476,-0.6377,0.001,0.001,False,Inconnue,,
2006,2006-06-07 16:23:00,6,33,Landes de Gascogne,33501,Saucats,44.6476,-0.6377,0.002,0.002,False,Inconnue,,
2006,2006-06-08 10:09:00,6,06,Alpes-Maritimes,06025,Le Broc,43.8146,7.1621,0.5,0.0,False,Inconnue,,
2006,2006-06-08 10:43:00,6,33,Landes de Gascogne,33424,Saint-Laurent-Médoc,45.1402,-0.8557,6.0,6.0,False,Inconnue,,
2006,2006-06-08 12:07:00,6,06,Alpes-Maritimes,06155,Vallauris,43.5787,7.0604,0.3,0.0,False,Inconnue,,
2006,2006-06-08 13:21:00,6,06,Alpes-Maritimes,06105,Roquefort-les-Pins,43.6723,7.0565,0.03,0.0,False,Involontaire (particulier),,
2006,2006-06-08 16:21:00,6,40,Landes de Gascogne,40295,Saugnac-et-Muret,44.3893,-0.8494,3.0,2.0,False,Involontaire (travaux),,
2006,2006-06-08 17:49:00,6,33,Landes de Gascogne,33090,Canéjan,44.7572,-0.659,0.25,0.25,False,Inconnue,,
2006,2006-06-08 19:27:00,6,33,Landes de Gascogne,33318,Pessac,44.786,-0.681,0.015,0.015,False,Inconnue,,
2006,2006-06-09 13:48:00,6,06,Alpes-Maritimes,06060,Falicon,43.7533,7.266,0.05,0.0,False,Involontaire (particulier),,
2006,2006-06-09 15:06:00,6,33,Landes de Gascogne,33543,Verdelais,44.592,-0.2535,0.02,0.02,False,Inconnue,,
2006,2006-06-09 16:15:00,6,06,Alpes-Maritimes,06149,La Trinité,43.7415,7.3413,0.01,0.0,False,Malveillance,,
2006,2006-06-09 17:58:00,6,33,Landes de Gascogne,33094,Caplong,44.767,0.1507,0.02,0.02,False,Involontaire (travaux),,
2006,2006-06-10 02:10:00,6,33,Landes de Gascogne,33449,Saint-Médard-en-Jalles,44.8861,-0.7823,0.5,0.5,False,Inconnue,,
2006,2006-06-10 14:01:00,6,06,Alpes-Maritimes,06077,Lucéram,43.8997,7.3506,0.04,0.0,False,Accidentelle,,
2006,2006-06-10 15:42:00,6,40,Landes de Gascogne,40060,Callen,44.2743,-0.4688,0.2,0.1,False,Accidentelle,,
2006,2006-06-10 19:02:00,6,40,Landes de Gascogne,40123,Herm,43.8013,-1.1332,0.1,0.1,False,Involontaire (travaux),,
2006,2006-06-11 05:56:00,6,33,Landes de Gascogne,33273,Martignas-sur-Jalle,44.8451,-0.8006,0.03,0.03,False,Inconnue,,
2006,2006-06-11 14:36:00,6,33,Landes de Gascogne,33539,Vayres,44.8908,-0.326,1.1,1.0,False,Involontaire (particulier),,
2006,2006-06-11 16:42:00,6,40,Landes de Gascogne,40303,Solférino,44.1155,-0.907,7.43,7.43,False,Inconnue,,
2006,2006-06-11 17:53:00,6,40,Landes de Gascogne,40229,Pontenx-les-Forges,44.2554,-1.0914,0.0001,0.0001,False,Inconnue,,
2006,2006-06-12 20:54:00,6,33,Landes de Gascogne,33056,Blanquefort,44.9216,-0.61,0.05,0.025,False,Inconnue,,
2006,2006-06-13 07:40:00,6,40,Landes de Gascogne,40303,Solférino,44.1155,-0.907,0.5,0.5,False,Inconnue,,
2006,2006-06-13 14:17:00,6,33,Landes de Gascogne,33503,Saumos,44.9119,-1.0029,0.005,0.005,False,Involontaire (particulier),,
2006,2006-06-13 17:50:00,6,40,Landes de Gascogne,40326,Vielle-Saint-Girons,43.9429,-1.3219,18.0,18.0,False,Inconnue,,
2006,2006-06-13 18:39:00,6,33,Landes de Gascogne,33214,Lacanau,44.9879,-1.096,0.002,0.002,False,Inconnue,,
2006,2006-06-13 21:32:00,6,40,Landes de Gascogne,40184,Mimizan,44.1996,-1.2323,0.005,0.005,False,Inconnue,,
2006,2006-06-14 11:40:00,6,33,Landes de Gascogne,33297,Moulis-en-Médoc,45.0531,-0.7971,0.1,0.1,False,Inconnue,,
2006,2006-06-14 13:50:00,6,40,Landes de Gascogne,40311,Taller,43.88,-1.0621,0.05,0.05,False,Inconnue,,
2006,2006-06-14 17:01:00,6,40,Landes de Gascogne,40210,Onesse-Laharie,44.063,-1.0224,0.5,0.5,False,Inconnue,,
2006,2006-06-14 17:13:00,6,40,Landes de Gascogne,40178,Mazerolles,43.8848,-0.4334,0.055,0.055,False,Inconnue,,
2006,2006-06-14 19:27:00,6,40,Landes de Gascogne,40210,Onesse-Laharie,44.063,-1.0224,0.3,0.3,False,Accidentelle,,
2006,2006-06-14 20:24:00,6,33,Landes de Gascogne,33236,Lège-Cap-Ferret,44.7452,-1.174,0.05,0.05,False,Inconnue,,
2006,2006-06-15 14:22:00,6,33,Landes de Gascogne,33422,Saint-Jean-d'Illac,44.7973,-0.8156,0.3,0.3,False,Involontaire (travaux),,
2006,2006-06-15 17:14:00,6,40,Landes de Gascogne,40229,Pontenx-les-Forges,44.2554,-1.0914,1.52,1.52,False,Inconnue,,
2006,2006-06-15 19:50:00,6,40,Landes de Gascogne,40169,Maillas,44.212,-0.1786,0.05,0.05,False,Inconnue,,
2006,2006-06-15 20:28:00,6,33,Landes de Gascogne,33009,Arcachon,44.6515,-1.1718,0.01,0.01,False,Involontaire (particulier),,
2006,2006-06-16 01:09:00,6,40,Landes de Gascogne,40163,Lüe,44.2337,-0.9858,0.1,0.1,False,Naturelle,,
2006,2006-06-16 01:25:00,6,33,Landes de Gascogne,33529,La Teste-de-Buch,44.586,-1.1809,0.5,0.5,False,Inconnue,,
2006,2006-06-16 01:40:00,6,40,Landes de Gascogne,40135,Labrit,44.1269,-0.5557,0.2,0.2,False,Naturelle,,
2006,2006-06-16 03:58:00,6,40,Landes de Gascogne,40080,Cazères-sur-l'Adour,43.7729,-0.2777,0.025,0.025,False,Inconnue,,
2006,2006-06-16 06:17:00,6,33,Landes de Gascogne,33422,Saint-Jean-d'Illac,44.7973,-0.8156,1.5,1.5,False,Accidentelle,,
2006,2006-06-16 07:54:00,6,33,Landes de Gascogne,33374,Saint-Aubin-de-Blaye,45.2591,-0.5763,1.5,1.5,False,Inconnue,,
2006,2006-06-16 15:17:00,6,40,Landes de Gascogne,40006,Arengosse,44.0299,-0.7811,1.0,1.0,False,Naturelle,,
2006,2006-06-16 19:38:00,6,33,Landes de Gascogne,33184,Générac,45.1769,-0.5481,0.05,0.05,False,Inconnue,,
2006,2006-06-16 20:47:00,6,33,Landes de Gascogne,33374,Saint-Aubin-de-Blaye,45.2591,-0.5763,0.3,0.3,False,Involontaire (travaux),,
2006,2006-06-16 22:10:00,6,40,Landes de Gascogne,40143,Lamothe,43.7961,-0.6612,0.001,0.001,False,Naturelle,,
2006,2006-06-16 22:36:00,6,40,Landes de Gascogne,40332,Ychoux,44.3545,-0.9643,0.003,0.003,False,Naturelle,,
2006,2006-06-16 23:25:00,6,40,Landes de Gascogne,40046,Biscarrosse,44.4077,-1.1525,0.01,0.01,False,Naturelle,,
2006,2006-06-17 00:04:00,6,33,Landes de Gascogne,33529,La Teste-de-Buch,44.586,-1.1809,0.001,0.001,False,Naturelle,,
2006,2006-06-17 06:54:00,6,40,Landes de Gascogne,40210,Onesse-Laharie,44.063,-1.0224,0.0005,0.0005,False,Naturelle,,
2006,2006-06-17 09:33:00,6,40,Landes de Gascogne,40046,Biscarrosse,44.4077,-1.1525,0.001,0.001,False,Naturelle,,
2006,2006-06-17 15:02:00,6,40,Landes de Gascogne,40307,Sore,44.3073,-0.6021,1.5,1.5,False,Naturelle,,
2006,2006-06-17 15:30:00,6,33,Landes de Gascogne,33225,Landiras,44.5696,-0.4333,0.3,0.3,False,Naturelle,,
2006,2006-06-17 15:50:00,6,40,Landes de Gascogne,40157,Lit-et-Mixe,44.0273,-1.2704,1.0,1.0,False,Naturelle,,
2006,2006-06-17 16:10:00,6,33,Landes de Gascogne,33042,Belin-Béliet,44.4959,-0.7989,0.01,0.01,False,Naturelle,,
2006,2006-06-17 18:33:00,6,33,Landes de Gascogne,33498,Salles,44.536,-0.8899,0.4,0.4,False,Naturelle,,
2006,2006-06-17 19:32:00,6,33,Landes de Gascogne,33271,Marions,44.373,-0.0881,0.01,0.01,False,Naturelle,,
2006,2006-06-17 20:27:00,6,40,Landes de Gascogne,40319,Trensacq,44.232,-0.7015,0.001,0.001,False,Naturelle,,
2006,2006-06-18 03:37:00,6,33,Landes de Gascogne,33471,Saint-Sauveur,45.1964,-0.8223,0.15,0.15,False,Inconnue,,
2006,2006-06-18 13:19:00,6,06,Alpes-Maritimes,06118,Saint-Cézaire-sur-Siagne,43.6592,6.8049,0.3,0.0,False,Involontaire (particulier),,
2006,2006-06-18 16:17:00,6,40,Landes de Gascogne,40311,Taller,43.88,-1.0621,0.05,0.05,False,Naturelle,,
2006,2006-06-18 16:45:00,6,06,Alpes-Maritimes,06075,Levens,43.8501,7.2358,0.1,0.0,False,Involontaire (particulier),,
2006,2006-06-19 13:51:00,6,40,Landes de Gascogne,40107,Garrosse,,,2.3,2.3,False,Involontaire (travaux),,
2006,2006-06-19 15:32:00,6,33,Landes de Gascogne,33051,Biganos,44.6599,-0.9582,0.1,0.1,False,Inconnue,,
2006,2006-06-19 16:08:00,6,40,Landes de Gascogne,40060,Callen,44.2743,-0.4688,1.0,1.0,False,Naturelle,,
2006,2006-06-19 18:03:00,6,06,Alpes-Maritimes,06006,Aspremont,43.7772,7.2423,0.2,0.0,False,Inconnue,,
2006,2006-06-19 19:58:00,6,33,Landes de Gascogne,33376,Saint-Aubin-de-Médoc,44.9343,-0.7478,0.05,0.05,False,Naturelle,,
2006,2006-06-21 16:32:00,6,06,Alpes-Maritimes,06075,Levens,43.8501,7.2358,0.2,0.0,False,Involontaire (travaux),,
2006,2006-06-21 18:15:00,6,33,Landes de Gascogne,33199,Gujan-Mestras,44.5758,-1.0813,0.7,0.1,False,Involontaire (particulier),,
2006,2006-06-22 03:41:00,6,06,Alpes-Maritimes,06043,Coaraze,43.8693,7.3014,0.2,0.0,False,Involontaire (particulier),,
2006,2006-06-22 14:19:00,6,33,Landes de Gascogne,33229,Lanton,44.7719,-0.9799,0.15,0.15,False,Inconnue,,
2006,2006-06-22 14:32:00,6,33,Landes de Gascogne,33302,Néac,44.9434,-0.1795,0.5,0.5,False,Involontaire (travaux),,
2006,2006-06-22 18:34:00,6,33,Landes de Gascogne,33095,Captieux,44.2621,-0.2981,1.0,1.0,False,Inconnue,,
2006,2006-06-22 20:32:00,6,33,Landes de Gascogne,33333,Le Porge,44.8649,-1.1351,0.3,0.3,False,Inconnue,,
2006,2006-06-23 03:03:00,6,33,Landes de Gascogne,33214,Lacanau,44.9879,-1.096,0.1,0.1,False,Inconnue,,
2006,2006-06-23 03:07:00,6,33,Landes de Gascogne,33229,Lanton,44.7719,-0.9799,0.01,0.01,False,Inconnue,,
2006,2006-06-23 12:53:00,6,33,Landes de Gascogne,33012,Arsac,44.9869,-0.7018,0.2,0.2,False,Inconnue,,
2006,2006-06-24 03:14:00,6,33,Landes de Gascogne,33273,Martignas-sur-Jalle,44.8451,-0.8006,0.15,0.15,False,Inconnue,,
2006,2006-06-26 21:43:00,6,33,Landes de Gascogne,33199,Gujan-Mestras,44.5758,-1.0813,0.002,0.002,False,Inconnue,,
2006,2006-06-28 12:45:00,6,40,Landes de Gascogne,40167,Luxey,44.2382,-0.5061,1.0,1.0,False,Naturelle,,
2006,2006-06-28 15:13:00,6,40,Landes de Gascogne,40210,Onesse-Laharie,44.063,-1.0224,0.2,0.2,False,Inconnue,,
2006,2006-06-28 16:26:00,6,40,Landes de Gascogne,40257,Sainte-Eulalie-en-Born,44.2725,-1.2121,0.02,0.02,False,Naturelle,,
2006,2006-06-28 16:55:00,6,40,Landes de Gascogne,40085,Commensacq,44.2082,-0.8272,1.45,1.45,False,Naturelle,,
2006,2006-06-29 16:38:00,6,33,Landes de Gascogne,33498,Salles,44.536,-0.8899,0.08,0.08,False,Accidentelle,,
2006,2006-06-30 12:48:00,6,06,Alpes-Maritimes,06030,Le Cannet,43.5745,7.001,0.1,0.0,False,Inconnue,,
2006,2006-06-30 13:57:00,6,33,Landes de Gascogne,33387,Saint-Ciers-d'Abzac,45.0343,-0.2907,0.807,0.007,False,Inconnue,,
2006,2006-06-30 14:54:00,6,33,Landes de Gascogne,33374,Saint-Aubin-de-Blaye,45.2591,-0.5763,0.5,0.5,False,Inconnue,,
2006,2006-06-30 15:17:00,6,06,Alpes-Maritimes,06006,Aspremont,43.7772,7.2423,41.21,0.0,False,Inconnue,,
2006,2006-06-30 15:49:00,6,33,Landes de Gascogne,33529,La Teste-de-Buch,44.586,-1.1809,0.005,0.005,False,Inconnue,,
2006,2006-07-01 20:31:00,7,33,Landes de Gascogne,33233,Laruscade,45.1206,-0.3394,0.2,0.2,False,Accidentelle,,
2006,2006-07-01 23:26:00,7,33,Landes de Gascogne,33229,Lanton,44.7719,-0.9799,0.005,0.005,False,Accidentelle,,
2006,2006-07-02 04:24:00,7,06,Alpes-Maritimes,06069,Grasse,43.656,6.937,0.05,0.0,False,Malveillance,,
2006,2006-07-02 05:02:00,7,06,Alpes-Maritimes,06069,Grasse,43.656,6.937,0.5,0.0,False,Malveillance,,
2006,2006-07-02 22:52:00,7,06,Alpes-Maritimes,06091,Peille,43.8043,7.4088,7.56,0.9,False,Malveillance,,
2006,2006-07-02 23:29:00,7,33,Landes de Gascogne,33501,Saucats,44.6476,-0.6377,0.15,0.15,False,Naturelle,,
2006,2006-07-03 02:20:00,7,33,Landes de Gascogne,33417,Sainte-Hélène,44.9653,-0.9071,0.01,0.01,False,Naturelle,,
2006,2006-07-03 06:00:00,7,33,Landes de Gascogne,33199,Gujan-Mestras,44.5758,-1.0813,0.001,0.001,False,Naturelle,,
2006,2006-07-03 06:29:00,7,33,Landes de Gascogne,33019,Audenge,44.7133,-0.9533,0.001,0.001,False,Naturelle,,
2006,2006-07-03 09:13:00,7,33,Landes de Gascogne,33051,Biganos,44.6599,-0.9582,0.0012,0.0012,False,Naturelle,,
2006,2006-07-03 10:21:00,7,33,Landes de Gascogne,33498,Salles,44.536,-0.8899,0.001,0.001,False,Naturelle,,
2006,2006-07-03 13:36:00,7,33,Landes de Gascogne,33417,Sainte-Hélène,44.9653,-0.9071,0.005,0.005,False,Naturelle,,
2006,2006-07-03 13:42:00,7,33,Landes de Gascogne,33424,Saint-Laurent-Médoc,45.1402,-0.8557,0.3,0.3,False,Inconnue,,
2006,2006-07-03 13:45:00,7,33,Landes de Gascogne,33042,Belin-Béliet,44.4959,-0.7989,0.3,0.3,False,Naturelle,,
2006,2006-07-03 14:37:00,7,33,Landes de Gascogne,33029,Le Barp,44.6297,-0.7437,0.35,0.35,False,Naturelle,,
2006,2006-07-03 15:01:00,7,33,Landes de Gascogne,33297,Moulis-en-Médoc,45.0531,-0.7971,0.15,0.15,False,Naturelle,,
2006,2006-07-03 15:15:00,7,33,Landes de Gascogne,33417,Sainte-Hélène,44.9653,-0.9071,0.002,0.002,False,Naturelle,,
2006,2006-07-03 15:52:00,7,33,Landes de Gascogne,33454,Saint-Morillon,44.6387,-0.5232,0.1,0.1,False,Naturelle,,
2006,2006-07-03 16:02:00,7,33,Landes de Gascogne,33203,Hourtin,45.1831,-1.0534,0.2,0.2,False,Naturelle,,
2006,2006-07-03 16:05:00,7,33,Landes de Gascogne,33203,Hourtin,45.1831,-1.0534,0.3,0.3,False,Naturelle,,
2006,2006-07-03 16:14:00,7,40,Landes de Gascogne,40167,Luxey,44.2382,-0.5061,0.01,0.01,False,Naturelle,,
2006,2006-07-03 16:38:00,7,33,Landes de Gascogne,33042,Belin-Béliet,44.4959,-0.7989,0.2,0.2,False,Naturelle,,
2006,2006-07-03 16:41:00,7,40,Landes de Gascogne,40164,Retjons,44.1399,-0.2929,0.5,0.5,False,Naturelle,,
2006,2006-07-03 16:56:00,7,40,Landes de Gascogne,40320,Uchacq-et-Parentis,43.945,-0.5476,0.005,0.005,False,Naturelle,,
2006,2006-07-03 17:39:00,7,33,Landes de Gascogne,33498,Salles,44.536,-0.8899,0.005,0.005,False,Naturelle,,
2006,2006-07-03 17:42:00,7,33,Landes de Gascogne,33417,Sainte-Hélène,44.9653,-0.9071,0.15,0.15,False,Naturelle,,
2006,2006-07-03 18:22:00,7,33,Landes de Gascogne,33417,Sainte-Hélène,44.9653,-0.9071,0.02,0.02,False,Naturelle,,
2006,2006-07-03 18:23:00,7,33,Landes de Gascogne,33011,Arès,44.7997,-1.0837,0.001,0.001,False,Naturelle,,
2006,2006-07-03 19:52:00,7,33,Landes de Gascogne,33229,Lanton,44.7719,-0.9799,0.05,0.05,False,Naturelle,,
2006,2006-07-04 13:09:00,7,33,Landes de Gascogne,33333,Le Porge,44.8649,-1.1351,0.3,0.3,False,Naturelle,,
2006,2006-07-04 13:24:00,7,40,Landes de Gascogne,40197,Morcenx-la-Nouvelle,44.0318,-0.9147,0.05,0.05,False,Naturelle,,
2006,2006-07-04 13:36:00,7,40,Landes de Gascogne,40051,Bougue,43.9018,-0.4033,1.0,1.0,False,Naturelle,,
2006,2006-07-04 14:14:00,7,33,Landes de Gascogne,33417,Sainte-Hélène,44.9653,-0.9071,0.5,0.5,False,Inconnue,,
2006,2006-07-04 14:20:00,7,33,Landes de Gascogne,33042,Belin-Béliet,44.4959,-0.7989,0.001,0.001,False,Naturelle,,
2006,2006-07-04 14:30:00,7,06,Alpes-Maritimes,06103,Roquebillière,44.0282,7.2885,0.1,0.0,False,Naturelle,,
2006,2006-07-04 14:30:00,7,40,Landes de Gascogne,40167,Luxey,44.2382,-0.5061,2.0,1.25,False,Naturelle,,
2006,2006-07-04 20:00:00,7,40,Landes de Gascogne,40227,Pissos,44.3012,-0.7906,0.0005,0.0005,False,Accidentelle,,
2006,2006-07-05 13:35:00,7,33,Landes de Gascogne,33019,Audenge,44.7133,-0.9533,0.02,0.02,False,Naturelle,,
2006,2006-07-05 13:44:00,7,33,Landes de Gascogne,33051,Biganos,44.6599,-0.9582,0.02,0.02,False,Naturelle,,
2006,2006-07-05 14:14:00,7,33,Landes de Gascogne,33449,Saint-Médard-en-Jalles,44.8861,-0.7823,0.15,0.15,False,Naturelle,,
2006,2006-07-05 14:19:00,7,33,Landes de Gascogne,33529,La Teste-de-Buch,44.586,-1.1809,0.02,0.02,False,Naturelle,,
2006,2006-07-05 15:16:00,7,33,Landes de Gascogne,33122,Cestas,44.7274,-0.7349,0.3,0.3,False,Naturelle,,
2006,2006-07-06 01:14:00,7,06,Alpes-Maritimes,06011,Beaulieu-sur-Mer,43.7081,7.3324,0.15,0.0,False,Involontaire (particulier),,
2006,2006-07-06 17:49:00,7,06,Alpes-Maritimes,06106,Roquestéron,43.8696,7.0232,0.025,0.0,False,Naturelle,,
2006,2006-07-07 15:47:00,7,40,Landes de Gascogne,40326,Vielle-Saint-Girons,43.9429,-1.3219,0.5,0.5,False,Inconnue,,
2006,2006-07-08 13:41:00,7,33,Landes de Gascogne,33529,La Teste-de-Buch,44.586,-1.1809,0.03,0.03,False,Naturelle,,
2006,2006-07-08 14:25:00,7,33,Landes de Gascogne,33284,Mios,44.6105,-0.8913,0.6,0.6,False,Naturelle,,
2006,2006-07-08 15:28:00,7,33,Landes de Gascogne,33527,Le Teich,44.5805,-1.0234,0.3,0.3,False,Naturelle,,
2006,2006-07-08 17:42:00,7,33,Landes de Gascogne,33449,Saint-Médard-en-Jalles,44.8861,-0.7823,0.05,0.05,False,Naturelle,,
2006,2006-07-08 17:46:00,7,40,Landes de Gascogne,40150,Léon,43.8474,-1.2768,0.02,0.02,False,Inconnue,,
2006,2006-07-09 01:48:00,7,33,Landes de Gascogne,33266,Marcenais,45.0629,-0.3424,0.2,0.2,False,Inconnue,,
2006,2006-07-09 13:40:00,7,33,Landes de Gascogne,33318,Pessac,44.786,-0.681,0.001,0.001,False,Inconnue,,
2006,2006-07-09 15:56:00,7,33,Landes de Gascogne,33318,Pessac,44.786,-0.681,0.005,0.005,False,Malveillance,,
2006,2006-07-10 12:18:00,7,06,Alpes-Maritimes,06088,Nice,43.7032,7.2528,0.25,0.0,False,Inconnue,,
2006,2006-07-10 18:08:00,7,06,Alpes-Maritimes,06079,Mandelieu-la-Napoule,43.5334,6.918,0.15,0.0,False,Involontaire (particulier),,
2006,2006-07-11 14:16:00,7,33,Landes de Gascogne,33051,Biganos,44.6599,-0.9582,0.1,0.1,False,Inconnue,,
2006,2006-07-11 16:57:00,7,33,Landes de Gascogne,33521,Talais,45.499,-1.0353,0.001,0.001,False,Inconnue,,
2006,2006-07-11 17:29:00,7,33,Landes de Gascogne,33051,Biganos,44.6599,-0.9582,0.12,0.12,False,Inconnue,,
2006,2006-07-11 17:29:00,7,33,Landes de Gascogne,33051,Biganos,44.6599,-0.9582,0.02,0.02,False,Inconnue,,
2006,2006-07-12 12:20:00,7,33,Landes de Gascogne,33297,Moulis-en-Médoc,45.0531,-0.7971,0.15,0.15,False,Inconnue,,
2006,2006-07-12 14:05:00,7,33,Landes de Gascogne,33448,Saint-Médard-d'Eyrans,44.714,-0.5125,0.05,0.05,False,Inconnue,,
2006,2006-07-13 12:26:00,7,33,Landes de Gascogne,33382,Saint-Christoly-de-Blaye,45.1499,-0.4967,1.0,1.0,False,Malveillance,,
2006,2006-07-13 13:36:00,7,40,Landes de Gascogne,40311,Taller,43.88,-1.0621,0.8,0.8,False,Inconnue,,
2006,2006-07-13 13:40:00,7,06,Alpes-Maritimes,06048,Contes,43.8133,7.3263,0.01,0.0,False,Involontaire (travaux),,
2006,2006-07-13 16:10:00,7,06,Alpes-Maritimes,06074,Lantosque,43.9787,7.3121,0.003,0.0,False,Naturelle,,
2006,2006-07-13 18:37:00,7,06,Alpes-Maritimes,06161,Villeneuve-Loubet,43.647,7.0984,0.03,0.0,False,Involontaire (particulier),,
2006,2006-07-13 19:19:00,7,40,Landes de Gascogne,40229,Pontenx-les-Forges,44.2554,-1.0914,0.07,0.07,False,Inconnue,,
2006,2006-07-14 03:04:00,7,33,Landes de Gascogne,33471,Saint-Sauveur,45.1964,-0.8223,0.1,0.1,False,Inconnue,,
2006,2006-07-14 03:05:00,7,06,Alpes-Maritimes,06065,La Gaude,43.7177,7.1605,0.05,0.0,False,Inconnue,,
2006,2006-07-14 09:05:00,7,33,Landes de Gascogne,33109,Castres-Gironde,44.6866,-0.4566,2.0,2.0,False,Inconnue,,
2006,2006-07-14 17:36:00,7,33,Landes de Gascogne,33521,Talais,45.499,-1.0353,0.02,0.02,False,Inconnue,,
2006,2006-07-15 00:27:00,7,33,Landes de Gascogne,33494,Salaunes,44.9281,-0.8502,0.03,0.03,False,Accidentelle,,
2006,2006-07-15 11:10:00,7,33,Landes de Gascogne,33362,Sablons,45.0233,-0.1822,0.02,0.02,False,Inconnue,,
2006,2006-07-15 14:44:00,7,40,Landes de Gascogne,40287,Sanguinet,44.4776,-1.0903,0.002,0.002,False,Involontaire (particulier),,
2006,2006-07-15 16:11:00,7,40,Landes de Gascogne,40257,Sainte-Eulalie-en-Born,44.2725,-1.2121,0.005,0.005,False,Inconnue,,
2006,2006-07-15 18:56:00,7,33,Landes de Gascogne,33528,Le Temple,44.8662,-0.9609,0.2,0.2,False,Naturelle,,
2006,2006-07-15 19:10:00,7,06,Alpes-Maritimes,06077,Lucéram,43.8997,7.3506,0.005,0.0,False,Naturelle,,
2006,2006-07-15 19:20:00,7,33,Landes de Gascogne,33498,Salles,44.536,-0.8899,0.6,0.6,False,Naturelle,,
2006,2006-07-15 19:22:00,7,33,Landes de Gascogne,33019,Audenge,44.7133,-0.9533,0.8,0.8,False,Naturelle,,
2006,2006-07-15 19:24:00,7,40,Landes de Gascogne,40123,Herm,43.8013,-1.1332,0.7,0.7,False,Naturelle,,
2006,2006-07-15 19:33:00,7,06,Alpes-Maritimes,06033,Carros,43.785,7.1798,0.02,0.0,False,Involontaire (particulier),,
2006,2006-07-15 19:39:00,7,33,Landes de Gascogne,33417,Sainte-Hélène,44.9653,-0.9071,0.15,0.15,False,Naturelle,,
2006,2006-07-15 20:10:00,7,40,Landes de Gascogne,40123,Herm,43.8013,-1.1332,2.5,2.5,False,Naturelle,,
2006,2006-07-15 20:29:00,7,40,Landes de Gascogne,40210,Onesse-Laharie,44.063,-1.0224,0.2,0.2,False,Naturelle,,
2006,2006-07-15 20:57:00,7,33,Landes de Gascogne,33333,Le Porge,44.8649,-1.1351,0.005,0.005,False,Naturelle,,
2006,2006-07-16 09:15:00,7,40,Landes de Gascogne,40170,Maillères,44.0217,-0.4432,0.005,0.005,False,Naturelle,,
2006,2006-07-16 14:00:00,7,33,Landes de Gascogne,33528,Le Temple,44.8662,-0.9609,0.002,0.002,False,Naturelle,,
2006,2006-07-16 14:30:00,7,40,Landes de Gascogne,40155,Linxe,43.9287,-1.2195,0.2,0.2,False,Naturelle,,
2006,2006-07-16 14:47:00,7,40,Landes de Gascogne,40170,Maillères,44.0217,-0.4432,0.03,0.03,False,Naturelle,,
2006,2006-07-16 15:04:00,7,33,Landes de Gascogne,33229,Lanton,44.7719,-0.9799,0.3,0.3,False,Naturelle,,
2006,2006-07-16 15:42:00,7,40,Landes de Gascogne,40046,Biscarrosse,44.4077,-1.1525,0.01,0.01,False,Naturelle,,
2006,2006-07-16 16:16:00,7,40,Landes de Gascogne,40163,Lüe,44.2337,-0.9858,0.2,0.2,False,Naturelle,,
2006,2006-07-16 16:55:00,7,40,Landes de Gascogne,40246,Sabres,44.1532,-0.7332,0.0002,0.0002,False,Naturelle,,
2006,2006-07-16 17:21:00,7,40,Landes de Gascogne,40227,Pissos,44.3012,-0.7906,0.2,0.2,False,Naturelle,,
2006,2006-07-16 17:29:00,7,40,Landes de Gascogne,40094,Escource,44.1639,-1.0361,0.003,0.003,False,Naturelle,,
2006,2006-07-16 17:51:00,7,40,Landes de Gascogne,40182,Mézos,44.0848,-1.141,0.001,0.001,False,Naturelle,,
2006,2006-07-16 17:53:00,7,33,Landes de Gascogne,33233,Laruscade,45.1206,-0.3394,0.07,0.07,False,Naturelle,,
2006,2006-07-16 18:00:00,7,40,Landes de Gascogne,40246,Sabres,44.1532,-0.7332,0.1,0.1,False,Naturelle,,
2006,2006-07-16 18:18:00,7,40,Landes de Gascogne,40142,Laluque,43.8533,-0.9816,0.5,0.5,False,Naturelle,,
2006,2006-07-16 18:41:00,7,33,Landes de Gascogne,33447,Saint-Médard-de-Guizières,45.0111,-0.0729,0.2,0.2,False,Naturelle,,
2006,2006-07-16 21:37:00,7,33,Landes de Gascogne,33374,Saint-Aubin-de-Blaye,45.2591,-0.5763,0.001,0.001,False,Naturelle,,
2006,2006-07-16 22:49:00,7,33,Landes de Gascogne,33385,Saint-Christophe-de-Double,45.0838,0.0233,0.01,0.01,False,Inconnue,,
2006,2006-07-16 22:49:00,7,33,Landes de Gascogne,33154,Les Églisottes-et-Chalaures,45.0946,-0.0389,3.5,3.5,False,Inconnue,,
2006,2006-07-16 22:49:00,7,33,Landes de Gascogne,33385,Saint-Christophe-de-Double,45.0838,0.0233,0.6,0.6,False,Inconnue,,
2006,2006-07-17 01:55:00,7,40,Landes de Gascogne,40257,Sainte-Eulalie-en-Born,44.2725,-1.2121,0.001,0.001,False,Inconnue,,
2006,2006-07-17 12:36:00,7,33,Landes de Gascogne,33417,Sainte-Hélène,44.9653,-0.9071,0.005,0.005,False,Naturelle,,
2006,2006-07-17 12:47:00,7,06,Alpes-Maritimes,06136,Sospel,43.8872,7.4493,0.01,0.0,False,Naturelle,,
2006,2006-07-17 13:30:00,7,33,Landes de Gascogne,33284,Mios,44.6105,-0.8913,0.3,0.3,False,Naturelle,,
2006,2006-07-17 15:26:00,7,33,Landes de Gascogne,33051,Biganos,44.6599,-0.9582,0.02,0.02,False,Inconnue,,
2006,2006-07-17 15:29:00,7,40,Landes de Gascogne,40151,Lesgor,43.8592,-0.9089,6.6,6.0,False,Naturelle,,
2006,2006-07-17 15:31:00,7,33,Landes de Gascogne,33529,La Teste-de-Buch,44.586,-1.1809,0.02,0.02,False,Inconnue,,
2006,2006-07-17 16:30:00,7,40,Landes de Gascogne,40287,Sanguinet,44.4776,-1.0903,1.82,1.82,False,Naturelle,,
2006,2006-07-17 16:30:00,7,40,Landes de Gascogne,40287,Sanguinet,44.4776,-1.0903,0.6,0.6,False,Naturelle,,
2006,2006-07-17 17:13:00,7,40,Landes de Gascogne,40310,Soustons,43.754,-1.3305,0.2,0.2,False,Naturelle,,
2006,2006-07-17 17:59:00,7,33,Landes de Gascogne,33379,Saint-Brice,44.694,-0.1385,0.005,0.005,False,Inconnue,,
2006,2006-07-17 18:18:00,7,40,Landes de Gascogne,40243,Rion-des-Landes,43.9318,-0.9436,5.3,5.3,False,Inconnue,,
2006,2006-07-17 18:20:00,7,40,Landes de Gascogne,40210,Onesse-Laharie,44.063,-1.0224,5.9,5.9,False,Inconnue,,
2006,2006-07-17 20:05:00,7,33,Landes de Gascogne,33318,Pessac,44.786,-0.681,0.5,0.5,False,Inconnue,,
2006,2006-07-18 01:06:00,7,33,Landes de Gascogne,33471,Saint-Sauveur,45.1964,-0.8223,0.2,0.2,False,Inconnue,,
2006,2006-07-18 13:39:00,7,33,Landes de Gascogne,33229,Lanton,44.7719,-0.9799,1.5,1.5,False,Accidentelle,,
2006,2006-07-18 19:34:00,7,06,Alpes-Maritimes,06151,Utelle,43.9392,7.2458,0.2,0.0,False,Naturelle,,
2006,2006-07-19 00:06:00,7,40,Landes de Gascogne,40157,Lit-et-Mixe,44.0273,-1.2704,0.6,0.6,False,Naturelle,,
2006,2006-07-19 01:56:00,7,40,Landes de Gascogne,40295,Saugnac-et-Muret,44.3893,-0.8494,1.1,1.1,False,Naturelle,,
2006,2006-07-19 02:00:00,7,40,Landes de Gascogne,40114,Gourbera,43.8068,-1.0422,2.0,2.0,False,Naturelle,,
2006,2006-07-19 04:35:00,7,33,Landes de Gascogne,33300,Naujac-sur-Mer,45.2596,-1.0643,4.0,2.0,False,Inconnue,,
2006,2006-07-19 14:36:00,7,33,Landes de Gascogne,33168,Flaujagues,44.8334,0.0264,0.01,0.01,False,Inconnue,,
2006,2006-07-19 15:12:00,7,40,Landes de Gascogne,40288,Sarbazan,44.0125,-0.3202,0.01,0.01,False,Naturelle,,
2006,2006-07-19 15:18:00,7,40,Landes de Gascogne,40262,Saint-Gor,44.0752,-0.2367,0.005,0.005,False,Naturelle,,
2006,2006-07-19 15:50:00,7,33,Landes de Gascogne,33095,Captieux,44.2621,-0.2981,0.005,0.005,False,Naturelle,,
2006,2006-07-19 16:55:00,7,33,Landes de Gascogne,33374,Saint-Aubin-de-Blaye,45.2591,-0.5763,0.003,0.003,False,Naturelle,,
2006,2006-07-19 17:13:00,7,40,Landes de Gascogne,40279,Saint-Paul-lès-Dax,43.7485,-1.0941,0.008,0.008,False,Naturelle,,
2006,2006-07-19 18:04:00,7,33,Landes de Gascogne,33214,Lacanau,44.9879,-1.096,0.1,0.025,False,Involontaire (travaux),,
2006,2006-07-19 18:13:00,7,40,Landes de Gascogne,40014,Arue,44.051,-0.3607,0.0002,0.0002,False,Naturelle,,
2006,2006-07-19 21:58:00,7,33,Landes de Gascogne,33544,Le Verdon-sur-Mer,45.5481,-1.0826,0.02,0.01,False,Inconnue,,
2006,2006-07-19 23:36:00,7,33,Landes de Gascogne,33314,Pauillac,45.1983,-0.755,0.05,0.05,False,Inconnue,,
2006,2006-07-20 07:04:00,7,33,Landes de Gascogne,33307,Noaillan,44.4812,-0.3698,0.4,0.4,False,Naturelle,,
2006,2006-07-20 09:46:00,7,33,Landes de Gascogne,33300,Naujac-sur-Mer,45.2596,-1.0643,0.02,0.02,False,Involontaire (travaux),,
2006,2006-07-20 12:29:00,7,33,Landes de Gascogne,33457,Saint-Pardon-de-Conques,44.5501,-0.1898,0.001,0.001,False,Naturelle,,
2006,2006-07-20 13:16:00,7,33,Landes de Gascogne,33422,Saint-Jean-d'Illac,44.7973,-0.8156,0.02,0.02,False,Inconnue,,
2006,2006-07-20 13:48:00,7,40,Landes de Gascogne,40246,Sabres,44.1532,-0.7332,0.4,0.4,False,Naturelle,,
2006,2006-07-20 13:50:00,7,40,Landes de Gascogne,40297,Le Sen,44.139,-0.5067,0.05,0.05,False,Naturelle,,
2006,2006-07-20 15:24:00,7,33,Landes de Gascogne,33229,Lanton,44.7719,-0.9799,1.0,1.0,False,Inconnue,,
2006,2006-07-20 17:54:00,7,06,Alpes-Maritimes,06151,Utelle,43.9392,7.2458,0.5,0.0,False,Naturelle,,
2006,2006-07-21 02:10:00,7,06,Alpes-Maritimes,06075,Levens,43.8501,7.2358,0.05,0.0,False,Involontaire (travaux),,
2006,2006-07-21 07:27:00,7,06,Alpes-Maritimes,06110,Roubion,44.1121,7.0233,0.008,0.0,False,Naturelle,,
2006,2006-07-21 09:20:00,7,33,Landes de Gascogne,33122,Cestas,44.7274,-0.7349,0.001,0.001,False,Naturelle,,
2006,2006-07-21 12:45:00,7,06,Alpes-Maritimes,06090,Pégomas,43.5886,6.9213,0.01,0.0,False,Accidentelle,,
2006,2006-07-21 16:01:00,7,33,Landes de Gascogne,33540,Vendays-Montalivet,45.3378,-1.0953,0.15,0.15,False,Inconnue,,
2006,2006-07-21 16:32:00,7,33,Landes de Gascogne,33322,Le Pian-Médoc,44.9555,-0.6737,0.02,0.02,False,Naturelle,,
2006,2006-07-21 16:59:00,7,40,Landes de Gascogne,40310,Soustons,43.754,-1.3305,1.5,1.0,False,Inconnue,,
2006,2006-07-21 17:30:00,7,06,Alpes-Maritimes,06074,Lantosque,43.9787,7.3121,0.01,0.0,False,Naturelle,,
2006,2006-07-21 20:45:00,7,33,Landes de Gascogne,33540,Vendays-Montalivet,45.3378,-1.0953,0.15,0.15,False,Inconnue,,
2006,2006-07-21 21:51:00,7,33,Landes de Gascogne,33292,Montignac,44.7154,-0.2142,0.001,0.001,False,Naturelle,,
2006,2006-07-22 07:30:00,7,33,Landes de Gascogne,33248,Listrac-Médoc,45.0699,-0.827,0.1,0.1,False,Inconnue,,
2006,2006-07-22 07:34:00,7,33,Landes de Gascogne,33155,Escaudes,44.3174,-0.2043,0.001,0.001,False,Naturelle,,
2006,2006-07-22 10:03:00,7,33,Landes de Gascogne,33095,Captieux,44.2621,-0.2981,1.5,1.5,False,Naturelle,,
2006,2006-07-22 14:10:00,7,33,Landes de Gascogne,33097,Carcans,45.0794,-1.0404,0.02,0.02,False,Naturelle,,
2006,2006-07-22 14:43:00,7,40,Landes de Gascogne,40149,Lencouacq,44.1482,-0.3856,5.0,4.0,False,Naturelle,,
2006,2006-07-22 14:58:00,7,33,Landes de Gascogne,33422,Saint-Jean-d'Illac,44.7973,-0.8156,0.03,0.03,False,Naturelle,,
2006,2006-07-22 15:42:00,7,33,Landes de Gascogne,33070,Brach,45.0409,-0.9468,0.2,0.2,False,Naturelle,,
2006,2006-07-22 15:58:00,7,33,Landes de Gascogne,33300,Naujac-sur-Mer,45.2596,-1.0643,0.005,0.005,False,Naturelle,,
2006,2006-07-22 16:27:00,7,06,Alpes-Maritimes,06027,Cagnes-sur-Mer,43.6712,7.1502,0.04,0.0,False,Inconnue,,
2006,2006-07-22 16:59:00,7,33,Landes de Gascogne,33300,Naujac-sur-Mer,45.2596,-1.0643,0.1,0.1,False,Naturelle,,
2006,2006-07-22 20:56:00,7,06,Alpes-Maritimes,06043,Coaraze,43.8693,7.3014,0.005,0.0,False,Naturelle,,
2006,2006-07-23 10:10:00,7,06,Alpes-Maritimes,06085,Mougins,43.5931,7.0046,0.003,0.0,False,Inconnue,,
2006,2006-07-23 10:52:00,7,33,Landes de Gascogne,33307,Noaillan,44.4812,-0.3698,1.0,1.0,False,Naturelle,,
2006,2006-07-23 12:15:00,7,33,Landes de Gascogne,33214,Lacanau,44.9879,-1.096,0.005,0.005,False,Inconnue,,
2006,2006-07-23 12:48:00,7,06,Alpes-Maritimes,06055,Duranus,43.8954,7.2796,0.002,0.0,False,Naturelle,,
2006,2006-07-23 14:03:00,7,33,Landes de Gascogne,33422,Saint-Jean-d'Illac,44.7973,-0.8156,0.08,0.08,False,Inconnue,,
2006,2006-07-23 17:36:00,7,06,Alpes-Maritimes,06074,Lantosque,43.9787,7.3121,0.005,0.0,False,Naturelle,,
2006,2006-07-23 17:38:00,7,33,Landes de Gascogne,33177,Gaillan-en-Médoc,45.3135,-0.9946,0.4,0.4,False,Naturelle,,
2006,2006-07-24 14:46:00,7,40,Landes de Gascogne,40307,Sore,44.3073,-0.6021,0.2,0.2,False,Inconnue,,
2006,2006-07-24 15:05:00,7,33,Landes de Gascogne,33264,Maransin,45.0748,-0.26,0.4,0.4,False,Inconnue,,
2006,2006-07-24 16:49:00,7,33,Landes de Gascogne,33476,Saint-Seurin-de-Cadourne,45.2935,-0.7877,1.0,1.0,False,Involontaire (particulier),,
2006,2006-07-24 17:34:00,7,06,Alpes-Maritimes,06122,Saint-Jeannet,43.7619,7.1477,0.1,0.0,False,Involontaire (particulier),,
2006,2006-07-24 18:04:00,7,06,Alpes-Maritimes,06082,Massoins,43.9552,7.1305,0.05,0.0,False,Naturelle,,
2006,2006-07-24 21:33:00,7,40,Landes de Gascogne,40075,Castets,43.8806,-1.1487,0.05,0.05,False,Inconnue,,
2006,2006-07-25 03:28:00,7,33,Landes de Gascogne,33007,Arbanats,44.6679,-0.4025,0.3,0.3,False,Accidentelle,,
2006,2006-07-25 12:21:00,7,33,Landes de Gascogne,33229,Lanton,44.7719,-0.9799,0.1,0.1,False,Inconnue,,
2006,2006-07-25 12:29:00,7,33,Landes de Gascogne,33417,Sainte-Hélène,44.9653,-0.9071,0.1,0.1,False,Naturelle,,
2006,2006-07-25 13:02:00,7,06,Alpes-Maritimes,06116,Saint-Auban,43.8319,6.7367,0.02,0.0,False,Naturelle,,
2006,2006-07-25 13:30:00,7,33,Landes de Gascogne,33540,Vendays-Montalivet,45.3378,-1.0953,0.001,0.001,False,Inconnue,,
2006,2006-07-25 14:25:00,7,06,Alpes-Maritimes,06086,Moulinet,43.9503,7.4128,0.015,0.0,False,Naturelle,,
2006,2006-07-25 15:20:00,7,33,Landes de Gascogne,33318,Pessac,44.786,-0.681,0.1,0.1,False,Inconnue,,
2006,2006-07-25 16:27:00,7,40,Landes de Gascogne,40168,Magescq,43.7753,-1.1841,11.28,11.28,False,Inconnue,,
2006,2006-07-25 17:00:00,7,06,Alpes-Maritimes,06145,Tourette-du-Château,43.8812,7.1365,0.03,0.0,False,Naturelle,,
2006,2006-07-25 17:01:00,7,33,Landes de Gascogne,33397,Sainte-Eulalie,44.9027,-0.48,0.1,0.1,False,Involontaire (travaux),,
2006,2006-07-25 17:28:00,7,33,Landes de Gascogne,33318,Pessac,44.786,-0.681,0.001,0.001,False,Inconnue,,
2006,2006-07-25 18:22:00,7,33,Landes de Gascogne,33188,Giscos,44.2625,-0.1747,0.1,0.1,False,Involontaire (travaux),,
2006,2006-07-26 10:58:00,7,33,Landes de Gascogne,33529,La Teste-de-Buch,44.586,-1.1809,0.06,0.06,False,Accidentelle,,
2006,2006-07-26 12:50:00,7,40,Landes de Gascogne,40246,Sabres,44.1532,-0.7332,1.219,1.219,False,Naturelle,,
2006,2006-07-26 13:15:00,7,40,Landes de Gascogne,40319,Trensacq,44.232,-0.7015,0.3,0.3,False,Naturelle,,
2006,2006-07-26 16:45:00,7,06,Alpes-Maritimes,06100,Revest-les-Roches,43.8823,7.1693,28.15,27.25,False,Naturelle,,
2006,2006-07-26 18:39:00,7,06,Alpes-Maritimes,06061,Les Ferres,43.8424,7.0966,0.01,0.0,False,Naturelle,,
2006,2006-07-26 19:40:00,7,40,Landes de Gascogne,40006,Arengosse,44.0299,-0.7811,0.5,0.5,False,Naturelle,,
2006,2006-07-26 21:15:00,7,40,Landes de Gascogne,40157,Lit-et-Mixe,44.0273,-1.2704,0.0005,0.0005,False,Naturelle,,
2006,2006-07-26 21:48:00,7,40,Landes de Gascogne,40217,Parentis-en-Born,44.3527,-1.0879,0.0002,0.0002,False,Naturelle,,
2006,2006-07-26 22:03:00,7,33,Landes de Gascogne,33214,Lacanau,44.9879,-1.096,0.1,0.1,False,Naturelle,,
2006,2006-07-26 22:04:00,7,33,Landes de Gascogne,33284,Mios,44.6105,-0.8913,0.1,0.1,False,Naturelle,,
2006,2006-07-26 22:14:00,7,40,Landes de Gascogne,40217,Parentis-en-Born,44.3527,-1.0879,0.001,0.001,False,Naturelle,,
2006,2006-07-26 22:31:00,7,33,Landes de Gascogne,33214,Lacanau,44.9879,-1.096,0.8,0.8,False,Naturelle,,
2006,2006-07-26 22:32:00,7,33,Landes de Gascogne,33498,Salles,44.536,-0.8899,0.001,0.001,False,Naturelle,,
2006,2006-07-26 22:35:00,7,33,Landes de Gascogne,33333,Le Porge,44.8649,-1.1351,0.5,0.5,False,Naturelle,,
2006,2006-07-26 22:38:00,7,33,Landes de Gascogne,33333,Le Porge,44.8649,-1.1351,0.35,0.35,False,Naturelle,,
2006,2006-07-26 23:01:00,7,33,Landes de Gascogne,33501,Saucats,44.6476,-0.6377,0.02,0.02,False,Naturelle,,
2006,2006-07-26 23:02:00,7,33,Landes de Gascogne,33248,Listrac-Médoc,45.0699,-0.827,0.5,0.5,False,Inconnue,,
2006,2006-07-26 23:10:00,7,33,Landes de Gascogne,33498,Salles,44.536,-0.8899,0.02,0.02,False,Naturelle,,
2006,2006-07-26 23:14:00,7,33,Landes de Gascogne,33070,Brach,45.0409,-0.9468,0.4,0.4,False,Naturelle,,
2006,2006-07-26 23:24:00,7,33,Landes de Gascogne,33205,Illats,44.6087,-0.3797,0.03,0.03,False,Naturelle,,
2006,2006-07-26 23:35:00,7,33,Landes de Gascogne,33281,Mérignac,44.8313,-0.682,0.2,0.2,False,Naturelle,,
2006,2006-07-26 23:40:00,7,33,Landes de Gascogne,33104,Castelnau-de-Médoc,45.0033,-0.8162,0.3,0.3,False,Naturelle,,
2006,2006-07-27 00:05:00,7,33,Landes de Gascogne,33122,Cestas,44.7274,-0.7349,0.5,0.5,False,Naturelle,,
2006,2006-07-27 02:52:00,7,33,Landes de Gascogne,33501,Saucats,44.6476,-0.6377,0.05,0.05,False,Naturelle,,
2006,2006-07-27 04:42:00,7,33,Landes de Gascogne,33260,Lugos,44.4782,-0.9241,0.2,0.2,False,Naturelle,,
2006,2006-07-27 06:27:00,7,40,Landes de Gascogne,40283,Saint-Vincent-de-Paul,43.7726,-0.9965,0.01,0.01,False,Naturelle,,
2006,2006-07-27 06:51:00,7,33,Landes de Gascogne,33214,Lacanau,44.9879,-1.096,0.01,0.01,False,Naturelle,,
2006,2006-07-27 07:39:00,7,33,Landes de Gascogne,33555,Marcheprime,44.7033,-0.8557,0.5,0.5,False,Naturelle,,
2006,2006-07-27 07:39:00,7,06,Alpes-Maritimes,06074,Lantosque,43.9787,7.3121,0.003,0.0,False,Naturelle,,
2006,2006-07-27 07:59:00,7,33,Landes de Gascogne,33424,Saint-Laurent-Médoc,45.1402,-0.8557,0.001,0.001,False,Naturelle,,
2006,2006-07-27 08:14:00,7,33,Landes de Gascogne,33097,Carcans,45.0794,-1.0404,0.001,0.001,False,Naturelle,,
2006,2006-07-27 09:27:00,7,40,Landes de Gascogne,40311,Taller,43.88,-1.0621,0.001,0.001,False,Naturelle,,
2006,2006-07-27 09:29:00,7,33,Landes de Gascogne,33214,Lacanau,44.9879,-1.096,1.0,1.0,False,Naturelle,,
2006,2006-07-27 09:29:00,7,40,Landes de Gascogne,40217,Parentis-en-Born,44.3527,-1.0879,0.002,0.002,False,Naturelle,,
2006,2006-07-27 09:35:00,7,33,Landes de Gascogne,33229,Lanton,44.7719,-0.9799,0.3,0.3,False,Naturelle,,
2006,2006-07-27 09:52:00,7,40,Landes de Gascogne,40315,Téthieu,43.7476,-0.9597,0.015,0.015,False,Naturelle,,
2006,2006-07-27 10:36:00,7,40,Landes de Gascogne,40227,Pissos,44.3012,-0.7906,0.01,0.01,False,Naturelle,,
2006,2006-07-27 10:39:00,7,40,Landes de Gascogne,40326,Vielle-Saint-Girons,43.9429,-1.3219,0.04,0.04,False,Naturelle,,
2006,2006-07-27 10:49:00,7,40,Landes de Gascogne,40167,Luxey,44.2382,-0.5061,0.001,0.001,False,Naturelle,,
2006,2006-07-27 11:00:00,7,06,Alpes-Maritimes,06130,Saint-Vallier-de-Thiey,43.6994,6.8516,0.05,0.0,False,Malveillance,,
2006,2006-07-27 11:03:00,7,40,Landes de Gascogne,40295,Saugnac-et-Muret,44.3893,-0.8494,0.002,0.002,False,Naturelle,,
2006,2006-07-27 11:26:00,7,40,Landes de Gascogne,40217,Parentis-en-Born,44.3527,-1.0879,0.001,0.001,False,Naturelle,,
2006,2006-07-27 12:57:00,7,33,Landes de Gascogne,33498,Salles,44.536,-0.8899,0.2,0.2,False,Naturelle,,
2006,2006-07-27 13:27:00,7,33,Landes de Gascogne,33501,Saucats,44.6476,-0.6377,0.3,0.3,False,Naturelle,,
2006,2006-07-27 13:27:00,7,33,Landes de Gascogne,33501,Saucats,44.6476,-0.6377,0.8,0.8,False,Naturelle,,
2006,2006-07-27 13:27:00,7,33,Landes de Gascogne,33501,Saucats,44.6476,-0.6377,0.2,0.2,False,Naturelle,,
2006,2006-07-27 13:27:00,7,33,Landes de Gascogne,33501,Saucats,44.6476,-0.6377,0.6,0.6,False,Naturelle,,
2006,2006-07-27 13:27:00,7,33,Landes de Gascogne,33501,Saucats,44.6476,-0.6377,0.2,0.2,False,Naturelle,,
2006,2006-07-27 13:33:00,7,33,Landes de Gascogne,33422,Saint-Jean-d'Illac,44.7973,-0.8156,0.001,0.001,False,Naturelle,,
2006,2006-07-27 13:43:00,7,40,Landes de Gascogne,40184,Mimizan,44.1996,-1.2323,0.6,0.6,False,Naturelle,,
2006,2006-07-27 13:47:00,7,40,Landes de Gascogne,40217,Parentis-en-Born,44.3527,-1.0879,0.001,0.001,False,Naturelle,,
2006,2006-07-27 13:58:00,7,40,Landes de Gascogne,40243,Rion-des-Landes,43.9318,-0.9436,0.2,0.2,False,Naturelle,,
2006,2006-07-27 14:08:00,7,33,Landes de Gascogne,33225,Landiras,44.5696,-0.4333,0.05,0.05,False,Naturelle,,
2006,2006-07-27 14:20:00,7,33,Landes de Gascogne,33042,Belin-Béliet,44.4959,-0.7989,0.15,0.15,False,Naturelle,,
2006,2006-07-27 14:21:00,7,40,Landes de Gascogne,40094,Escource,44.1639,-1.0361,0.5,0.5,False,Naturelle,,
2006,2006-07-27 14:25:00,7,40,Landes de Gascogne,40114,Gourbera,43.8068,-1.0422,0.07,0.07,False,Naturelle,,
2006,2006-07-27 14:35:00,7,40,Landes de Gascogne,40307,Sore,44.3073,-0.6021,0.1,0.1,False,Naturelle,,
2006,2006-07-27 14:37:00,7,33,Landes de Gascogne,33115,Cazalis,44.3304,-0.3875,0.03,0.03,False,Naturelle,,
2006,2006-07-27 14:38:00,7,33,Landes de Gascogne,33203,Hourtin,45.1831,-1.0534,0.01,0.01,False,Naturelle,,
2006,2006-07-27 14:55:00,7,40,Landes de Gascogne,40217,Parentis-en-Born,44.3527,-1.0879,3.0,3.0,False,Naturelle,,
2006,2006-07-27 15:10:00,7,33,Landes de Gascogne,33417,Sainte-Hélène,44.9653,-0.9071,0.1,0.1,False,Naturelle,,
2006,2006-07-27 15:11:00,7,33,Landes de Gascogne,33042,Belin-Béliet,44.4959,-0.7989,0.02,0.02,False,Naturelle,,
2006,2006-07-27 15:15:00,7,40,Landes de Gascogne,40094,Escource,44.1639,-1.0361,0.005,0.005,False,Naturelle,,
2006,2006-07-27 15:56:00,7,40,Landes de Gascogne,40332,Ychoux,44.3545,-0.9643,0.1,0.1,False,Naturelle,,
2006,2006-07-27 16:01:00,7,33,Landes de Gascogne,33104,Castelnau-de-Médoc,45.0033,-0.8162,0.03,0.03,False,Involontaire (travaux),,
2006,2006-07-27 16:20:00,7,33,Landes de Gascogne,33230,Lapouyade,45.1094,-0.2854,0.65,0.65,False,Naturelle,,
2006,2006-07-27 16:24:00,7,40,Landes de Gascogne,40085,Commensacq,44.2082,-0.8272,0.25,0.25,False,Naturelle,,
2006,2006-07-27 16:31:00,7,33,Landes de Gascogne,33527,Le Teich,44.5805,-1.0234,0.15,0.15,False,Naturelle,,
2006,2006-07-27 16:36:00,7,40,Landes de Gascogne,40217,Parentis-en-Born,44.3527,-1.0879,1.5,1.5,False,Naturelle,,
2006,2006-07-27 16:55:00,7,33,Landes de Gascogne,33343,Pujols-sur-Ciron,44.5685,-0.3488,0.1,0.1,False,Inconnue,,
2006,2006-07-27 16:56:00,7,33,Landes de Gascogne,33424,Saint-Laurent-Médoc,45.1402,-0.8557,0.5,0.5,False,Naturelle,,
2006,2006-07-27 17:57:00,7,40,Landes de Gascogne,40295,Saugnac-et-Muret,44.3893,-0.8494,0.002,0.002,False,Naturelle,,
2006,2006-07-27 18:43:00,7,40,Landes de Gascogne,40122,Haut-Mauco,43.8258,-0.5661,0.5,0.5,False,Naturelle,,
2006,2006-07-27 18:47:00,7,33,Landes de Gascogne,33555,Marcheprime,44.7033,-0.8557,1.0,1.0,False,Naturelle,,
2006,2006-07-27 19:41:00,7,40,Landes de Gascogne,40267,Saint-Justin,43.9907,-0.2265,0.0001,0.0001,False,Naturelle,,
2006,2006-07-27 19:50:00,7,40,Landes de Gascogne,40158,Losse,44.0948,-0.0933,0.001,0.001,False,Naturelle,,
2006,2006-07-27 19:52:00,7,40,Landes de Gascogne,40037,Benquet,43.8207,-0.5069,0.02,0.02,False,Naturelle,,
2006,2006-07-27 19:57:00,7,40,Landes de Gascogne,40266,Saint-Julien-en-Born,44.0854,-1.2551,0.02,0.02,False,Naturelle,,
2006,2006-07-27 20:01:00,7,33,Landes de Gascogne,33232,Lartigue,44.2517,-0.0883,0.3,0.3,False,Inconnue,,
2006,2006-07-27 20:20:00,7,33,Landes de Gascogne,33471,Saint-Sauveur,45.1964,-0.8223,0.03,0.03,False,Inconnue,,
2006,2006-07-27 21:24:00,7,40,Landes de Gascogne,40320,Uchacq-et-Parentis,43.945,-0.5476,0.0001,0.0001,False,Naturelle,,
2006,2006-07-27 22:36:00,7,33,Landes de Gascogne,33351,Reignac,45.2292,-0.5179,0.5,0.5,False,Naturelle,,
2006,2006-07-28 06:54:00,7,33,Landes de Gascogne,33229,Lanton,44.7719,-0.9799,0.03,0.03,False,Naturelle,,
2006,2006-07-28 07:10:00,7,40,Landes de Gascogne,40021,Azur,43.7996,-1.2919,0.01,0.01,False,Naturelle,,
2006,2006-07-28 08:22:00,7,33,Landes de Gascogne,33333,Le Porge,44.8649,-1.1351,0.002,0.002,False,Naturelle,,
2006,2006-07-28 09:13:00,7,33,Landes de Gascogne,33239,Lerm-et-Musset,44.3354,-0.1579,0.005,0.005,False,Naturelle,,
2006,2006-07-28 10:01:00,7,33,Landes de Gascogne,33513,Sillas,44.3711,-0.0585,0.005,0.005,False,Naturelle,,
2006,2006-07-28 11:11:00,7,40,Landes de Gascogne,40052,Bourdalat,43.8321,-0.2191,0.0004,0.0004,False,Naturelle,,
2006,2006-07-28 11:33:00,7,06,Alpes-Maritimes,06086,Moulinet,43.9503,7.4128,0.25,0.0,False,Naturelle,,
2006,2006-07-28 14:47:00,7,33,Landes de Gascogne,33122,Cestas,44.7274,-0.7349,0.5,0.5,False,Naturelle,,
2006,2006-07-28 15:39:00,7,06,Alpes-Maritimes,06109,La Roquette-sur-Var,43.8328,7.2072,6.31,0.8,False,Naturelle,,
2006,2006-07-28 16:00:00,7,40,Landes de Gascogne,40210,Onesse-Laharie,44.063,-1.0224,0.5,0.5,False,Naturelle,,
2006,2006-07-28 16:12:00,7,33,Landes de Gascogne,33229,Lanton,44.7719,-0.9799,1.5,1.5,False,Naturelle,,
2006,2006-07-29 12:52:00,7,40,Landes de Gascogne,40046,Biscarrosse,44.4077,-1.1525,2.0,2.0,False,Naturelle,,
2006,2006-07-29 14:12:00,7,33,Landes de Gascogne,33238,Léognan,44.7236,-0.6172,0.5,0.5,False,Naturelle,,
2006,2006-07-29 15:13:00,7,06,Alpes-Maritimes,06139,Thiéry,43.9759,7.0365,0.05,0.0,False,Naturelle,,
2006,2006-07-29 15:17:00,7,40,Landes de Gascogne,40229,Pontenx-les-Forges,44.2554,-1.0914,0.2,0.2,False,Naturelle,,
2006,2006-07-29 17:38:00,7,33,Landes de Gascogne,33229,Lanton,44.7719,-0.9799,0.3,0.3,False,Naturelle,,
2006,2006-07-29 17:52:00,7,33,Landes de Gascogne,33042,Belin-Béliet,44.4959,-0.7989,0.1,0.1,False,Naturelle,,
2006,2006-07-29 17:59:00,7,33,Landes de Gascogne,33214,Lacanau,44.9879,-1.096,0.15,0.15,False,Inconnue,,
2006,2006-07-29 18:00:00,7,06,Alpes-Maritimes,06077,Lucéram,43.8997,7.3506,0.02,0.0,False,Naturelle,,
2006,2006-07-29 18:02:00,7,40,Landes de Gascogne,40171,Mano,44.4288,-0.6703,0.5,0.5,False,Naturelle,,
2006,2006-07-30 14:58:00,7,33,Landes de Gascogne,33267,Marcillac,,,0.15,0.15,False,Naturelle,,
2006,2006-07-30 18:28:00,7,40,Landes de Gascogne,40046,Biscarrosse,44.4077,-1.1525,0.5,0.5,False,Involontaire (travaux),,
2006,2006-07-30 20:05:00,7,33,Landes de Gascogne,33122,Cestas,44.7274,-0.7349,1.5,1.5,False,Inconnue,,
2006,2006-07-31 16:00:00,7,40,Landes de Gascogne,40229,Pontenx-les-Forges,44.2554,-1.0914,0.5,0.5,False,Inconnue,,
2006,2006-07-31 19:18:00,7,40,Landes de Gascogne,40152,Lesperon,43.9654,-1.0835,0.15,0.15,False,Inconnue,,
2006,2006-07-31 19:40:00,7,40,Landes de Gascogne,40182,Mézos,44.0848,-1.141,0.08,0.08,False,Inconnue,,
2006,2006-08-01 11:31:00,8,06,Alpes-Maritimes,06151,Utelle,43.9392,7.2458,1.96,0.0,False,Involontaire (particulier),,
2006,2006-08-01 12:53:00,8,06,Alpes-Maritimes,06068,Gourdon,43.7266,6.9622,0.2,0.0,False,Accidentelle,,
2006,2006-08-01 14:13:00,8,06,Alpes-Maritimes,06027,Cagnes-sur-Mer,43.6712,7.1502,6.41,0.25,False,Inconnue,,
2006,2006-08-01 15:12:00,8,06,Alpes-Maritimes,06088,Nice,43.7032,7.2528,0.1,0.0,False,Inconnue,,
2006,2006-08-01 15:38:00,8,33,Landes de Gascogne,33229,Lanton,44.7719,-0.9799,1.0,1.0,False,Involontaire (travaux),,
2006,2006-08-01 19:05:00,8,40,Landes de Gascogne,40043,Bias,44.1347,-1.2379,0.2,0.2,False,Inconnue,,
2006,2006-08-02 14:40:00,8,40,Landes de Gascogne,40257,Sainte-Eulalie-en-Born,44.2725,-1.2121,0.001,0.001,False,Inconnue,,
2006,2006-08-02 18:48:00,8,40,Landes de Gascogne,40312,Tarnos,43.5338,-1.4717,0.05,0.05,False,Inconnue,,
2006,2006-08-03 13:11:00,8,06,Alpes-Maritimes,06085,Mougins,43.5931,7.0046,0.5,0.0,False,Involontaire (particulier),,
2006,2006-08-03 16:20:00,8,06,Alpes-Maritimes,06019,Blausasc,43.7938,7.357,4.14,3.5,False,Inconnue,,
2006,2006-08-05 16:05:00,8,33,Landes de Gascogne,33541,Vensac,45.4039,-1.0821,0.01,0.01,False,Accidentelle,,
2006,2006-08-05 17:20:00,8,06,Alpes-Maritimes,06037,Caussols,43.7387,6.9071,0.02,0.0,False,Naturelle,,
2006,2006-08-06 18:16:00,8,06,Alpes-Maritimes,06069,Grasse,43.656,6.937,0.02,0.0,False,Inconnue,,
2006,2006-08-07 13:51:00,8,06,Alpes-Maritimes,06141,Toudon,43.8857,7.1094,0.01,0.0,False,Inconnue,,
2006,2006-08-07 15:38:00,8,33,Landes de Gascogne,33267,Marcillac,,,0.07,0.07,False,Inconnue,,
2006,2006-08-07 20:29:00,8,33,Landes de Gascogne,33471,Saint-Sauveur,45.1964,-0.8223,0.25,0.25,False,Inconnue,,
2006,2006-08-07 20:54:00,8,06,Alpes-Maritimes,06090,Pégomas,43.5886,6.9213,0.015,0.0,False,Accidentelle,,
2006,2006-08-08 08:40:00,8,33,Landes de Gascogne,33203,Hourtin,45.1831,-1.0534,0.1,0.1,False,Accidentelle,,
2006,2006-08-08 10:45:00,8,06,Alpes-Maritimes,06132,Saorge,43.9935,7.5403,3.85,0.0,False,Naturelle,,
2006,2006-08-08 14:15:00,8,06,Alpes-Maritimes,06012,Beausoleil,43.7471,7.4227,0.15,0.0,False,Inconnue,,
2006,2006-08-08 15:36:00,8,06,Alpes-Maritimes,06086,Moulinet,43.9503,7.4128,0.001,0.0,False,Naturelle,,
2006,2006-08-08 15:46:00,8,40,Landes de Gascogne,40182,Mézos,44.0848,-1.141,0.05,0.05,False,Accidentelle,,
2006,2006-08-08 19:58:00,8,06,Alpes-Maritimes,06103,Roquebillière,44.0282,7.2885,0.01,0.0,False,Naturelle,,
2006,2006-08-08 21:18:00,8,33,Landes de Gascogne,33011,Arès,44.7997,-1.0837,0.001,0.001,False,Inconnue,,
2006,2006-08-09 00:36:00,8,40,Landes de Gascogne,40134,Labouheyre,44.2243,-0.9107,0.3,0.3,False,Inconnue,,
2006,2006-08-09 11:45:00,8,40,Landes de Gascogne,40142,Laluque,43.8533,-0.9816,0.8,0.8,False,Inconnue,,
2006,2006-08-09 12:29:00,8,33,Landes de Gascogne,33318,Pessac,44.786,-0.681,0.2,0.2,False,Inconnue,,
2006,2006-08-09 13:37:00,8,40,Landes de Gascogne,40043,Bias,44.1347,-1.2379,2.0,2.0,False,Inconnue,,
2006,2006-08-09 15:20:00,8,06,Alpes-Maritimes,06130,Saint-Vallier-de-Thiey,43.6994,6.8516,0.0002,0.0,False,Naturelle,,
2006,2006-08-09 21:55:00,8,33,Landes de Gascogne,33450,Saint-Michel-de-Castelnau,44.2882,-0.0939,0.3,0.3,False,Accidentelle,,
2006,2006-08-10 15:37:00,8,40,Landes de Gascogne,40281,Saint-Pierre-du-Mont,43.8725,-0.52,0.15,0.15,False,Inconnue,,
2006,2006-08-10 16:11:00,8,33,Landes de Gascogne,33090,Canéjan,44.7572,-0.659,0.04,0.04,False,Inconnue,,
2006,2006-08-10 16:50:00,8,33,Landes de Gascogne,33238,Léognan,44.7236,-0.6172,0.002,0.002,False,Inconnue,,
2006,2006-08-10 17:03:00,8,40,Landes de Gascogne,40043,Bias,44.1347,-1.2379,0.2,0.2,False,Inconnue,,
2006,2006-08-11 07:09:00,8,06,Alpes-Maritimes,06152,Valbonne,43.6267,7.0291,0.005,0.0,False,Inconnue,,
2006,2006-08-11 13:16:00,8,40,Landes de Gascogne,40302,Sindères,,,0.05,0.05,False,Inconnue,,
2006,2006-08-11 15:23:00,8,40,Landes de Gascogne,40134,Labouheyre,44.2243,-0.9107,1.5,1.5,False,Inconnue,,
2006,2006-08-11 17:15:00,8,33,Landes de Gascogne,33449,Saint-Médard-en-Jalles,44.8861,-0.7823,0.05,0.05,False,Inconnue,,
2006,2006-08-12 03:48:00,8,33,Landes de Gascogne,33214,Lacanau,44.9879,-1.096,1.0,1.0,False,Inconnue,,
2006,2006-08-12 10:54:00,8,33,Landes de Gascogne,33322,Le Pian-Médoc,44.9555,-0.6737,0.2,0.2,False,Inconnue,,
2006,2006-08-12 15:18:00,8,33,Landes de Gascogne,33240,Lesparre-Médoc,45.2796,-0.9235,0.2,0.2,False,Inconnue,,
2006,2006-08-12 18:07:00,8,40,Landes de Gascogne,40309,Souprosse,43.7927,-0.7195,0.12,0.12,False,Inconnue,,
2006,2006-08-12 18:07:00,8,40,Landes de Gascogne,40309,Souprosse,43.7927,-0.7195,0.01,0.01,False,Inconnue,,
2006,2006-08-13 16:24:00,8,33,Landes de Gascogne,33376,Saint-Aubin-de-Médoc,44.9343,-0.7478,0.001,0.001,False,Inconnue,,
2006,2006-08-13 17:29:00,8,33,Landes de Gascogne,33376,Saint-Aubin-de-Médoc,44.9343,-0.7478,0.003,0.003,False,Inconnue,,
2006,2006-08-13 20:49:00,8,33,Landes de Gascogne,33205,Illats,44.6087,-0.3797,0.3,0.3,False,Inconnue,,
2006,2006-08-14 02:52:00,8,06,Alpes-Maritimes,06100,Revest-les-Roches,43.8823,7.1693,0.05,0.0,False,Inconnue,,
2006,2006-08-14 11:45:00,8,40,Landes de Gascogne,40075,Castets,43.8806,-1.1487,0.01,0.01,False,Inconnue,,
2006,2006-08-14 21:30:00,8,33,Landes de Gascogne,33240,Lesparre-Médoc,45.2796,-0.9235,0.001,0.001,False,Inconnue,,
2006,2006-08-15 08:10:00,8,06,Alpes-Maritimes,06037,Caussols,43.7387,6.9071,0.05,0.0,False,Involontaire (particulier),,
2006,2006-08-15 11:32:00,8,40,Landes de Gascogne,40157,Lit-et-Mixe,44.0273,-1.2704,0.05,0.05,False,Accidentelle,,
2006,2006-08-15 14:46:00,8,33,Landes de Gascogne,33230,Lapouyade,45.1094,-0.2854,0.1,0.1,False,Inconnue,,
2006,2006-08-15 15:11:00,8,33,Landes de Gascogne,33042,Belin-Béliet,44.4959,-0.7989,0.005,0.005,False,Naturelle,,
2006,2006-08-15 15:12:00,8,33,Landes de Gascogne,33260,Lugos,44.4782,-0.9241,0.01,0.01,False,Naturelle,,
2006,2006-08-15 15:49:00,8,33,Landes de Gascogne,33452,Saint-Michel-de-Rieufret,44.6273,-0.4453,0.01,0.01,False,Naturelle,,
2006,2006-08-15 15:58:00,8,40,Landes de Gascogne,40135,Labrit,44.1269,-0.5557,0.003,0.003,False,Naturelle,,
2006,2006-08-15 15:59:00,8,33,Landes de Gascogne,33255,Lucmau,44.2955,-0.3364,0.03,0.03,False,Naturelle,,
2006,2006-08-15 16:16:00,8,33,Landes de Gascogne,33310,Origne,44.5025,-0.509,0.002,0.002,False,Naturelle,,
2006,2006-08-15 16:18:00,8,33,Landes de Gascogne,33019,Audenge,44.7133,-0.9533,0.15,0.15,False,Naturelle,,
2006,2006-08-15 16:22:00,8,40,Landes de Gascogne,40155,Linxe,43.9287,-1.2195,0.001,0.001,False,Naturelle,,
2006,2006-08-15 16:36:00,8,33,Landes de Gascogne,33276,Masseilles,44.4009,-0.0586,0.004,0.004,False,Naturelle,,
2006,2006-08-15 16:59:00,8,33,Landes de Gascogne,33501,Saucats,44.6476,-0.6377,0.02,0.02,False,Naturelle,,
2006,2006-08-15 17:33:00,8,40,Landes de Gascogne,40295,Saugnac-et-Muret,44.3893,-0.8494,0.01,0.01,False,Naturelle,,
2006,2006-08-15 18:22:00,8,33,Landes de Gascogne,33452,Saint-Michel-de-Rieufret,44.6273,-0.4453,0.001,0.001,False,Naturelle,,
2006,2006-08-15 18:46:00,8,40,Landes de Gascogne,40244,Rivière-Saas-et-Gourby,43.6963,-1.1756,0.001,0.001,False,Naturelle,,
2006,2006-08-15 19:20:00,8,40,Landes de Gascogne,40310,Soustons,43.754,-1.3305,0.003,0.003,False,Inconnue,,
2006,2006-08-15 19:25:00,8,33,Landes de Gascogne,33494,Salaunes,44.9281,-0.8502,0.04,0.04,False,Naturelle,,
2006,2006-08-15 19:26:00,8,33,Landes de Gascogne,33115,Cazalis,44.3304,-0.3875,0.001,0.001,False,Naturelle,,
2006,2006-08-15 19:37:00,8,40,Landes de Gascogne,40050,Bostens,43.9703,-0.3675,0.02,0.02,False,Naturelle,,
2006,2006-08-16 03:54:00,8,33,Landes de Gascogne,33214,Lacanau,44.9879,-1.096,0.2,0.2,False,Inconnue,,
2006,2006-08-16 08:19:00,8,40,Landes de Gascogne,40311,Taller,43.88,-1.0621,0.0005,0.0005,False,Naturelle,,
2006,2006-08-16 09:29:00,8,40,Landes de Gascogne,40326,Vielle-Saint-Girons,43.9429,-1.3219,0.002,0.002,False,Naturelle,,
2006,2006-08-16 14:29:00,8,33,Landes de Gascogne,33077,Cabanac-et-Villagrains,44.5889,-0.5412,0.015,0.015,False,Naturelle,,
2006,2006-08-16 15:29:00,8,33,Landes de Gascogne,33255,Lucmau,44.2955,-0.3364,0.4,0.4,False,Naturelle,,
2006,2006-08-16 15:43:00,8,40,Landes de Gascogne,40152,Lesperon,43.9654,-1.0835,0.03,0.03,False,Naturelle,,
2006,2006-08-16 16:19:00,8,33,Landes de Gascogne,33205,Illats,44.6087,-0.3797,0.1,0.1,False,Involontaire (travaux),,
2006,2006-08-16 17:05:00,8,40,Landes de Gascogne,40184,Mimizan,44.1996,-1.2323,1.0,1.0,False,Naturelle,,
2006,2006-08-16 18:19:00,8,33,Landes de Gascogne,33376,Saint-Aubin-de-Médoc,44.9343,-0.7478,0.15,0.15,False,Inconnue,,
2006,2006-08-17 17:22:00,8,40,Landes de Gascogne,40150,Léon,43.8474,-1.2768,0.13,0.13,False,Naturelle,,
2006,2006-08-18 14:59:00,8,40,Landes de Gascogne,40155,Linxe,43.9287,-1.2195,1.5,1.5,False,Inconnue,,
2006,2006-08-18 15:09:00,8,40,Landes de Gascogne,40075,Castets,43.8806,-1.1487,0.15,0.15,False,Inconnue,,
2006,2006-08-18 16:50:00,8,40,Landes de Gascogne,40157,Lit-et-Mixe,44.0273,-1.2704,0.3,0.3,False,Naturelle,,
2006,2006-08-18 18:52:00,8,33,Landes de Gascogne,33046,Bernos-Beaulac,44.3641,-0.259,0.1,0.1,False,Inconnue,,
2006,2006-08-18 23:10:00,8,40,Landes de Gascogne,40227,Pissos,44.3012,-0.7906,0.005,0.005,False,Naturelle,,
2006,2006-08-19 08:38:00,8,33,Landes de Gascogne,33225,Landiras,44.5696,-0.4333,0.001,0.001,False,Naturelle,,
2006,2006-08-19 16:52:00,8,40,Landes de Gascogne,40210,Onesse-Laharie,44.063,-1.0224,0.2,0.2,False,Naturelle,,
2006,2006-08-20 10:30:00,8,40,Landes de Gascogne,40167,Luxey,44.2382,-0.5061,0.5,0.5,False,Naturelle,,
2006,2006-08-20 11:57:00,8,40,Landes de Gascogne,40094,Escource,44.1639,-1.0361,0.001,0.001,False,Naturelle,,
2006,2006-08-20 21:21:00,8,06,Alpes-Maritimes,06019,Blausasc,43.7938,7.357,0.02,0.0,False,Inconnue,,
2006,2006-08-21 14:45:00,8,40,Landes de Gascogne,40105,Garein,44.0521,-0.6514,0.5,0.5,False,Naturelle,,
2006,2006-08-21 15:10:00,8,40,Landes de Gascogne,40192,Mont-de-Marsan,43.8931,-0.5009,0.5,0.5,False,Inconnue,,
2006,2006-08-22 08:58:00,8,33,Landes de Gascogne,33225,Landiras,44.5696,-0.4333,1.0,1.0,False,Naturelle,,
2006,2006-08-22 17:10:00,8,40,Landes de Gascogne,40135,Labrit,44.1269,-0.5557,0.5,0.5,False,Naturelle,,
2006,2006-08-22 19:34:00,8,33,Landes de Gascogne,33281,Mérignac,44.8313,-0.682,0.002,0.002,False,Involontaire (particulier),,
2006,2006-08-23 12:33:00,8,40,Landes de Gascogne,40162,Lucbardez-et-Bargues,43.9746,-0.4143,0.005,0.005,False,Inconnue,,
2006,2006-08-23 16:05:00,8,06,Alpes-Maritimes,06088,Nice,43.7032,7.2528,0.15,0.0,False,Involontaire (travaux),,
2006,2006-08-23 19:50:00,8,06,Alpes-Maritimes,06090,Pégomas,43.5886,6.9213,0.04,0.0,False,Inconnue,,
2006,2006-08-24 12:25:00,8,40,Landes de Gascogne,40036,Bénesse-Maremne,43.634,-1.3679,0.2,0.2,False,Accidentelle,,
2006,2006-08-24 12:30:00,8,33,Landes de Gascogne,33310,Origne,44.5025,-0.509,0.03,0.03,False,Naturelle,,
2006,2006-08-24 13:16:00,8,06,Alpes-Maritimes,06075,Levens,43.8501,7.2358,0.01,0.0,False,Inconnue,,
2006,2006-08-24 16:40:00,8,40,Landes de Gascogne,40326,Vielle-Saint-Girons,43.9429,-1.3219,2.0,2.0,False,Inconnue,,
2006,2006-08-24 17:50:00,8,33,Landes de Gascogne,33441,Saint-Martin-Lacaussade,45.1397,-0.6411,0.25,0.1,False,Involontaire (particulier),,
2006,2006-08-27 13:11:00,8,33,Landes de Gascogne,33029,Le Barp,44.6297,-0.7437,0.5,0.5,False,Inconnue,,
2006,2006-08-29 16:06:00,8,06,Alpes-Maritimes,06029,Cannes,43.5454,7.0152,0.05,0.0,False,Involontaire (travaux),,
2006,2006-08-30 13:55:00,8,06,Alpes-Maritimes,06161,Villeneuve-Loubet,43.647,7.0984,0.05,0.0,False,Involontaire (particulier),,
2006,2006-08-30 22:52:00,8,06,Alpes-Maritimes,06099,Puget-Théniers,43.9498,6.9049,0.08,0.0,False,Inconnue,,
2006,2006-08-31 15:00:00,8,06,Alpes-Maritimes,06069,Grasse,43.656,6.937,0.02,0.0,False,Inconnue,,
2006,2006-08-31 17:09:00,8,33,Landes de Gascogne,33458,Saint-Paul,45.1504,-0.5918,0.3,0.3,False,Inconnue,,
2006,2006-08-31 21:08:00,8,33,Landes de Gascogne,33494,Salaunes,44.9281,-0.8502,0.01,0.01,False,Inconnue,,
2006,2006-09-02 13:47:00,9,06,Alpes-Maritimes,06161,Villeneuve-Loubet,43.647,7.0984,0.013,0.0,False,Malveillance,,
2006,2006-09-02 15:05:00,9,33,Landes de Gascogne,33417,Sainte-Hélène,44.9653,-0.9071,0.005,0.005,False,Inconnue,,
2006,2006-09-02 18:53:00,9,33,Landes de Gascogne,33540,Vendays-Montalivet,45.3378,-1.0953,0.003,0.003,False,Involontaire (particulier),,
2006,2006-09-02 19:35:00,9,33,Landes de Gascogne,33307,Noaillan,44.4812,-0.3698,0.0025,0.0025,False,Inconnue,,
2006,2006-09-02 23:53:00,9,40,Landes de Gascogne,40284,Saint-Vincent-de-Tyrosse,43.663,-1.3013,0.02,0.02,False,Inconnue,,
2006,2006-09-03 15:31:00,9,40,Landes de Gascogne,40075,Castets,43.8806,-1.1487,0.6,0.6,False,Inconnue,,
2006,2006-09-03 15:44:00,9,33,Landes de Gascogne,33422,Saint-Jean-d'Illac,44.7973,-0.8156,0.001,0.001,False,Inconnue,,
2006,2006-09-05 19:40:00,9,40,Landes de Gascogne,40043,Bias,44.1347,-1.2379,0.15,0.15,False,Inconnue,,
2006,2006-09-06 07:51:00,9,40,Landes de Gascogne,40094,Escource,44.1639,-1.0361,0.002,0.002,False,Accidentelle,,
2006,2006-09-06 14:16:00,9,33,Landes de Gascogne,33284,Mios,44.6105,-0.8913,0.002,0.002,False,Involontaire (travaux),,
2006,2006-09-06 15:09:00,9,40,Landes de Gascogne,40139,Laglorieuse,43.8632,-0.3957,0.01,0.01,False,Involontaire (particulier),,
2006,2006-09-06 16:30:00,9,40,Landes de Gascogne,40168,Magescq,43.7753,-1.1841,0.05,0.05,False,Inconnue,,
2006,2006-09-07 13:04:00,9,33,Landes de Gascogne,33011,Arès,44.7997,-1.0837,0.08,0.08,False,Inconnue,,
2006,2006-09-07 16:58:00,9,33,Landes de Gascogne,33095,Captieux,44.2621,-0.2981,0.02,0.02,False,Naturelle,,
2006,2006-09-07 17:32:00,9,33,Landes de Gascogne,33012,Arsac,44.9869,-0.7018,0.001,0.001,False,Inconnue,,
2006,2006-09-07 17:43:00,9,40,Landes de Gascogne,40258,Sainte-Foy,43.9315,-0.3238,0.6,0.6,False,Naturelle,,
2006,2006-09-08 13:09:00,9,33,Landes de Gascogne,33205,Illats,44.6087,-0.3797,0.2,0.2,False,Inconnue,,
2006,2006-09-08 13:43:00,9,40,Landes de Gascogne,40114,Gourbera,43.8068,-1.0422,4.0,1.0,False,Naturelle,,
2006,2006-09-08 16:08:00,9,33,Landes de Gascogne,33144,Cudos,44.3786,-0.1841,0.02,0.02,False,Accidentelle,,
2006,2006-09-08 16:46:00,9,33,Landes de Gascogne,33284,Mios,44.6105,-0.8913,0.5,0.5,False,Accidentelle,,
2006,2006-09-08 22:24:00,9,33,Landes de Gascogne,33177,Gaillan-en-Médoc,45.3135,-0.9946,0.4,0.4,False,Inconnue,,
2006,2006-09-09 07:54:00,9,40,Landes de Gascogne,40015,Arx,44.1087,0.0843,3.5,3.5,False,Inconnue,,
2006,2006-09-09 08:15:00,9,33,Landes de Gascogne,33501,Saucats,44.6476,-0.6377,2.0,2.0,False,Inconnue,,
2006,2006-09-09 08:15:00,9,33,Landes de Gascogne,33501,Saucats,44.6476,-0.6377,1.0,1.0,False,Inconnue,,
2006,2006-09-09 14:19:00,9,33,Landes de Gascogne,33200,Le Haillan,44.8713,-0.6903,0.04,0.04,False,Inconnue,,
2006,2006-09-09 21:01:00,9,33,Landes de Gascogne,33508,Savignac,44.514,-0.1057,0.05,0.05,False,Inconnue,,
2006,2006-09-11 00:19:00,9,33,Landes de Gascogne,33090,Canéjan,44.7572,-0.659,3.0,3.0,False,Inconnue,,
2006,2006-09-11 18:04:00,9,33,Landes de Gascogne,33115,Cazalis,44.3304,-0.3875,0.002,0.002,False,Naturelle,,
2006,2006-09-11 19:05:00,9,33,Landes de Gascogne,33484,Saint-Symphorien,44.4261,-0.5505,0.001,0.001,False,Naturelle,,
2006,2006-09-11 19:19:00,9,33,Landes de Gascogne,33115,Cazalis,44.3304,-0.3875,0.002,0.002,False,Naturelle,,
2006,2006-09-11 19:19:00,9,33,Landes de Gascogne,33115,Cazalis,44.3304,-0.3875,0.001,0.001,False,Naturelle,,
2006,2006-09-11 21:00:00,9,40,Landes de Gascogne,40287,Sanguinet,44.4776,-1.0903,0.05,0.05,False,Involontaire (travaux),,
2006,2006-09-11 21:58:00,9,40,Landes de Gascogne,40043,Bias,44.1347,-1.2379,0.05,0.05,False,Naturelle,,
2006,2006-09-11 22:31:00,9,40,Landes de Gascogne,40332,Ychoux,44.3545,-0.9643,0.003,0.003,False,Naturelle,,
2006,2006-09-11 22:38:00,9,40,Landes de Gascogne,40019,Aureilhan,44.2094,-1.192,0.0003,0.0003,False,Naturelle,,
2006,2006-09-11 23:03:00,9,40,Landes de Gascogne,40163,Lüe,44.2337,-0.9858,0.004,0.004,False,Naturelle,,
2006,2006-09-12 15:52:00,9,33,Landes de Gascogne,33503,Saumos,44.9119,-1.0029,0.015,0.015,False,Naturelle,,
2006,2006-09-12 16:10:00,9,33,Landes de Gascogne,33042,Belin-Béliet,44.4959,-0.7989,0.1,0.1,False,Naturelle,,
2006,2006-09-13 12:45:00,9,06,Alpes-Maritimes,06144,La Tour,43.9645,7.196,0.03,0.0,False,Inconnue,,
2006,2006-09-13 19:58:00,9,33,Landes de Gascogne,33005,Andernos-les-Bains,44.7529,-1.082,0.02,0.02,False,Accidentelle,,
2006,2006-09-17 00:32:00,9,40,Landes de Gascogne,40210,Onesse-Laharie,44.063,-1.0224,0.001,0.001,False,Accidentelle,,
2006,2006-09-23 23:11:00,9,33,Landes de Gascogne,33095,Captieux,44.2621,-0.2981,0.01,0.01,False,Inconnue,,
2006,2006-09-26 17:09:00,9,40,Landes de Gascogne,40281,Saint-Pierre-du-Mont,43.8725,-0.52,0.02,0.02,False,Inconnue,,
2006,2006-09-27 19:34:00,9,40,Landes de Gascogne,40184,Mimizan,44.1996,-1.2323,0.15,0.15,False,Accidentelle,,
2006,2006-09-28 09:45:00,9,33,Landes de Gascogne,33193,Grayan-et-l'Hôpital,45.4324,-1.1057,1.0,1.0,False,Inconnue,,
2006,2006-09-28 17:17:00,9,33,Landes de Gascogne,33417,Sainte-Hélène,44.9653,-0.9071,0.002,0.002,False,Inconnue,,
2006,2006-09-30 09:50:00,9,33,Landes de Gascogne,33541,Vensac,45.4039,-1.0821,0.001,0.001,False,Inconnue,,
2006,2006-10-01 11:03:00,10,33,Landes de Gascogne,33541,Vensac,45.4039,-1.0821,0.001,0.001,False,Inconnue,,
2006,2006-10-01 16:32:00,10,33,Landes de Gascogne,33193,Grayan-et-l'Hôpital,45.4324,-1.1057,1.5,1.5,False,Inconnue,,
2006,2006-10-28 17:09:00,10,06,Alpes-Maritimes,06134,Séranon,43.7655,6.6892,0.04,0.0,False,Malveillance,,
2006,2006-11-01 16:48:00,11,33,Landes de Gascogne,33529,La Teste-de-Buch,44.586,-1.1809,0.01,0.01,False,Inconnue,,
2006,2006-11-03 12:34:00,11,33,Landes de Gascogne,33197,Guillos,44.5507,-0.5235,0.015,0.015,False,Inconnue,,
2006,2006-11-03 17:46:00,11,33,Landes de Gascogne,33527,Le Teich,44.5805,-1.0234,0.3,0.3,False,Inconnue,,
2006,2006-11-04 16:24:00,11,40,Landes de Gascogne,40310,Soustons,43.754,-1.3305,0.02,0.02,False,Inconnue,,
2006,2006-11-05 19:44:00,11,06,Alpes-Maritimes,06058,Escragnolles,43.7236,6.7758,0.02,0.0,False,Inconnue,,
2006,2006-11-07 09:32:00,11,40,Landes de Gascogne,40030,Baudignan,44.0913,0.0404,0.3,0.3,False,Involontaire (particulier),,
2006,2006-11-08 10:19:00,11,06,Alpes-Maritimes,06104,Roquebrune-Cap-Martin,43.7638,7.4576,2.28,0.0,False,Inconnue,,
2006,2006-11-10 23:53:00,11,06,Alpes-Maritimes,06034,Castagniers,43.79,7.2298,0.08,0.0,False,Involontaire (particulier),,
2006,2006-11-12 09:05:00,11,33,Landes de Gascogne,33236,Lège-Cap-Ferret,44.7452,-1.174,0.001,0.001,False,Inconnue,,
2006,2006-11-13 21:01:00,11,33,Landes de Gascogne,33012,Arsac,44.9869,-0.7018,0.2,0.2,False,Accidentelle,,
2006,2006-11-15 16:12:00,11,33,Landes de Gascogne,33022,Avensan,45.0033,-0.7574,1.5,1.5,False,Inconnue,,
2006,2006-11-15 19:42:00,11,33,Landes de Gascogne,33164,Fargues,44.5362,-0.2926,0.001,0.001,False,Accidentelle,,
2006,2006-11-18 06:28:00,11,40,Landes de Gascogne,40158,Losse,44.0948,-0.0933,0.01,0.01,False,Involontaire (particulier),,
2006,2006-11-26 22:27:00,11,33,Landes de Gascogne,33180,Gans,44.4539,-0.1314,0.01,0.01,False,Inconnue,,
2006,2006-11-27 13:15:00,11,33,Landes de Gascogne,33203,Hourtin,45.1831,-1.0534,0.001,0.001,False,Involontaire (particulier),,
2006,2006-12-15 15:09:00,12,06,Alpes-Maritimes,06012,Beausoleil,43.7471,7.4227,0.08,0.0,False,Inconnue,,
2006,2006-12-15 18:15:00,12,06,Alpes-Maritimes,06074,Lantosque,43.9787,7.3121,0.8,0.0,False,Inconnue,,
2006,2006-12-31 01:15:00,12,06,Alpes-Maritimes,06159,Villefranche-sur-Mer,43.7081,7.3243,0.05,0.0,False,Malveillance,,
2006,2006-12-31 01:29:00,12,06,Alpes-Maritimes,06083,Menton,43.7961,7.498,0.02,0.0,False,Inconnue,,
2007,2007-01-02 01:46:00,1,06,Alpes-Maritimes,06034,Castagniers,43.79,7.2298,0.002,0.0,False,Inconnue,,
2007,2007-01-02 02:50:00,1,06,Alpes-Maritimes,06088,Nice,43.7032,7.2528,0.01,0.0,False,Involontaire (travaux),,
2007,2007-01-04 17:15:00,1,06,Alpes-Maritimes,06023,Breil-sur-Roya,43.9379,7.4996,0.04,0.0,False,Inconnue,,
2007,2007-01-09 14:01:00,1,06,Alpes-Maritimes,06158,Villars-sur-Var,43.9564,7.076,0.005,0.0,False,Involontaire (travaux),,
2007,2007-01-09 15:15:00,1,06,Alpes-Maritimes,06148,Tourrettes-sur-Loup,43.718,7.0353,0.08,0.0,False,Involontaire (particulier),,
2007,2007-01-13 16:02:00,1,06,Alpes-Maritimes,06149,La Trinité,43.7415,7.3413,0.03,0.0,False,Involontaire (particulier),,
2007,2007-02-05 11:44:00,2,06,Alpes-Maritimes,06094,Péone,44.1333,6.925,5.58,0.0,False,Inconnue,,
2007,2007-02-11 13:42:00,2,06,Alpes-Maritimes,06016,Beuil,44.1176,6.9693,0.008,0.0,False,Involontaire (particulier),,
2007,2007-02-11 16:33:00,2,06,Alpes-Maritimes,06013,Belvédère,44.0615,7.3612,1.0,0.0,False,Involontaire (particulier),,
2007,2007-02-13 15:35:00,2,06,Alpes-Maritimes,06044,La Colle-sur-Loup,43.6869,7.0975,0.4,0.0,False,Inconnue,,
2007,2007-02-14 11:44:00,2,33,Landes de Gascogne,33203,Hourtin,45.1831,-1.0534,0.1,0.1,False,Accidentelle,,
2007,2007-02-14 11:59:00,2,33,Landes de Gascogne,33095,Captieux,44.2621,-0.2981,0.02,0.02,False,Accidentelle,,
2007,2007-02-17 02:17:00,2,40,Landes de Gascogne,40210,Onesse-Laharie,44.063,-1.0224,3.8,3.8,False,Accidentelle,,
2007,2007-02-17 02:55:00,2,40,Landes de Gascogne,40126,Hinx,43.71,-0.9339,4.0,3.0,False,Accidentelle,,
2007,2007-02-17 18:14:00,2,06,Alpes-Maritimes,06031,Cantaron,43.7694,7.3147,0.15,0.0,False,Involontaire (particulier),,
2007,2007-02-19 17:12:00,2,40,Landes de Gascogne,40210,Onesse-Laharie,44.063,-1.0224,0.001,0.001,False,Inconnue,,
2007,2007-02-20 17:13:00,2,06,Alpes-Maritimes,06074,Lantosque,43.9787,7.3121,0.1,0.0,False,Inconnue,,
2007,2007-02-22 15:25:00,2,40,Landes de Gascogne,40009,Arjuzanx,,,0.01,0.01,False,Inconnue,,
2007,2007-02-23 21:03:00,2,40,Landes de Gascogne,40333,Ygos-Saint-Saturnin,43.9934,-0.7297,0.0005,0.0005,False,Involontaire (particulier),,
2007,2007-02-27 11:15:00,2,06,Alpes-Maritimes,06077,Lucéram,43.8997,7.3506,0.5,0.0,False,Involontaire (particulier),,
2007,2007-02-27 14:24:00,2,06,Alpes-Maritimes,06062,Fontan,44.0213,7.5527,6.5,0.0,False,Involontaire (particulier),,
2007,2007-03-01 16:29:00,3,06,Alpes-Maritimes,06069,Grasse,43.656,6.937,0.02,0.0,False,Inconnue,,
2007,2007-03-01 18:22:00,3,06,Alpes-Maritimes,06128,Saint-Paul-de-Vence,43.6928,7.1196,0.1,0.0,False,Involontaire (particulier),,
2007,2007-03-02 00:37:00,3,06,Alpes-Maritimes,06054,Drap,43.7587,7.3395,0.02,0.0,False,Involontaire (particulier),,
2007,2007-03-03 10:19:00,3,06,Alpes-Maritimes,06060,Falicon,43.7533,7.266,0.03,0.0,False,Involontaire (particulier),,
2007,2007-03-03 13:40:00,3,06,Alpes-Maritimes,06073,Isola,44.1903,7.0835,19.0,9.0,False,Involontaire (particulier),,
2007,2007-03-04 13:30:00,3,06,Alpes-Maritimes,06013,Belvédère,44.0615,7.3612,2.2,0.0,False,Malveillance,,
2007,2007-03-04 15:45:00,3,06,Alpes-Maritimes,06013,Belvédère,44.0615,7.3612,0.1,0.0,False,Malveillance,,
2007,2007-03-05 13:17:00,3,06,Alpes-Maritimes,06097,Pierrefeu,43.8883,7.0743,0.03,0.0,False,Involontaire (particulier),,
2007,2007-03-08 14:09:00,3,06,Alpes-Maritimes,06088,Nice,43.7032,7.2528,0.06,0.0,False,Involontaire (particulier),,
2007,2007-03-10 13:18:00,3,06,Alpes-Maritimes,06088,Nice,43.7032,7.2528,0.15,0.0,False,Involontaire (particulier),,
2007,2007-03-10 17:39:00,3,06,Alpes-Maritimes,06105,Roquefort-les-Pins,43.6723,7.0565,0.3,0.0,False,Inconnue,,
2007,2007-03-10 19:57:00,3,06,Alpes-Maritimes,06101,Rigaud,43.9942,6.976,20.9,7.0,False,Involontaire (travaux),,
2007,2007-03-11 10:15:00,3,06,Alpes-Maritimes,06064,Gattières,43.769,7.1675,0.05,0.0,False,Involontaire (particulier),,
2007,2007-03-11 13:47:00,3,33,Landes de Gascogne,33503,Saumos,44.9119,-1.0029,0.1,0.1,False,Accidentelle,,
2007,2007-03-12 11:09:00,3,06,Alpes-Maritimes,06147,Tourrette-Levens,43.7882,7.275,0.05,0.0,False,Involontaire (particulier),,
2007,2007-03-12 11:18:00,3,06,Alpes-Maritimes,06122,Saint-Jeannet,43.7619,7.1477,0.07,0.0,False,Inconnue,,
2007,2007-03-14 09:51:00,3,06,Alpes-Maritimes,06148,Tourrettes-sur-Loup,43.718,7.0353,0.4,0.0,False,Involontaire (particulier),,
2007,2007-03-14 12:42:00,3,06,Alpes-Maritimes,06074,Lantosque,43.9787,7.3121,1.66,0.0,False,Involontaire (particulier),,
2007,2007-03-14 21:27:00,3,06,Alpes-Maritimes,06033,Carros,43.785,7.1798,0.02,0.0,False,Involontaire (particulier),,
2007,2007-03-15 06:32:00,3,33,Landes de Gascogne,33264,Maransin,45.0748,-0.26,0.3,0.3,False,Accidentelle,,
2007,2007-03-15 14:58:00,3,33,Landes de Gascogne,33191,Gours,44.9999,0.0232,0.002,0.002,False,Malveillance,,
2007,2007-03-15 15:44:00,3,40,Landes de Gascogne,40246,Sabres,44.1532,-0.7332,2.766,2.766,False,Accidentelle,,
2007,2007-03-15 16:18:00,3,40,Landes de Gascogne,40164,Retjons,44.1399,-0.2929,0.005,0.005,False,Involontaire (travaux),,
2007,2007-03-16 11:47:00,3,06,Alpes-Maritimes,06057,L'Escarène,43.8303,7.3665,0.75,0.0,False,Involontaire (travaux),,
2007,2007-03-16 11:53:00,3,06,Alpes-Maritimes,06148,Tourrettes-sur-Loup,43.718,7.0353,0.03,0.0,False,Inconnue,,
2007,2007-03-16 15:25:00,3,33,Landes de Gascogne,33336,Préchac,44.3859,-0.3715,0.03,0.03,False,Inconnue,,
2007,2007-03-17 16:17:00,3,33,Landes de Gascogne,33026,Balizac,44.4878,-0.45,1.0,1.0,False,Inconnue,,
2007,2007-03-18 15:03:00,3,40,Landes de Gascogne,40036,Bénesse-Maremne,43.634,-1.3679,0.5,0.5,False,Malveillance,,
2007,2007-03-19 12:07:00,3,06,Alpes-Maritimes,06004,Antibes,43.5823,7.1048,0.01,0.0,False,Inconnue,,
2007,2007-03-19 15:28:00,3,06,Alpes-Maritimes,06013,Belvédère,44.0615,7.3612,0.02,0.0,False,Malveillance,,
2007,2007-03-19 16:33:00,3,06,Alpes-Maritimes,06013,Belvédère,44.0615,7.3612,0.07,0.0,False,Inconnue,,
2007,2007-03-21 14:10:00,3,06,Alpes-Maritimes,06159,Villefranche-sur-Mer,43.7081,7.3243,0.8,0.0,False,Accidentelle,,
2007,2007-03-22 11:49:00,3,06,Alpes-Maritimes,06088,Nice,43.7032,7.2528,0.01,0.0,False,Involontaire (particulier),,
2007,2007-03-22 20:54:00,3,33,Landes de Gascogne,33151,Donnezac,45.2397,-0.4468,0.01,0.01,False,Accidentelle,,
2007,2007-03-23 15:30:00,3,06,Alpes-Maritimes,06013,Belvédère,44.0615,7.3612,0.25,0.0,False,Malveillance,,
2007,2007-03-25 14:18:00,3,06,Alpes-Maritimes,06063,Gars,43.8612,6.8202,0.2,0.0,False,Inconnue,,
2007,2007-03-28 16:12:00,3,06,Alpes-Maritimes,06065,La Gaude,43.7177,7.1605,0.02,0.0,False,Inconnue,,
2007,2007-03-29 13:23:00,3,06,Alpes-Maritimes,06136,Sospel,43.8872,7.4493,0.03,0.0,False,Malveillance,,
2007,2007-03-31 19:43:00,3,33,Landes de Gascogne,33076,Budos,44.537,-0.4058,2.0,2.0,False,Inconnue,,
2007,2007-04-02 16:20:00,4,33,Landes de Gascogne,33122,Cestas,44.7274,-0.7349,0.03,0.03,False,Inconnue,,
2007,2007-04-02 17:24:00,4,33,Landes de Gascogne,33322,Le Pian-Médoc,44.9555,-0.6737,0.015,0.015,False,Inconnue,,
2007,2007-04-06 16:30:00,4,33,Landes de Gascogne,33529,La Teste-de-Buch,44.586,-1.1809,0.3,0.3,False,Inconnue,,
2007,2007-04-06 16:30:00,4,33,Landes de Gascogne,33529,La Teste-de-Buch,44.586,-1.1809,0.4,0.4,False,Inconnue,,
2007,2007-04-06 16:30:00,4,33,Landes de Gascogne,33529,La Teste-de-Buch,44.586,-1.1809,0.3,0.3,False,Inconnue,,
2007,2007-04-07 11:30:00,4,06,Alpes-Maritimes,06122,Saint-Jeannet,43.7619,7.1477,0.4,0.0,False,Involontaire (particulier),,
2007,2007-04-09 15:29:00,4,33,Landes de Gascogne,33498,Salles,44.536,-0.8899,3.0,3.0,False,Inconnue,,
2007,2007-04-09 21:04:00,4,33,Landes de Gascogne,33322,Le Pian-Médoc,44.9555,-0.6737,0.03,0.03,False,Inconnue,,
2007,2007-04-12 15:02:00,4,33,Landes de Gascogne,33361,Ruch,44.7748,-0.0337,0.3,0.3,False,Inconnue,,
2007,2007-04-12 18:08:00,4,33,Landes de Gascogne,33051,Biganos,44.6599,-0.9582,0.315,0.315,False,Inconnue,,
2007,2007-04-13 02:40:00,4,33,Landes de Gascogne,33022,Avensan,45.0033,-0.7574,0.005,0.005,False,Inconnue,,
2007,2007-04-15 12:57:00,4,06,Alpes-Maritimes,06025,Le Broc,43.8146,7.1621,0.48,0.0,False,Involontaire (particulier),,
2007,2007-04-15 14:43:00,4,33,Landes de Gascogne,33376,Saint-Aubin-de-Médoc,44.9343,-0.7478,0.2,0.2,False,Inconnue,,
2007,2007-04-16 01:25:00,4,33,Landes de Gascogne,33322,Le Pian-Médoc,44.9555,-0.6737,0.6,0.6,False,Inconnue,,
2007,2007-04-16 15:53:00,4,06,Alpes-Maritimes,06018,Biot,43.6273,7.0821,0.05,0.0,False,Involontaire (particulier),,
2007,2007-04-16 16:04:00,4,33,Landes de Gascogne,33449,Saint-Médard-en-Jalles,44.8861,-0.7823,0.02,0.02,False,Inconnue,,
2007,2007-04-16 16:45:00,4,33,Landes de Gascogne,33357,Roaillan,44.5086,-0.2804,0.4,0.4,False,Involontaire (particulier),,
2007,2007-04-16 17:04:00,4,06,Alpes-Maritimes,06064,Gattières,43.769,7.1675,0.2,0.0,False,Involontaire (particulier),,
2007,2007-04-17 12:25:00,4,06,Alpes-Maritimes,06157,Vence,43.7373,7.0995,0.02,0.0,False,Involontaire (particulier),,
2007,2007-04-17 13:46:00,4,06,Alpes-Maritimes,06089,Opio,43.6574,7.0094,0.15,0.0,False,Involontaire (particulier),,
2007,2007-04-17 22:28:00,4,33,Landes de Gascogne,33422,Saint-Jean-d'Illac,44.7973,-0.8156,0.01,0.01,False,Accidentelle,,
2007,2007-04-18 07:20:00,4,06,Alpes-Maritimes,06044,La Colle-sur-Loup,43.6869,7.0975,0.03,0.0,False,Inconnue,,
2007,2007-04-18 09:22:00,4,06,Alpes-Maritimes,06007,Auribeau-sur-Siagne,43.6105,6.9118,0.02,0.0,False,Involontaire (travaux),,
2007,2007-04-18 12:52:00,4,06,Alpes-Maritimes,06065,La Gaude,43.7177,7.1605,0.2,0.0,False,Inconnue,,
2007,2007-04-18 14:10:00,4,06,Alpes-Maritimes,06075,Levens,43.8501,7.2358,0.15,0.0,False,Involontaire (particulier),,
2007,2007-04-19 17:01:00,4,40,Landes de Gascogne,40281,Saint-Pierre-du-Mont,43.8725,-0.52,0.01,0.01,False,Involontaire (particulier),,
2007,2007-04-19 21:15:00,4,06,Alpes-Maritimes,06010,Le Bar-sur-Loup,43.6993,6.9674,0.02,0.0,False,Inconnue,,
2007,2007-04-20 15:36:00,4,33,Landes de Gascogne,33498,Salles,44.536,-0.8899,2.0,2.0,False,Accidentelle,,
2007,2007-04-21 10:08:00,4,33,Landes de Gascogne,33422,Saint-Jean-d'Illac,44.7973,-0.8156,1.0,1.0,False,Inconnue,,
2007,2007-04-21 20:57:00,4,33,Landes de Gascogne,33449,Saint-Médard-en-Jalles,44.8861,-0.7823,0.01,0.01,False,Inconnue,,
2007,2007-04-22 13:07:00,4,06,Alpes-Maritimes,06088,Nice,43.7032,7.2528,0.05,0.0,False,Involontaire (particulier),,
2007,2007-04-22 15:37:00,4,40,Landes de Gascogne,40006,Arengosse,44.0299,-0.7811,6.56,2.0,False,Inconnue,,
2007,2007-04-23 15:23:00,4,33,Landes de Gascogne,33233,Laruscade,45.1206,-0.3394,2.0,2.0,False,Inconnue,,
2007,2007-04-23 18:57:00,4,40,Landes de Gascogne,40111,Geloux,43.9784,-0.6374,0.5,0.5,False,Inconnue,,
2007,2007-04-23 21:00:00,4,40,Landes de Gascogne,40123,Herm,43.8013,-1.1332,2.0,2.0,False,Inconnue,,
2007,2007-04-24 17:36:00,4,40,Landes de Gascogne,40297,Le Sen,44.139,-0.5067,0.35,0.35,False,Malveillance,,
2007,2007-04-24 22:17:00,4,33,Landes de Gascogne,33312,Parempuyre,44.9548,-0.5844,0.5,0.5,False,Inconnue,,
2007,2007-04-25 00:17:00,4,33,Landes de Gascogne,33471,Saint-Sauveur,45.1964,-0.8223,0.5,0.5,False,Inconnue,,
2007,2007-04-25 00:21:00,4,33,Landes de Gascogne,33376,Saint-Aubin-de-Médoc,44.9343,-0.7478,5.0,5.0,False,Inconnue,,
2007,2007-04-25 00:21:00,4,33,Landes de Gascogne,33376,Saint-Aubin-de-Médoc,44.9343,-0.7478,7.0,7.0,False,Inconnue,,
2007,2007-04-25 00:21:00,4,33,Landes de Gascogne,33494,Salaunes,44.9281,-0.8502,0.2,0.2,False,Inconnue,,
2007,2007-04-25 11:24:00,4,06,Alpes-Maritimes,06006,Aspremont,43.7772,7.2423,0.03,0.0,False,Involontaire (particulier),,
2007,2007-04-25 13:19:00,4,06,Alpes-Maritimes,06064,Gattières,43.769,7.1675,0.05,0.0,False,Inconnue,,
2007,2007-04-26 01:00:00,4,33,Landes de Gascogne,33528,Le Temple,44.8662,-0.9609,0.5,0.5,False,Accidentelle,,
2007,2007-04-27 06:41:00,4,06,Alpes-Maritimes,06046,Colomars,43.757,7.2212,0.08,0.0,False,Involontaire (particulier),,
2007,2007-04-27 07:59:00,4,33,Landes de Gascogne,33126,Civrac-de-Blaye,45.1124,-0.4574,0.01,0.01,False,Accidentelle,,
2007,2007-04-27 08:54:00,4,33,Landes de Gascogne,33501,Saucats,44.6476,-0.6377,0.8,0.8,False,Inconnue,,
2007,2007-04-27 10:45:00,4,06,Alpes-Maritimes,06123,Saint-Laurent-du-Var,43.6865,7.1822,1.5,0.0,False,Involontaire (particulier),,
2007,2007-04-27 11:28:00,4,06,Alpes-Maritimes,06088,Nice,43.7032,7.2528,0.01,0.0,False,Inconnue,,
2007,2007-04-27 11:39:00,4,06,Alpes-Maritimes,06057,L'Escarène,43.8303,7.3665,0.002,0.0,False,Involontaire (particulier),,
2007,2007-04-27 18:14:00,4,06,Alpes-Maritimes,06147,Tourrette-Levens,43.7882,7.275,0.01,0.0,False,Inconnue,,
2007,2007-04-29 07:26:00,4,33,Landes de Gascogne,33122,Cestas,44.7274,-0.7349,6.0,6.0,False,Accidentelle,,
2007,2007-04-29 08:02:00,4,33,Landes de Gascogne,33322,Le Pian-Médoc,44.9555,-0.6737,0.02,0.02,False,Accidentelle,,
2007,2007-04-29 13:20:00,4,06,Alpes-Maritimes,06034,Castagniers,43.79,7.2298,15.0,15.0,False,Involontaire (particulier),,
2007,2007-04-30 16:18:00,4,33,Landes de Gascogne,33422,Saint-Jean-d'Illac,44.7973,-0.8156,0.1,0.1,False,Naturelle,,
2007,2007-04-30 16:19:00,4,33,Landes de Gascogne,33284,Mios,44.6105,-0.8913,0.15,0.15,False,Naturelle,,
2007,2007-05-06 00:23:00,5,40,Landes de Gascogne,40243,Rion-des-Landes,43.9318,-0.9436,0.005,0.005,False,Accidentelle,,
2007,2007-05-06 15:51:00,5,33,Landes de Gascogne,33122,Cestas,44.7274,-0.7349,0.025,0.025,False,Accidentelle,,
2007,2007-05-09 16:21:00,5,40,Landes de Gascogne,40163,Lüe,44.2337,-0.9858,0.15,0.15,False,Inconnue,,
2007,2007-05-10 14:39:00,5,33,Landes de Gascogne,33214,Lacanau,44.9879,-1.096,0.01,0.01,False,Involontaire (travaux),,
2007,2007-05-13 15:17:00,5,40,Landes de Gascogne,40019,Aureilhan,44.2094,-1.192,0.1,0.1,False,Inconnue,,
2007,2007-05-13 17:11:00,5,33,Landes de Gascogne,33233,Laruscade,45.1206,-0.3394,0.2,0.2,False,Inconnue,,
2007,2007-05-13 18:00:00,5,33,Landes de Gascogne,33281,Mérignac,44.8313,-0.682,16.0,16.0,False,Inconnue,,
2007,2007-05-13 23:58:00,5,33,Landes de Gascogne,33471,Saint-Sauveur,45.1964,-0.8223,0.01,0.01,False,Inconnue,,
2007,2007-05-17 15:26:00,5,06,Alpes-Maritimes,06077,Lucéram,43.8997,7.3506,0.005,0.0,False,Involontaire (particulier),,
2007,2007-05-17 15:52:00,5,06,Alpes-Maritimes,06088,Nice,43.7032,7.2528,0.45,0.0,False,Involontaire (particulier),,
2007,2007-05-19 09:50:00,5,06,Alpes-Maritimes,06090,Pégomas,43.5886,6.9213,0.07,0.0,False,Inconnue,,
2007,2007-05-22 17:20:00,5,06,Alpes-Maritimes,06088,Nice,43.7032,7.2528,0.2,0.0,False,Involontaire (particulier),,
2007,2007-05-23 00:25:00,5,06,Alpes-Maritimes,06088,Nice,43.7032,7.2528,0.8,0.0,False,Inconnue,,
2007,2007-05-24 16:51:00,5,40,Landes de Gascogne,40192,Mont-de-Marsan,43.8931,-0.5009,0.0001,0.0001,False,Inconnue,,
2007,2007-05-25 15:49:00,5,06,Alpes-Maritimes,06149,La Trinité,43.7415,7.3413,0.2,0.0,False,Involontaire (particulier),,
2007,2007-05-28 11:49:00,5,06,Alpes-Maritimes,06104,Roquebrune-Cap-Martin,43.7638,7.4576,52.0,0.0,False,Inconnue,,
2007,2007-05-28 13:04:00,5,06,Alpes-Maritimes,06069,Grasse,43.656,6.937,0.002,0.0,False,Involontaire (particulier),,
2007,2007-05-28 13:13:00,5,06,Alpes-Maritimes,06090,Pégomas,43.5886,6.9213,0.01,0.0,False,Inconnue,,
2007,2007-05-28 14:31:00,5,06,Alpes-Maritimes,06064,Gattières,43.769,7.1675,0.2,0.0,False,Malveillance,,
2007,2007-05-28 20:14:00,5,06,Alpes-Maritimes,06138,Théoule-sur-Mer,43.499,6.9303,0.015,0.0,False,Accidentelle,,
2007,2007-05-30 15:08:00,5,06,Alpes-Maritimes,06039,Châteauneuf-Villevieille,43.8007,7.2951,0.02,0.0,False,Involontaire (particulier),,
2007,2007-06-09 14:04:00,6,06,Alpes-Maritimes,06065,La Gaude,43.7177,7.1605,0.1,0.0,False,Involontaire (particulier),,
2007,2007-06-09 14:24:00,6,06,Alpes-Maritimes,06155,Vallauris,43.5787,7.0604,0.11,0.0,False,Inconnue,,
2007,2007-06-09 20:31:00,6,40,Landes de Gascogne,40233,Pouillon,43.6067,-1.0,0.1,0.1,False,Naturelle,,
2007,2007-06-09 21:05:00,6,40,Landes de Gascogne,40326,Vielle-Saint-Girons,43.9429,-1.3219,0.03,0.03,False,Naturelle,,
2007,2007-06-09 23:30:00,6,33,Landes de Gascogne,33214,Lacanau,44.9879,-1.096,0.002,0.002,False,Naturelle,,
2007,2007-06-12 16:18:00,6,33,Landes de Gascogne,33555,Marcheprime,44.7033,-0.8557,0.1,0.1,False,Inconnue,,
2007,2007-06-13 08:58:00,6,40,Landes de Gascogne,40046,Biscarrosse,44.4077,-1.1525,0.0001,0.0001,False,Naturelle,,
2007,2007-06-14 10:48:00,6,40,Landes de Gascogne,40009,Arjuzanx,,,0.005,0.005,False,Involontaire (travaux),,
2007,2007-06-20 15:28:00,6,40,Landes de Gascogne,40168,Magescq,43.7753,-1.1841,2.0,2.0,False,Inconnue,,
2007,2007-06-22 15:41:00,6,06,Alpes-Maritimes,06065,La Gaude,43.7177,7.1605,0.15,0.0,False,Involontaire (particulier),,
2007,2007-06-22 16:43:00,6,06,Alpes-Maritimes,06084,Mouans-Sartoux,43.6192,6.9677,0.8,0.0,False,Involontaire (particulier),,
2007,2007-06-22 16:46:00,6,06,Alpes-Maritimes,06029,Cannes,43.5454,7.0152,0.3,0.0,False,Inconnue,,
2007,2007-06-23 13:30:00,6,06,Alpes-Maritimes,06048,Contes,43.8133,7.3263,0.5,0.0,False,Involontaire (particulier),,
2007,2007-06-25 05:40:00,6,06,Alpes-Maritimes,06088,Nice,43.7032,7.2528,0.15,0.0,False,Accidentelle,,
2007,2007-06-25 16:06:00,6,06,Alpes-Maritimes,06064,Gattières,43.769,7.1675,0.7,0.0,False,Involontaire (particulier),,
2007,2007-06-25 16:19:00,6,06,Alpes-Maritimes,06060,Falicon,43.7533,7.266,0.03,0.0,False,Involontaire (particulier),,
2007,2007-06-26 13:11:00,6,06,Alpes-Maritimes,06004,Antibes,43.5823,7.1048,0.5953,0.0,False,Inconnue,,
2007,2007-06-26 15:48:00,6,40,Landes de Gascogne,40200,Moustey,44.387,-0.7703,0.02,0.01,False,Accidentelle,,
2007,2007-06-26 15:57:00,6,06,Alpes-Maritimes,06043,Coaraze,43.8693,7.3014,0.03,0.0,False,Involontaire (particulier),,
2007,2007-06-26 17:26:00,6,06,Alpes-Maritimes,06048,Contes,43.8133,7.3263,0.0015,0.0,False,Inconnue,,
2007,2007-06-26 17:32:00,6,06,Alpes-Maritimes,06088,Nice,43.7032,7.2528,0.3,0.0,False,Inconnue,,
2007,2007-06-27 16:56:00,6,06,Alpes-Maritimes,06031,Cantaron,43.7694,7.3147,3.6,2.8,False,Involontaire (travaux),,
2007,2007-06-28 12:56:00,6,06,Alpes-Maritimes,06092,Peillon,43.7727,7.3668,0.02,0.0,False,Malveillance,,
2007,2007-06-29 16:41:00,6,06,Alpes-Maritimes,06039,Châteauneuf-Villevieille,43.8007,7.2951,0.3,0.0,False,Involontaire (particulier),,
2007,2007-07-01 15:25:00,7,06,Alpes-Maritimes,06105,Roquefort-les-Pins,43.6723,7.0565,0.02,0.0,False,Accidentelle,,
2007,2007-07-02 10:52:00,7,33,Landes de Gascogne,33540,Vendays-Montalivet,45.3378,-1.0953,0.02,0.02,False,Inconnue,,
2007,2007-07-03 09:29:00,7,06,Alpes-Maritimes,06090,Pégomas,43.5886,6.9213,0.05,0.0,False,Involontaire (particulier),,
2007,2007-07-04 10:20:00,7,06,Alpes-Maritimes,06030,Le Cannet,43.5745,7.001,0.005,0.0,False,Inconnue,,
2007,2007-07-04 16:39:00,7,06,Alpes-Maritimes,06150,La Turbie,43.7462,7.3973,0.06,0.0,False,Inconnue,,
2007,2007-07-04 16:55:00,7,06,Alpes-Maritimes,06079,Mandelieu-la-Napoule,43.5334,6.918,0.2,0.0,False,Inconnue,,
2007,2007-07-04 17:40:00,7,06,Alpes-Maritimes,06004,Antibes,43.5823,7.1048,10.3,3.5,False,Involontaire (travaux),,
2007,2007-07-05 13:31:00,7,06,Alpes-Maritimes,06085,Mougins,43.5931,7.0046,1.2,0.5,False,Malveillance,,
2007,2007-07-05 20:28:00,7,33,Landes de Gascogne,33309,Ordonnac,45.3089,-0.8385,0.001,0.001,False,Inconnue,,
2007,2007-07-06 13:30:00,7,06,Alpes-Maritimes,06029,Cannes,43.5454,7.0152,0.003,0.0,False,Inconnue,,
2007,2007-07-06 16:19:00,7,06,Alpes-Maritimes,06004,Antibes,43.5823,7.1048,0.05,0.0,False,Malveillance,,
2007,2007-07-06 16:53:00,7,33,Landes de Gascogne,33036,Bazas,44.4409,-0.2177,0.02,0.02,False,Inconnue,,
2007,2007-07-07 08:09:00,7,06,Alpes-Maritimes,06079,Mandelieu-la-Napoule,43.5334,6.918,0.08,0.0,False,Malveillance,,
2007,2007-07-07 15:49:00,7,06,Alpes-Maritimes,06088,Nice,43.7032,7.2528,1.3,0.0,False,Inconnue,,
2007,2007-07-07 22:58:00,7,33,Landes de Gascogne,33471,Saint-Sauveur,45.1964,-0.8223,0.6,0.6,False,Inconnue,,
2007,2007-07-09 13:45:00,7,06,Alpes-Maritimes,06084,Mouans-Sartoux,43.6192,6.9677,0.2,0.0,False,Inconnue,,
2007,2007-07-09 19:00:00,7,06,Alpes-Maritimes,06088,Nice,43.7032,7.2528,0.25,0.0,False,Accidentelle,,
2007,2007-07-10 10:05:00,7,06,Alpes-Maritimes,06079,Mandelieu-la-Napoule,43.5334,6.918,0.15,0.0,False,Malveillance,,
2007,2007-07-10 13:07:00,7,06,Alpes-Maritimes,06030,Le Cannet,43.5745,7.001,0.25,0.0,False,Inconnue,,
2007,2007-07-10 16:27:00,7,06,Alpes-Maritimes,06028,Caille,43.7686,6.7544,0.003,0.0,False,Inconnue,,
2007,2007-07-11 09:13:00,7,06,Alpes-Maritimes,06155,Vallauris,43.5787,7.0604,0.015,0.0,False,Inconnue,,
2007,2007-07-11 13:15:00,7,06,Alpes-Maritimes,06152,Valbonne,43.6267,7.0291,0.02,0.0,False,Inconnue,,
2007,2007-07-11 13:30:00,7,06,Alpes-Maritimes,06152,Valbonne,43.6267,7.0291,0.005,0.0,False,Inconnue,,
2007,2007-07-12 08:25:00,7,06,Alpes-Maritimes,06138,Théoule-sur-Mer,43.499,6.9303,0.0055,0.0,False,Inconnue,,
2007,2007-07-12 12:40:00,7,06,Alpes-Maritimes,06030,Le Cannet,43.5745,7.001,0.35,0.0,False,Inconnue,,
2007,2007-07-12 12:43:00,7,06,Alpes-Maritimes,06021,Bonson,43.8613,7.1786,0.1,0.0,False,Malveillance,,
2007,2007-07-12 17:40:00,7,06,Alpes-Maritimes,06088,Nice,43.7032,7.2528,0.01,0.0,False,Malveillance,,
2007,2007-07-13 07:32:00,7,06,Alpes-Maritimes,06069,Grasse,43.656,6.937,0.02,0.0,False,Inconnue,,
2007,2007-07-13 12:22:00,7,06,Alpes-Maritimes,06090,Pégomas,43.5886,6.9213,0.05,0.0,False,Inconnue,,
2007,2007-07-13 15:09:00,7,06,Alpes-Maritimes,06083,Menton,43.7961,7.498,0.5,0.0,False,Inconnue,,
2007,2007-07-13 21:30:00,7,33,Landes de Gascogne,33164,Fargues,44.5362,-0.2926,0.002,0.002,False,Naturelle,,
2007,2007-07-14 17:29:00,7,06,Alpes-Maritimes,06161,Villeneuve-Loubet,43.647,7.0984,0.01,0.0,False,Accidentelle,,
2007,2007-07-14 22:30:00,7,06,Alpes-Maritimes,06033,Carros,43.785,7.1798,0.03,0.0,False,Involontaire (particulier),,
2007,2007-07-14 22:40:00,7,06,Alpes-Maritimes,06151,Utelle,43.9392,7.2458,0.03,0.0,False,Inconnue,,
2007,2007-07-14 22:55:00,7,06,Alpes-Maritimes,06083,Menton,43.7961,7.498,0.05,0.0,False,Involontaire (particulier),,
2007,2007-07-15 13:35:00,7,06,Alpes-Maritimes,06048,Contes,43.8133,7.3263,0.21,0.0,False,Involontaire (particulier),,
2007,2007-07-15 21:27:00,7,33,Landes de Gascogne,33498,Salles,44.536,-0.8899,0.08,0.08,False,Inconnue,,
2007,2007-07-16 17:10:00,7,06,Alpes-Maritimes,06157,Vence,43.7373,7.0995,9.5,0.0,False,Inconnue,,
2007,2007-07-16 22:24:00,7,06,Alpes-Maritimes,06088,Nice,43.7032,7.2528,0.1,0.0,False,Inconnue,,
2007,2007-07-17 04:10:00,7,40,Landes de Gascogne,40287,Sanguinet,44.4776,-1.0903,0.01,0.01,False,Malveillance,,
2007,2007-07-17 16:59:00,7,06,Alpes-Maritimes,06046,Colomars,43.757,7.2212,0.6,0.0,False,Inconnue,,
2007,2007-07-18 07:16:00,7,06,Alpes-Maritimes,06033,Carros,43.785,7.1798,0.02,0.0,False,Inconnue,,
2007,2007-07-18 18:05:00,7,33,Landes de Gascogne,33318,Pessac,44.786,-0.681,0.004,0.004,False,Inconnue,,
2007,2007-07-18 19:12:00,7,33,Landes de Gascogne,33509,Savignac-de-l'Isle,44.986,-0.2381,0.04,0.04,False,Inconnue,,
2007,2007-07-20 09:00:00,7,40,Landes de Gascogne,40262,Saint-Gor,44.0752,-0.2367,0.0002,0.0002,False,Naturelle,,
2007,2007-07-20 23:08:00,7,33,Landes de Gascogne,33199,Gujan-Mestras,44.5758,-1.0813,0.01,0.01,False,Inconnue,,
2007,2007-07-20 23:35:00,7,06,Alpes-Maritimes,06129,Saint-Sauveur-sur-Tinée,44.1163,7.1226,0.015,0.0,False,Involontaire (particulier),,
2007,2007-07-22 13:40:00,7,40,Landes de Gascogne,40229,Pontenx-les-Forges,44.2554,-1.0914,0.001,0.001,False,Inconnue,,
2007,2007-07-22 17:20:00,7,06,Alpes-Maritimes,06079,Mandelieu-la-Napoule,43.5334,6.918,0.01,0.0,False,Inconnue,,
2007,2007-07-23 02:47:00,7,06,Alpes-Maritimes,06092,Peillon,43.7727,7.3668,0.02,0.0,False,Inconnue,,
2007,2007-07-24 15:40:00,7,06,Alpes-Maritimes,06072,Ilonse,44.0319,7.0901,105.0,95.0,True,Inconnue,,
2007,2007-07-24 15:40:00,7,06,Alpes-Maritimes,06088,Nice,43.7032,7.2528,0.1,0.0,False,Involontaire (travaux),,
2007,2007-07-24 15:57:00,7,06,Alpes-Maritimes,06083,Menton,43.7961,7.498,0.002,0.0,False,Involontaire (particulier),,
2007,2007-07-25 15:28:00,7,06,Alpes-Maritimes,06031,Cantaron,43.7694,7.3147,0.3,0.0,False,Inconnue,,
2007,2007-07-26 14:33:00,7,33,Landes de Gascogne,33529,La Teste-de-Buch,44.586,-1.1809,0.3,0.3,False,Accidentelle,,
2007,2007-07-27 16:21:00,7,40,Landes de Gascogne,40094,Escource,44.1639,-1.0361,0.29,0.29,False,Inconnue,,
2007,2007-07-28 09:39:00,7,06,Alpes-Maritimes,06027,Cagnes-sur-Mer,43.6712,7.1502,0.1,0.0,False,Involontaire (particulier),,
2007,2007-07-30 15:20:00,7,06,Alpes-Maritimes,06023,Breil-sur-Roya,43.9379,7.4996,0.015,0.0,False,Inconnue,,
2007,2007-07-30 16:39:00,7,06,Alpes-Maritimes,06083,Menton,43.7961,7.498,0.04,0.0,False,Involontaire (particulier),,
2007,2007-07-31 08:03:00,7,40,Landes de Gascogne,40108,Gastes,44.3117,-1.1996,0.001,0.001,False,Accidentelle,,
2007,2007-07-31 23:26:00,7,06,Alpes-Maritimes,06070,Gréolières,43.8037,6.9296,0.06,0.0,False,Accidentelle,,
2007,2007-08-01 09:29:00,8,40,Landes de Gascogne,40187,Moliets-et-Maa,43.8626,-1.3589,0.001,0.001,False,Involontaire (particulier),,
2007,2007-08-01 14:30:00,8,33,Landes de Gascogne,33529,La Teste-de-Buch,44.586,-1.1809,0.001,0.001,False,Inconnue,,
2007,2007-08-02 13:57:00,8,40,Landes de Gascogne,40157,Lit-et-Mixe,44.0273,-1.2704,0.7,0.2,False,Accidentelle,,
2007,2007-08-02 17:48:00,8,33,Landes de Gascogne,33540,Vendays-Montalivet,45.3378,-1.0953,0.1,0.1,False,Inconnue,,
2007,2007-08-02 18:00:00,8,06,Alpes-Maritimes,06108,La Roquette-sur-Siagne,43.5853,6.9475,0.03,0.0,False,Inconnue,,
2007,2007-08-03 17:50:00,8,33,Landes de Gascogne,33042,Belin-Béliet,44.4959,-0.7989,0.006,0.006,False,Accidentelle,,
2007,2007-08-03 23:18:00,8,40,Landes de Gascogne,40332,Ychoux,44.3545,-0.9643,0.02,0.02,False,Inconnue,,
2007,2007-08-03 23:30:00,8,40,Landes de Gascogne,40332,Ychoux,44.3545,-0.9643,0.02,0.02,False,Inconnue,,
2007,2007-08-04 00:04:00,8,40,Landes de Gascogne,40332,Ychoux,44.3545,-0.9643,0.05,0.05,False,Inconnue,,
2007,2007-08-04 07:03:00,8,40,Landes de Gascogne,40332,Ychoux,44.3545,-0.9643,4.67,4.67,False,Inconnue,,
2007,2007-08-04 10:18:00,8,06,Alpes-Maritimes,06127,Saint-Martin-Vésubie,44.0944,7.307,0.002,0.0,False,Inconnue,,
2007,2007-08-04 19:09:00,8,06,Alpes-Maritimes,06021,Bonson,43.8613,7.1786,0.005,0.0,False,Inconnue,,
2007,2007-08-05 19:18:00,8,06,Alpes-Maritimes,06057,L'Escarène,43.8303,7.3665,0.003,0.0,False,Involontaire (particulier),,
2007,2007-08-05 19:38:00,8,40,Landes de Gascogne,40046,Biscarrosse,44.4077,-1.1525,0.0001,0.0001,False,Inconnue,,
2007,2007-08-05 19:59:00,8,33,Landes de Gascogne,33335,Le Pout,44.8045,-0.3568,0.6,0.1,False,Inconnue,,
2007,2007-08-07 04:35:00,8,06,Alpes-Maritimes,06006,Aspremont,43.7772,7.2423,0.04,0.0,False,Accidentelle,,
2007,2007-08-07 15:12:00,8,33,Landes de Gascogne,33214,Lacanau,44.9879,-1.096,0.01,0.01,False,Inconnue,,
2007,2007-08-08 13:18:00,8,06,Alpes-Maritimes,06146,Tournefort,43.942,7.1596,0.006,0.0,False,Naturelle,,
2007,2007-08-08 13:28:00,8,06,Alpes-Maritimes,06111,Roure,44.1139,7.0603,0.005,0.0,False,Naturelle,,
2007,2007-08-08 14:19:00,8,06,Alpes-Maritimes,06078,Malaussène,43.9146,7.1389,0.001,0.0,False,Naturelle,,
2007,2007-08-08 16:50:00,8,06,Alpes-Maritimes,06016,Beuil,44.1176,6.9693,0.001,0.0,False,Naturelle,,
2007,2007-08-09 02:14:00,8,06,Alpes-Maritimes,06023,Breil-sur-Roya,43.9379,7.4996,0.15,0.0,False,Malveillance,,
2007,2007-08-09 13:27:00,8,06,Alpes-Maritimes,06009,Bairols,43.9856,7.1174,34.0,4.0,False,Naturelle,,
2007,2007-08-11 17:12:00,8,06,Alpes-Maritimes,06086,Moulinet,43.9503,7.4128,0.09,0.0,False,Naturelle,,
2007,2007-08-14 10:56:00,8,33,Landes de Gascogne,33322,Le Pian-Médoc,44.9555,-0.6737,0.03,0.01,False,Inconnue,,
2007,2007-08-14 22:56:00,8,06,Alpes-Maritimes,06044,La Colle-sur-Loup,43.6869,7.0975,0.08,0.0,False,Accidentelle,,
2007,2007-08-15 11:32:00,8,06,Alpes-Maritimes,06154,Valderoure,43.7943,6.7038,0.002,0.0,False,Naturelle,,
2007,2007-08-15 16:25:00,8,40,Landes de Gascogne,40184,Mimizan,44.1996,-1.2323,0.06,0.06,False,Inconnue,,
2007,2007-08-16 17:09:00,8,06,Alpes-Maritimes,06084,Mouans-Sartoux,43.6192,6.9677,0.03,0.0,False,Involontaire (particulier),,
2007,2007-08-16 17:35:00,8,06,Alpes-Maritimes,06124,Saint-Léger,44.0014,6.8189,0.8,0.0,False,Naturelle,,
2007,2007-08-18 07:04:00,8,06,Alpes-Maritimes,06154,Valderoure,43.7943,6.7038,0.05,0.0,False,Naturelle,,
2007,2007-08-18 23:25:00,8,40,Landes de Gascogne,40157,Lit-et-Mixe,44.0273,-1.2704,0.01,0.01,False,Inconnue,,
2007,2007-08-20 16:19:00,8,06,Alpes-Maritimes,06004,Antibes,43.5823,7.1048,0.04,0.0,False,Involontaire (travaux),,
2007,2007-08-20 17:39:00,8,06,Alpes-Maritimes,06050,Coursegoules,43.7898,7.0384,2.1,0.0,False,Inconnue,,
2007,2007-08-24 00:28:00,8,06,Alpes-Maritimes,06088,Nice,43.7032,7.2528,0.04,0.0,False,Accidentelle,,
2007,2007-08-26 10:55:00,8,06,Alpes-Maritimes,06016,Beuil,44.1176,6.9693,0.01,0.0,False,Naturelle,,
2007,2007-08-26 15:31:00,8,06,Alpes-Maritimes,06003,Andon,43.7755,6.8211,0.5,0.0,False,Inconnue,,
2007,2007-08-27 11:19:00,8,40,Landes de Gascogne,40105,Garein,44.0521,-0.6514,0.001,0.001,False,Accidentelle,,
2007,2007-08-27 16:12:00,8,06,Alpes-Maritimes,06104,Roquebrune-Cap-Martin,43.7638,7.4576,0.8,0.0,False,Inconnue,,
2007,2007-08-28 12:50:00,8,06,Alpes-Maritimes,06086,Moulinet,43.9503,7.4128,12.6,6.0,False,Inconnue,,
2007,2007-08-30 16:12:00,8,06,Alpes-Maritimes,06155,Vallauris,43.5787,7.0604,0.03,0.0,False,Malveillance,,
2007,2007-09-01 15:56:00,9,33,Landes de Gascogne,33267,Marcillac,,,1.0,1.0,False,Naturelle,,
2007,2007-09-01 17:23:00,9,40,Landes de Gascogne,40327,Vielle-Soubiran,44.0549,-0.1715,0.05,0.05,False,Inconnue,,
2007,2007-09-02 14:36:00,9,33,Landes de Gascogne,33498,Salles,44.536,-0.8899,0.005,0.005,False,Inconnue,,
2007,2007-09-04 09:56:00,9,06,Alpes-Maritimes,06088,Nice,43.7032,7.2528,0.004,0.0,False,Inconnue,,
2007,2007-09-04 11:28:00,9,40,Landes de Gascogne,40152,Lesperon,43.9654,-1.0835,0.5,0.5,False,Inconnue,,
2007,2007-09-04 12:00:00,9,06,Alpes-Maritimes,06026,Cabris,43.6602,6.8782,0.03,0.0,False,Inconnue,,
2007,2007-09-04 13:47:00,9,33,Landes de Gascogne,33239,Lerm-et-Musset,44.3354,-0.1579,0.3,0.3,False,Inconnue,,
2007,2007-09-04 18:59:00,9,33,Landes de Gascogne,33042,Belin-Béliet,44.4959,-0.7989,0.005,0.005,False,Inconnue,,
2007,2007-09-04 19:22:00,9,33,Landes de Gascogne,33498,Salles,44.536,-0.8899,0.1,0.1,False,Inconnue,,
2007,2007-09-04 20:05:00,9,33,Landes de Gascogne,33498,Salles,44.536,-0.8899,0.01,0.01,False,Inconnue,,
2007,2007-09-05 10:29:00,9,06,Alpes-Maritimes,06161,Villeneuve-Loubet,43.647,7.0984,0.03,0.0,False,Inconnue,,
2007,2007-09-05 14:34:00,9,06,Alpes-Maritimes,06088,Nice,43.7032,7.2528,0.25,0.0,False,Inconnue,,
2007,2007-09-06 14:56:00,9,06,Alpes-Maritimes,06065,La Gaude,43.7177,7.1605,0.02,0.0,False,Inconnue,,
2007,2007-09-06 21:04:00,9,33,Landes de Gascogne,33122,Cestas,44.7274,-0.7349,0.02,0.02,False,Inconnue,,
2007,2007-09-07 14:44:00,9,33,Landes de Gascogne,33284,Mios,44.6105,-0.8913,0.3,0.3,False,Inconnue,,
2007,2007-09-07 17:24:00,9,33,Landes de Gascogne,33128,Civrac-en-Médoc,45.342,-0.9146,0.006,0.006,False,Malveillance,,
2007,2007-09-08 00:07:00,9,40,Landes de Gascogne,40332,Ychoux,44.3545,-0.9643,1.0,1.0,False,Inconnue,,
2007,2007-09-08 04:13:00,9,06,Alpes-Maritimes,06046,Colomars,43.757,7.2212,0.02,0.0,False,Accidentelle,,
2007,2007-09-10 17:08:00,9,06,Alpes-Maritimes,06078,Malaussène,43.9146,7.1389,0.003,0.0,False,Involontaire (particulier),,
2007,2007-09-11 19:27:00,9,33,Landes de Gascogne,33042,Belin-Béliet,44.4959,-0.7989,0.05,0.05,False,Inconnue,,
2007,2007-09-12 16:38:00,9,06,Alpes-Maritimes,06105,Roquefort-les-Pins,43.6723,7.0565,0.01,0.0,False,Inconnue,,
2007,2007-09-13 09:24:00,9,40,Landes de Gascogne,40262,Saint-Gor,44.0752,-0.2367,1.5,1.5,False,Inconnue,,
2007,2007-09-14 11:52:00,9,33,Landes de Gascogne,33267,Marcillac,,,0.01,0.01,False,Involontaire (travaux),,
2007,2007-09-14 14:18:00,9,33,Landes de Gascogne,33042,Belin-Béliet,44.4959,-0.7989,0.03,0.03,False,Inconnue,,
2007,2007-09-14 14:33:00,9,06,Alpes-Maritimes,06152,Valbonne,43.6267,7.0291,0.04,0.0,False,Inconnue,,
2007,2007-09-14 16:03:00,9,06,Alpes-Maritimes,06157,Vence,43.7373,7.0995,55.3,0.0,False,Inconnue,,
2007,2007-09-14 21:49:00,9,33,Landes de Gascogne,33068,Bourideys,44.3614,-0.4769,0.5,0.5,False,Inconnue,,
2007,2007-09-14 23:48:00,9,33,Landes de Gascogne,33537,Uzeste,44.4304,-0.3269,0.5,0.5,False,Inconnue,,
2007,2007-09-15 16:32:00,9,40,Landes de Gascogne,40334,Yzosse,43.7189,-1.015,0.15,0.15,False,Inconnue,,
2007,2007-09-15 17:47:00,9,33,Landes de Gascogne,33012,Arsac,44.9869,-0.7018,0.35,0.35,False,Involontaire (travaux),,
2007,2007-09-16 12:58:00,9,33,Landes de Gascogne,33417,Sainte-Hélène,44.9653,-0.9071,0.3,0.3,False,Inconnue,,
2007,2007-09-16 14:55:00,9,33,Landes de Gascogne,33529,La Teste-de-Buch,44.586,-1.1809,0.01,0.01,False,Inconnue,,
2007,2007-09-16 15:58:00,9,33,Landes de Gascogne,33229,Lanton,44.7719,-0.9799,0.1,0.1,False,Inconnue,,
2007,2007-09-16 20:36:00,9,33,Landes de Gascogne,33338,Prignac-en-Médoc,,,1.0,1.0,False,Inconnue,,
2007,2007-09-16 23:32:00,9,33,Landes de Gascogne,33336,Préchac,44.3859,-0.3715,0.4,0.4,False,Inconnue,,
2007,2007-09-17 07:06:00,9,33,Landes de Gascogne,33056,Blanquefort,44.9216,-0.61,0.001,0.001,False,Inconnue,,
2007,2007-09-17 07:56:00,9,40,Landes de Gascogne,40246,Sabres,44.1532,-0.7332,1.0,1.0,False,Inconnue,,
2007,2007-09-17 13:42:00,9,33,Landes de Gascogne,33236,Lège-Cap-Ferret,44.7452,-1.174,0.001,0.001,False,Involontaire (particulier),,
2007,2007-09-17 15:00:00,9,40,Landes de Gascogne,40319,Trensacq,44.232,-0.7015,0.005,0.005,False,Naturelle,,
2007,2007-09-17 15:57:00,9,40,Landes de Gascogne,40250,Saint-Avit,43.9439,-0.4527,0.005,0.005,False,Inconnue,,
2007,2007-09-17 17:45:00,9,40,Landes de Gascogne,40217,Parentis-en-Born,44.3527,-1.0879,0.0001,0.0001,False,Naturelle,,
2007,2007-09-18 16:09:00,9,06,Alpes-Maritimes,06058,Escragnolles,43.7236,6.7758,0.2,0.0,False,Naturelle,,
2007,2007-09-18 18:29:00,9,40,Landes de Gascogne,40210,Onesse-Laharie,44.063,-1.0224,1.1,0.1,False,Naturelle,,
2007,2007-09-19 15:46:00,9,33,Landes de Gascogne,33336,Préchac,44.3859,-0.3715,0.002,0.002,False,Naturelle,,
2007,2007-09-20 14:57:00,9,40,Landes de Gascogne,40184,Mimizan,44.1996,-1.2323,0.001,0.001,False,Naturelle,,
2007,2007-09-21 15:13:00,9,40,Landes de Gascogne,40266,Saint-Julien-en-Born,44.0854,-1.2551,0.2,0.2,False,Inconnue,,
2007,2007-09-21 16:05:00,9,40,Landes de Gascogne,40246,Sabres,44.1532,-0.7332,0.0001,0.0001,False,Involontaire (travaux),,
2007,2007-09-21 17:44:00,9,40,Landes de Gascogne,40066,Carcarès-Sainte-Croix,43.8568,-0.7602,0.3,0.3,False,Naturelle,,
2007,2007-09-21 18:55:00,9,40,Landes de Gascogne,40279,Saint-Paul-lès-Dax,43.7485,-1.0941,0.1,0.1,False,Involontaire (travaux),,
2007,2007-09-22 11:04:00,9,40,Landes de Gascogne,40043,Bias,44.1347,-1.2379,0.0005,0.0005,False,Naturelle,,
2007,2007-09-23 21:19:00,9,33,Landes de Gascogne,33300,Naujac-sur-Mer,45.2596,-1.0643,0.001,0.001,False,Inconnue,,
2007,2007-09-24 15:07:00,9,06,Alpes-Maritimes,06109,La Roquette-sur-Var,43.8328,7.2072,0.3,0.0,False,Involontaire (travaux),,
2007,2007-09-24 16:07:00,9,33,Landes de Gascogne,33029,Le Barp,44.6297,-0.7437,1.1,1.1,False,Inconnue,,
2007,2007-09-26 07:00:00,9,06,Alpes-Maritimes,06089,Opio,43.6574,7.0094,0.02,0.0,False,Inconnue,,
2007,2007-09-26 10:29:00,9,06,Alpes-Maritimes,06058,Escragnolles,43.7236,6.7758,0.001,0.0,False,Naturelle,,
2007,2007-09-28 17:45:00,9,06,Alpes-Maritimes,06070,Gréolières,43.8037,6.9296,0.003,0.0,False,Inconnue,,
2007,2007-09-28 23:54:00,9,33,Landes de Gascogne,33229,Lanton,44.7719,-0.9799,0.001,0.001,False,Accidentelle,,
2007,2007-10-01 14:43:00,10,06,Alpes-Maritimes,06033,Carros,43.785,7.1798,0.02,0.0,False,Involontaire (particulier),,
2007,2007-10-01 14:48:00,10,06,Alpes-Maritimes,06122,Saint-Jeannet,43.7619,7.1477,0.7,0.0,False,Inconnue,,
2007,2007-10-03 13:29:00,10,06,Alpes-Maritimes,06072,Ilonse,44.0319,7.0901,0.06,0.0,False,Involontaire (travaux),,
2007,2007-10-04 16:53:00,10,40,Landes de Gascogne,40161,Lubbon,44.1097,-0.0127,0.02,0.02,False,Naturelle,,
2007,2007-10-04 17:25:00,10,33,Landes de Gascogne,33450,Saint-Michel-de-Castelnau,44.2882,-0.0939,3.0,3.0,False,Naturelle,,
2007,2007-10-06 14:50:00,10,06,Alpes-Maritimes,06060,Falicon,43.7533,7.266,0.2,0.0,False,Involontaire (particulier),,
2007,2007-10-09 16:43:00,10,06,Alpes-Maritimes,06100,Revest-les-Roches,43.8823,7.1693,0.4,0.0,False,Inconnue,,
2007,2007-10-12 18:58:00,10,06,Alpes-Maritimes,06075,Levens,43.8501,7.2358,0.04,0.0,False,Inconnue,,
2007,2007-10-13 11:34:00,10,06,Alpes-Maritimes,06149,La Trinité,43.7415,7.3413,0.3,0.0,False,Involontaire (travaux),,
2007,2007-10-13 14:05:00,10,06,Alpes-Maritimes,06069,Grasse,43.656,6.937,0.25,0.0,False,Involontaire (travaux),,
2007,2007-10-13 17:29:00,10,33,Landes de Gascogne,33323,Le Pian-sur-Garonne,44.5818,-0.2168,0.05,0.05,False,Inconnue,,
2007,2007-10-13 17:46:00,10,06,Alpes-Maritimes,06150,La Turbie,43.7462,7.3973,0.3,0.0,False,Involontaire (particulier),,
2007,2007-10-16 13:45:00,10,33,Landes de Gascogne,33005,Andernos-les-Bains,44.7529,-1.082,0.5,0.5,False,Inconnue,,
2007,2007-10-17 13:35:00,10,06,Alpes-Maritimes,06025,Le Broc,43.8146,7.1621,0.7,0.0,False,Involontaire (particulier),,
2007,2007-10-18 12:23:00,10,06,Alpes-Maritimes,06083,Menton,43.7961,7.498,0.03,0.0,False,Involontaire (particulier),,
2007,2007-10-18 14:38:00,10,06,Alpes-Maritimes,06007,Auribeau-sur-Siagne,43.6105,6.9118,0.35,0.0,False,Involontaire (particulier),,
2007,2007-10-19 16:26:00,10,40,Landes de Gascogne,40081,Cère,43.9933,-0.5468,0.3,0.3,False,Inconnue,,
2007,2007-10-20 15:43:00,10,06,Alpes-Maritimes,06116,Saint-Auban,43.8319,6.7367,0.3,0.0,False,Involontaire (travaux),,
2007,2007-10-20 15:50:00,10,06,Alpes-Maritimes,06105,Roquefort-les-Pins,43.6723,7.0565,0.08,0.0,False,Involontaire (travaux),,
2007,2007-10-20 15:51:00,10,06,Alpes-Maritimes,06089,Opio,43.6574,7.0094,0.01,0.0,False,Inconnue,,
2007,2007-10-20 19:09:00,10,33,Landes de Gascogne,33208,Jau-Dignac-et-Loirac,45.4337,-0.9258,0.3,0.3,False,Inconnue,,
2007,2007-10-21 13:40:00,10,06,Alpes-Maritimes,06153,Valdeblore,44.1152,7.1949,28.0,0.0,False,Inconnue,,
2007,2007-10-21 14:49:00,10,06,Alpes-Maritimes,06048,Contes,43.8133,7.3263,0.05,0.0,False,Accidentelle,,
2007,2007-10-21 15:39:00,10,06,Alpes-Maritimes,06148,Tourrettes-sur-Loup,43.718,7.0353,1.0,0.0,False,Involontaire (particulier),,
2007,2007-10-21 19:01:00,10,33,Landes de Gascogne,33236,Lège-Cap-Ferret,44.7452,-1.174,0.012,0.01,False,Inconnue,,
2007,2007-10-22 12:33:00,10,06,Alpes-Maritimes,06100,Revest-les-Roches,43.8823,7.1693,0.04,0.0,False,Inconnue,,
2007,2007-10-22 14:30:00,10,06,Alpes-Maritimes,06147,Tourrette-Levens,43.7882,7.275,0.04,0.0,False,Involontaire (particulier),,
2007,2007-10-22 15:25:00,10,06,Alpes-Maritimes,06127,Saint-Martin-Vésubie,44.0944,7.307,0.15,0.0,False,Inconnue,,
2007,2007-10-22 16:50:00,10,06,Alpes-Maritimes,06122,Saint-Jeannet,43.7619,7.1477,0.08,0.0,False,Inconnue,,
2007,2007-10-23 16:49:00,10,33,Landes de Gascogne,33547,Villandraut,44.4502,-0.381,0.02,0.02,False,Inconnue,,
2007,2007-10-24 14:04:00,10,33,Landes de Gascogne,33046,Bernos-Beaulac,44.3641,-0.259,0.0015,0.0015,False,Inconnue,,
2007,2007-10-24 15:47:00,10,06,Alpes-Maritimes,06015,Berre-les-Alpes,43.8342,7.3306,0.3,0.0,False,Involontaire (particulier),,
2007,2007-10-24 16:33:00,10,06,Alpes-Maritimes,06148,Tourrettes-sur-Loup,43.718,7.0353,0.1,0.0,False,Inconnue,,
2007,2007-10-24 18:55:00,10,06,Alpes-Maritimes,06023,Breil-sur-Roya,43.9379,7.4996,0.8,0.0,False,Malveillance,,
2007,2007-10-25 10:16:00,10,40,Landes de Gascogne,40014,Arue,44.051,-0.3607,0.15,0.15,False,Inconnue,,
2007,2007-10-25 11:05:00,10,33,Landes de Gascogne,33042,Belin-Béliet,44.4959,-0.7989,0.01,0.01,False,Inconnue,,
2007,2007-10-28 10:47:00,10,33,Landes de Gascogne,33162,Eysines,44.8779,-0.646,2.0,2.0,False,Inconnue,,
2007,2007-10-28 10:57:00,10,06,Alpes-Maritimes,06136,Sospel,43.8872,7.4493,0.2,0.0,False,Involontaire (particulier),,
2007,2007-10-29 11:35:00,10,33,Landes de Gascogne,33417,Sainte-Hélène,44.9653,-0.9071,1.5,1.5,False,Inconnue,,
2007,2007-10-29 16:57:00,10,33,Landes de Gascogne,33076,Budos,44.537,-0.4058,0.005,0.005,False,Inconnue,,
2007,2007-10-30 08:35:00,10,06,Alpes-Maritimes,06059,Èze,43.7299,7.3566,0.3,0.0,False,Malveillance,,
2007,2007-10-30 13:07:00,10,06,Alpes-Maritimes,06136,Sospel,43.8872,7.4493,0.08,0.0,False,Involontaire (particulier),,
2007,2007-11-05 14:12:00,11,06,Alpes-Maritimes,06023,Breil-sur-Roya,43.9379,7.4996,0.15,0.0,False,Involontaire (particulier),,
2007,2007-11-05 19:08:00,11,33,Landes de Gascogne,33029,Le Barp,44.6297,-0.7437,0.02,0.02,False,Accidentelle,,
2007,2007-11-07 08:36:00,11,40,Landes de Gascogne,40169,Maillas,44.212,-0.1786,0.05,0.05,False,Inconnue,,
2007,2007-11-07 13:47:00,11,33,Landes de Gascogne,33097,Carcans,45.0794,-1.0404,0.08,0.08,False,Accidentelle,,
2007,2007-11-08 18:21:00,11,06,Alpes-Maritimes,06054,Drap,43.7587,7.3395,0.04,0.0,False,Inconnue,,
2007,2007-11-10 14:18:00,11,06,Alpes-Maritimes,06103,Roquebillière,44.0282,7.2885,0.5,0.0,False,Involontaire (particulier),,
2007,2007-11-11 15:21:00,11,33,Landes de Gascogne,33200,Le Haillan,44.8713,-0.6903,0.05,0.05,False,Inconnue,,
2007,2007-11-13 14:24:00,11,40,Landes de Gascogne,40287,Sanguinet,44.4776,-1.0903,0.2,0.2,False,Involontaire (travaux),,
2007,2007-11-13 16:48:00,11,40,Landes de Gascogne,40229,Pontenx-les-Forges,44.2554,-1.0914,0.2,0.2,False,Inconnue,,
2007,2007-11-14 15:05:00,11,33,Landes de Gascogne,33449,Saint-Médard-en-Jalles,44.8861,-0.7823,0.025,0.025,False,Involontaire (travaux),,
2007,2007-11-17 04:30:00,11,06,Alpes-Maritimes,06088,Nice,43.7032,7.2528,0.2,0.0,False,Inconnue,,
2007,2007-11-17 14:08:00,11,40,Landes de Gascogne,40036,Bénesse-Maremne,43.634,-1.3679,0.05,0.05,False,Inconnue,,
2007,2007-11-17 14:57:00,11,06,Alpes-Maritimes,06162,La Brigue,44.0897,7.6496,8.1,3.0,False,Inconnue,,
2007,2007-11-17 16:00:00,11,06,Alpes-Maritimes,06095,Peymeinade,43.6289,6.8807,0.2,0.0,False,Involontaire (particulier),,
2007,2007-11-17 17:45:00,11,06,Alpes-Maritimes,06149,La Trinité,43.7415,7.3413,3.8,0.0,False,Malveillance,,
2007,2007-11-18 11:06:00,11,33,Landes de Gascogne,33529,La Teste-de-Buch,44.586,-1.1809,0.002,0.002,False,Inconnue,,
2007,2007-11-18 11:45:00,11,33,Landes de Gascogne,33355,Rions,44.6681,-0.3299,0.001,0.001,False,Malveillance,,
2007,2007-11-18 13:43:00,11,40,Landes de Gascogne,40243,Rion-des-Landes,43.9318,-0.9436,1.0,0.7,False,Inconnue,,
2007,2007-11-18 17:00:00,11,06,Alpes-Maritimes,06092,Peillon,43.7727,7.3668,0.5,0.0,False,Inconnue,,
2007,2007-11-19 22:51:00,11,06,Alpes-Maritimes,06001,Aiglun,43.8552,6.9348,1.8,1.8,False,Inconnue,,
2007,2007-12-04 12:11:00,12,06,Alpes-Maritimes,06156,Venanson,44.0412,7.2386,1.7,0.0,False,Malveillance,,
2007,2007-12-11 13:27:00,12,06,Alpes-Maritimes,06069,Grasse,43.656,6.937,0.8,0.0,False,Involontaire (particulier),,
2007,2007-12-14 16:57:00,12,06,Alpes-Maritimes,06082,Massoins,43.9552,7.1305,1.9,0.0,False,Involontaire (travaux),,
2007,2007-12-15 17:19:00,12,06,Alpes-Maritimes,06101,Rigaud,43.9942,6.976,0.02,0.0,False,Inconnue,,
2007,2007-12-16 13:12:00,12,06,Alpes-Maritimes,06098,Puget-Rostang,44.0056,6.9333,0.15,0.0,False,Involontaire (particulier),,
2007,2007-12-17 15:14:00,12,06,Alpes-Maritimes,06162,La Brigue,44.0897,7.6496,0.5787,0.0,False,Accidentelle,,
2007,2007-12-18 12:57:00,12,06,Alpes-Maritimes,06098,Puget-Rostang,44.0056,6.9333,0.35,0.0,False,Inconnue,,
2007,2007-12-27 13:35:00,12,06,Alpes-Maritimes,06017,Bézaudun-les-Alpes,43.8026,7.0908,0.9,0.0,False,Malveillance,,
2007,2007-12-28 17:35:00,12,06,Alpes-Maritimes,06156,Venanson,44.0412,7.2386,3.0,0.0,False,Involontaire (particulier),,
2007,2007-12-29 05:53:00,12,06,Alpes-Maritimes,06048,Contes,43.8133,7.3263,0.002,0.0,False,Inconnue,,
2008,2008-01-01 12:16:00,1,06,Alpes-Maritimes,06024,Briançonnet,43.8654,6.7325,0.6,0.0,False,Involontaire (particulier),,
2008,2008-01-20 15:08:00,1,06,Alpes-Maritimes,06020,La Bollène-Vésubie,43.9945,7.3749,5.0,0.0,False,Inconnue,,
2008,2008-01-22 07:52:00,1,06,Alpes-Maritimes,06130,Saint-Vallier-de-Thiey,43.6994,6.8516,6.0,0.0,False,Involontaire (particulier),,
2008,2008-01-25 13:22:00,1,06,Alpes-Maritimes,06023,Breil-sur-Roya,43.9379,7.4996,1.9,1.9,False,Involontaire (particulier),,
2008,2008-01-26 11:19:00,1,06,Alpes-Maritimes,06157,Vence,43.7373,7.0995,0.1,0.0,False,Inconnue,,
2008,2008-01-26 12:57:00,1,06,Alpes-Maritimes,06023,Breil-sur-Roya,43.9379,7.4996,31.0,0.0,False,Involontaire (particulier),,
2008,2008-01-27 12:30:00,1,06,Alpes-Maritimes,06074,Lantosque,43.9787,7.3121,27.5,2.0,False,Inconnue,,
2008,2008-01-28 13:32:00,1,06,Alpes-Maritimes,06050,Coursegoules,43.7898,7.0384,11.0,0.0,False,Inconnue,,
2008,2008-01-31 16:20:00,1,06,Alpes-Maritimes,06050,Coursegoules,43.7898,7.0384,9.1,0.0,False,Inconnue,,
2008,2008-02-07 16:23:00,2,40,Landes de Gascogne,40085,Commensacq,44.2082,-0.8272,0.96,0.96,False,Accidentelle,,
2008,2008-02-08 14:59:00,2,06,Alpes-Maritimes,06098,Puget-Rostang,44.0056,6.9333,2.5,0.0,False,Inconnue,,
2008,2008-02-08 16:18:00,2,06,Alpes-Maritimes,06050,Coursegoules,43.7898,7.0384,19.35,0.0,False,Inconnue,,
2008,2008-02-09 00:45:00,2,40,Landes de Gascogne,40197,Morcenx-la-Nouvelle,44.0318,-0.9147,0.04,0.04,False,Accidentelle,,
2008,2008-02-09 13:16:00,2,40,Landes de Gascogne,40319,Trensacq,44.232,-0.7015,0.2,0.2,False,Accidentelle,,
2008,2008-02-11 14:10:00,2,06,Alpes-Maritimes,06153,Valdeblore,44.1152,7.1949,0.3,0.0,False,Involontaire (particulier),,
2008,2008-02-11 15:27:00,2,06,Alpes-Maritimes,06023,Breil-sur-Roya,43.9379,7.4996,0.01,0.0,False,Involontaire (particulier),,
2008,2008-02-12 17:02:00,2,40,Landes de Gascogne,40100,Le Frêche,43.9246,-0.2493,0.4,0.4,False,Involontaire (particulier),,
2008,2008-02-13 14:35:00,2,33,Landes de Gascogne,33042,Belin-Béliet,44.4959,-0.7989,0.3,0.3,False,Inconnue,,
2008,2008-02-13 15:23:00,2,40,Landes de Gascogne,40168,Magescq,43.7753,-1.1841,0.02,0.02,False,Involontaire (particulier),,
2008,2008-02-15 16:50:00,2,06,Alpes-Maritimes,06050,Coursegoules,43.7898,7.0384,0.9,0.0,False,Inconnue,,
2008,2008-02-15 18:01:00,2,40,Landes de Gascogne,40046,Biscarrosse,44.4077,-1.1525,0.01,0.01,False,Inconnue,,
2008,2008-02-16 16:30:00,2,33,Landes de Gascogne,33271,Marions,44.373,-0.0881,0.1,0.1,False,Involontaire (particulier),,
2008,2008-02-17 14:04:00,2,33,Landes de Gascogne,33284,Mios,44.6105,-0.8913,0.5,0.5,False,Inconnue,,
2008,2008-02-17 17:05:00,2,33,Landes de Gascogne,33151,Donnezac,45.2397,-0.4468,0.03,0.03,False,Inconnue,,
2008,2008-02-18 03:24:00,2,33,Landes de Gascogne,33422,Saint-Jean-d'Illac,44.7973,-0.8156,0.4,0.4,False,Inconnue,,
2008,2008-02-18 04:21:00,2,33,Landes de Gascogne,33090,Canéjan,44.7572,-0.659,0.1,0.1,False,Inconnue,,
2008,2008-02-18 09:41:00,2,40,Landes de Gascogne,40119,Hagetmau,43.6498,-0.5866,0.0005,0.0005,False,Inconnue,,
2008,2008-02-18 12:39:00,2,33,Landes de Gascogne,33155,Escaudes,44.3174,-0.2043,0.02,0.02,False,Inconnue,,
2008,2008-02-18 13:59:00,2,33,Landes de Gascogne,33225,Landiras,44.5696,-0.4333,0.15,0.15,False,Accidentelle,,
2008,2008-02-18 15:15:00,2,33,Landes de Gascogne,33097,Carcans,45.0794,-1.0404,0.2,0.2,False,Inconnue,,
2008,2008-02-18 15:41:00,2,06,Alpes-Maritimes,06157,Vence,43.7373,7.0995,15.0,0.0,False,Inconnue,,
2008,2008-02-18 16:51:00,2,06,Alpes-Maritimes,06074,Lantosque,43.9787,7.3121,2.93,1.93,False,Inconnue,,
2008,2008-02-18 17:56:00,2,33,Landes de Gascogne,33177,Gaillan-en-Médoc,45.3135,-0.9946,0.05,0.05,False,Accidentelle,,
2008,2008-02-18 20:25:00,2,33,Landes de Gascogne,33202,Hostens,44.4834,-0.6616,0.1,0.1,False,Malveillance,,
2008,2008-02-19 15:25:00,2,06,Alpes-Maritimes,06050,Coursegoules,43.7898,7.0384,0.4,0.0,False,Inconnue,,
2008,2008-02-19 16:00:00,2,06,Alpes-Maritimes,06003,Andon,43.7755,6.8211,0.3,0.0,False,Inconnue,,
2008,2008-02-20 11:35:00,2,06,Alpes-Maritimes,06013,Belvédère,44.0615,7.3612,0.6,0.0,False,Inconnue,,
2008,2008-02-20 13:42:00,2,06,Alpes-Maritimes,06009,Bairols,43.9856,7.1174,0.5,0.0,False,Inconnue,,
2008,2008-02-20 15:22:00,2,33,Landes de Gascogne,33042,Belin-Béliet,44.4959,-0.7989,2.0,2.0,False,Inconnue,,
2008,2008-02-20 17:00:00,2,33,Landes de Gascogne,33417,Sainte-Hélène,44.9653,-0.9071,0.07,0.07,False,Inconnue,,
2008,2008-02-21 08:46:00,2,40,Landes de Gascogne,40053,Bourriot-Bergonce,44.153,-0.2091,0.03,0.03,False,Involontaire (travaux),,
2008,2008-02-21 14:59:00,2,40,Landes de Gascogne,40233,Pouillon,43.6067,-1.0,0.05,0.04,False,Involontaire (particulier),,
2008,2008-02-22 11:39:00,2,40,Landes de Gascogne,40087,Créon-d'Armagnac,43.9948,-0.0744,0.04,0.04,False,Involontaire (travaux),,
2008,2008-02-22 14:52:00,2,33,Landes de Gascogne,33279,Mazères,44.5023,-0.251,0.2,0.2,False,Involontaire (particulier),,
2008,2008-02-22 16:59:00,2,40,Landes de Gascogne,40229,Pontenx-les-Forges,44.2554,-1.0914,0.7,0.7,False,Inconnue,,
2008,2008-02-23 09:43:00,2,06,Alpes-Maritimes,06148,Tourrettes-sur-Loup,43.718,7.0353,0.4,0.0,False,Involontaire (particulier),,
2008,2008-02-24 11:50:00,2,33,Landes de Gascogne,33284,Mios,44.6105,-0.8913,0.4,0.4,False,Malveillance,,
2008,2008-02-24 14:08:00,2,33,Landes de Gascogne,33498,Salles,44.536,-0.8899,0.5,0.5,False,Inconnue,,
2008,2008-02-24 14:13:00,2,33,Landes de Gascogne,33541,Vensac,45.4039,-1.0821,0.25,0.25,False,Accidentelle,,
2008,2008-02-24 16:36:00,2,33,Landes de Gascogne,33378,Saint-Avit-Saint-Nazaire,44.8478,0.2762,0.5,0.1,False,Involontaire (particulier),,
2008,2008-02-25 16:24:00,2,33,Landes de Gascogne,33318,Pessac,44.786,-0.681,0.5,0.5,False,Inconnue,,
2008,2008-03-01 19:18:00,3,06,Alpes-Maritimes,06118,Saint-Cézaire-sur-Siagne,43.6592,6.8049,0.7122,0.0,False,Inconnue,,
2008,2008-03-02 11:44:00,3,06,Alpes-Maritimes,06009,Bairols,43.9856,7.1174,0.9,0.0,False,Involontaire (particulier),,
2008,2008-03-02 18:07:00,3,33,Landes de Gascogne,33473,Saint-Savin,45.1611,-0.4449,0.011,0.01,False,Accidentelle,,
2008,2008-03-03 12:01:00,3,06,Alpes-Maritimes,06058,Escragnolles,43.7236,6.7758,0.4,0.0,False,Involontaire (particulier),,
2008,2008-03-03 17:00:00,3,33,Landes de Gascogne,33322,Le Pian-Médoc,44.9555,-0.6737,0.01,0.01,False,Inconnue,,
2008,2008-03-03 17:30:00,3,06,Alpes-Maritimes,06158,Villars-sur-Var,43.9564,7.076,20.8,20.8,False,Involontaire (travaux),,
2008,2008-03-04 07:27:00,3,06,Alpes-Maritimes,06042,Clans,44.003,7.1827,0.5822,0.0,False,Inconnue,,
2008,2008-03-04 15:39:00,3,06,Alpes-Maritimes,06101,Rigaud,43.9942,6.976,12.0,0.0,False,Inconnue,,
2008,2008-03-04 15:48:00,3,33,Landes de Gascogne,33422,Saint-Jean-d'Illac,44.7973,-0.8156,0.15,0.15,False,Inconnue,,
2008,2008-03-04 17:06:00,3,33,Landes de Gascogne,33484,Saint-Symphorien,44.4261,-0.5505,0.001,0.001,False,Naturelle,,
2008,2008-03-05 15:06:00,3,06,Alpes-Maritimes,06160,Villeneuve-d'Entraunes,44.1301,6.774,0.1,0.0,False,Inconnue,,
2008,2008-03-05 18:45:00,3,06,Alpes-Maritimes,06101,Rigaud,43.9942,6.976,0.85,0.0,False,Inconnue,,
2008,2008-03-05 23:04:00,3,06,Alpes-Maritimes,06148,Tourrettes-sur-Loup,43.718,7.0353,0.1,0.0,False,Inconnue,,
2008,2008-03-05 23:13:00,3,33,Landes de Gascogne,33284,Mios,44.6105,-0.8913,0.005,0.005,False,Inconnue,,
2008,2008-03-06 15:41:00,3,33,Landes de Gascogne,33042,Belin-Béliet,44.4959,-0.7989,0.15,0.15,False,Inconnue,,
2008,2008-03-06 16:01:00,3,06,Alpes-Maritimes,06128,Saint-Paul-de-Vence,43.6928,7.1196,0.5,0.0,False,Involontaire (travaux),,
2008,2008-03-08 19:22:00,3,33,Landes de Gascogne,33422,Saint-Jean-d'Illac,44.7973,-0.8156,0.1,0.1,False,Accidentelle,,
2008,2008-03-12 16:03:00,3,06,Alpes-Maritimes,06050,Coursegoules,43.7898,7.0384,3.3,0.0,False,Inconnue,,
2008,2008-03-15 18:45:00,3,06,Alpes-Maritimes,06017,Bézaudun-les-Alpes,43.8026,7.0908,2.2,0.0,False,Inconnue,,
2008,2008-03-18 17:04:00,3,33,Landes de Gascogne,33042,Belin-Béliet,44.4959,-0.7989,4.0,4.0,False,Inconnue,,
2008,2008-03-19 18:25:00,3,33,Landes de Gascogne,33026,Balizac,44.4878,-0.45,0.3,0.3,False,Inconnue,,
2008,2008-03-20 15:14:00,3,40,Landes de Gascogne,40181,Messanges,43.8086,-1.3629,0.5,0.5,False,Inconnue,,
2008,2008-03-20 17:00:00,3,33,Landes de Gascogne,33281,Mérignac,44.8313,-0.682,0.4,0.4,False,Inconnue,,
2008,2008-03-23 16:05:00,3,06,Alpes-Maritimes,06083,Menton,43.7961,7.498,49.0,0.0,False,Inconnue,,
2008,2008-03-25 14:34:00,3,06,Alpes-Maritimes,06005,Ascros,43.9171,7.0159,22.0,22.0,False,Inconnue,,
2008,2008-03-25 15:55:00,3,06,Alpes-Maritimes,06017,Bézaudun-les-Alpes,43.8026,7.0908,0.9,0.0,False,Inconnue,,
2008,2008-03-26 13:15:00,3,06,Alpes-Maritimes,06049,Courmes,43.7514,7.0196,6.7,0.0,False,Inconnue,,
2008,2008-03-28 14:15:00,3,06,Alpes-Maritimes,06127,Saint-Martin-Vésubie,44.0944,7.307,0.25,0.0,False,Involontaire (particulier),,
2008,2008-03-28 15:02:00,3,06,Alpes-Maritimes,06017,Bézaudun-les-Alpes,43.8026,7.0908,2.4,0.0,False,Involontaire (travaux),,
2008,2008-03-29 05:50:00,3,06,Alpes-Maritimes,06122,Saint-Jeannet,43.7619,7.1477,0.03,0.0,False,Inconnue,,
2008,2008-03-30 18:17:00,3,06,Alpes-Maritimes,06051,La Croix-sur-Roudoule,44.0032,6.871,0.5464,0.0,False,Inconnue,,
2008,2008-04-01 11:03:00,4,06,Alpes-Maritimes,06027,Cagnes-sur-Mer,43.6712,7.1502,0.03,0.0,False,Inconnue,,
2008,2008-04-01 14:43:00,4,06,Alpes-Maritimes,06110,Roubion,44.1121,7.0233,0.1,0.0,False,Involontaire (travaux),,
2008,2008-04-01 16:51:00,4,06,Alpes-Maritimes,06154,Valderoure,43.7943,6.7038,0.2,0.0,False,Involontaire (particulier),,
2008,2008-04-01 18:39:00,4,06,Alpes-Maritimes,06066,Gilette,43.8436,7.1602,0.5,0.0,False,Involontaire (particulier),,
2008,2008-04-02 15:25:00,4,06,Alpes-Maritimes,06151,Utelle,43.9392,7.2458,0.3,0.0,False,Inconnue,,
2008,2008-04-02 16:34:00,4,06,Alpes-Maritimes,06152,Valbonne,43.6267,7.0291,0.015,0.0,False,Malveillance,,
2008,2008-04-02 18:38:00,4,40,Landes de Gascogne,40320,Uchacq-et-Parentis,43.945,-0.5476,0.5,0.5,False,Involontaire (particulier),,
2008,2008-04-03 18:08:00,4,06,Alpes-Maritimes,06157,Vence,43.7373,7.0995,0.9,0.0,False,Involontaire (particulier),,
2008,2008-04-04 11:54:00,4,40,Landes de Gascogne,40108,Gastes,44.3117,-1.1996,0.2,0.2,False,Involontaire (particulier),,
2008,2008-04-04 12:00:00,4,06,Alpes-Maritimes,06069,Grasse,43.656,6.937,0.87,0.0,False,Involontaire (particulier),,
2008,2008-04-05 03:04:00,4,33,Landes de Gascogne,33385,Saint-Christophe-de-Double,45.0838,0.0233,0.5,0.25,False,Accidentelle,,
2008,2008-04-05 11:40:00,4,06,Alpes-Maritimes,06023,Breil-sur-Roya,43.9379,7.4996,2.2,0.0,False,Involontaire (particulier),,
2008,2008-04-05 18:18:00,4,06,Alpes-Maritimes,06101,Rigaud,43.9942,6.976,0.15,0.0,False,Inconnue,,
2008,2008-04-06 12:20:00,4,33,Landes de Gascogne,33097,Carcans,45.0794,-1.0404,0.03,0.03,False,Inconnue,,
2008,2008-04-06 14:52:00,4,06,Alpes-Maritimes,06101,Rigaud,43.9942,6.976,0.04,0.0,False,Inconnue,,
2008,2008-04-06 17:01:00,4,33,Landes de Gascogne,33465,Saint-Pierre-de-Mons,44.5433,-0.2172,0.5,0.5,False,Malveillance,,
2008,2008-04-07 04:50:00,4,06,Alpes-Maritimes,06043,Coaraze,43.8693,7.3014,51.0,5.5,False,Inconnue,,
2008,2008-04-07 09:16:00,4,06,Alpes-Maritimes,06163,Tende,44.0971,7.5499,0.4,0.0,False,Involontaire (travaux),,
2008,2008-04-07 12:00:00,4,06,Alpes-Maritimes,06037,Caussols,43.7387,6.9071,0.15,0.0,False,Inconnue,,
2008,2008-04-07 12:06:00,4,33,Landes de Gascogne,33154,Les Églisottes-et-Chalaures,45.0946,-0.0389,0.5,0.5,False,Inconnue,,
2008,2008-04-07 15:49:00,4,33,Landes de Gascogne,33202,Hostens,44.4834,-0.6616,0.15,0.15,False,Inconnue,,
2008,2008-04-09 13:21:00,4,40,Landes de Gascogne,40181,Messanges,43.8086,-1.3629,0.02,0.02,False,Inconnue,,
2008,2008-04-15 16:03:00,4,06,Alpes-Maritimes,06090,Pégomas,43.5886,6.9213,0.1,0.0,False,Involontaire (travaux),,
2008,2008-04-15 17:13:00,4,33,Landes de Gascogne,33042,Belin-Béliet,44.4959,-0.7989,0.25,0.25,False,Inconnue,,
2008,2008-04-16 11:03:00,4,06,Alpes-Maritimes,06138,Théoule-sur-Mer,43.499,6.9303,0.4,0.0,False,Inconnue,,
2008,2008-04-16 15:19:00,4,40,Landes de Gascogne,40296,Seignosse,43.7055,-1.3939,0.3,0.3,False,Inconnue,,
2008,2008-04-16 20:19:00,4,40,Landes de Gascogne,40230,Pontonx-sur-l'Adour,43.7927,-0.9367,0.01,0.01,False,Inconnue,,
2008,2008-04-17 15:46:00,4,06,Alpes-Maritimes,06112,Le Rouret,43.6803,7.0081,0.03,0.0,False,Inconnue,,
2008,2008-04-20 16:28:00,4,33,Landes de Gascogne,33417,Sainte-Hélène,44.9653,-0.9071,0.002,0.002,False,Inconnue,,
2008,2008-04-24 18:30:00,4,40,Landes de Gascogne,40257,Sainte-Eulalie-en-Born,44.2725,-1.2121,4.0,4.0,False,Inconnue,,
2008,2008-04-25 14:15:00,4,33,Landes de Gascogne,33042,Belin-Béliet,44.4959,-0.7989,0.1,0.1,False,Inconnue,,
2008,2008-04-26 13:31:00,4,33,Landes de Gascogne,33042,Belin-Béliet,44.4959,-0.7989,4.5,4.5,False,Inconnue,,
2008,2008-04-27 17:23:00,4,33,Landes de Gascogne,33164,Fargues,44.5362,-0.2926,0.15,0.15,False,Inconnue,,
2008,2008-04-29 17:13:00,4,40,Landes de Gascogne,40096,Estigarde,44.0431,-0.1165,0.03,0.03,False,Involontaire (travaux),,
2008,2008-05-02 14:44:00,5,33,Landes de Gascogne,33042,Belin-Béliet,44.4959,-0.7989,0.15,0.15,False,Inconnue,,
2008,2008-05-02 18:19:00,5,33,Landes de Gascogne,33484,Saint-Symphorien,44.4261,-0.5505,0.01,0.01,False,Inconnue,,
2008,2008-05-03 15:22:00,5,33,Landes de Gascogne,33203,Hourtin,45.1831,-1.0534,0.06,0.06,False,Malveillance,,
2008,2008-05-04 09:42:00,5,06,Alpes-Maritimes,06137,Spéracèdes,43.652,6.8573,0.03,0.0,False,Involontaire (particulier),,
2008,2008-05-04 10:03:00,5,40,Landes de Gascogne,40181,Messanges,43.8086,-1.3629,0.005,0.002,False,Inconnue,,
2008,2008-05-04 23:03:00,5,06,Alpes-Maritimes,06088,Nice,43.7032,7.2528,0.02,0.0,False,Involontaire (travaux),,
2008,2008-05-06 14:17:00,5,33,Landes de Gascogne,33042,Belin-Béliet,44.4959,-0.7989,0.01,0.01,False,Inconnue,,
2008,2008-05-07 12:58:00,5,33,Landes de Gascogne,33273,Martignas-sur-Jalle,44.8451,-0.8006,0.02,0.02,False,Inconnue,,
2008,2008-05-12 16:10:00,5,40,Landes de Gascogne,40323,Vert,44.0955,-0.6138,0.002,0.002,False,Naturelle,,
2008,2008-05-12 17:03:00,5,06,Alpes-Maritimes,06083,Menton,43.7961,7.498,0.03,0.0,False,Inconnue,,
2008,2008-05-12 18:05:00,5,40,Landes de Gascogne,40243,Rion-des-Landes,43.9318,-0.9436,0.5,0.5,False,Naturelle,,
2008,2008-05-13 13:32:00,5,40,Landes de Gascogne,40036,Bénesse-Maremne,43.634,-1.3679,0.8,0.8,False,Inconnue,,
2008,2008-05-13 16:12:00,5,40,Landes de Gascogne,40163,Lüe,44.2337,-0.9858,1.0,1.0,False,Inconnue,,
2008,2008-05-13 18:53:00,5,40,Landes de Gascogne,40274,Saint-Martin-d'Oney,43.9293,-0.6497,0.002,0.002,False,Accidentelle,,
2008,2008-06-08 11:33:00,6,40,Landes de Gascogne,40014,Arue,44.051,-0.3607,0.002,0.002,False,Accidentelle,,
2008,2008-06-10 13:48:00,6,33,Landes de Gascogne,33300,Naujac-sur-Mer,45.2596,-1.0643,0.4,0.4,False,Naturelle,,
2008,2008-06-11 15:03:00,6,33,Landes de Gascogne,33540,Vendays-Montalivet,45.3378,-1.0953,1.0,1.0,False,Inconnue,,
2008,2008-06-11 20:08:00,6,40,Landes de Gascogne,40064,Canenx-et-Réaut,44.0024,-0.4602,0.0002,0.0002,False,Naturelle,,
2008,2008-06-13 17:14:00,6,33,Landes de Gascogne,33214,Lacanau,44.9879,-1.096,0.002,0.002,False,Inconnue,,
2008,2008-06-15 19:06:00,6,33,Landes de Gascogne,33449,Saint-Médard-en-Jalles,44.8861,-0.7823,0.01,0.01,False,Inconnue,,
2008,2008-06-17 19:28:00,6,40,Landes de Gascogne,40287,Sanguinet,44.4776,-1.0903,0.005,0.005,False,Malveillance,,
2008,2008-06-21 14:33:00,6,33,Landes de Gascogne,33540,Vendays-Montalivet,45.3378,-1.0953,0.045,0.045,False,Involontaire (particulier),,
2008,2008-06-21 21:24:00,6,33,Landes de Gascogne,33540,Vendays-Montalivet,45.3378,-1.0953,0.5,0.5,False,Inconnue,,
2008,2008-06-22 13:59:00,6,06,Alpes-Maritimes,06031,Cantaron,43.7694,7.3147,11.005,0.0,False,Malveillance,,
2008,2008-06-26 13:37:00,6,06,Alpes-Maritimes,06033,Carros,43.785,7.1798,0.04,0.0,False,Inconnue,,
2008,2008-06-26 14:40:00,6,33,Landes de Gascogne,33449,Saint-Médard-en-Jalles,44.8861,-0.7823,0.05,0.05,False,Inconnue,,
2008,2008-06-26 14:51:00,6,33,Landes de Gascogne,33042,Belin-Béliet,44.4959,-0.7989,0.04,0.04,False,Inconnue,,
2008,2008-06-26 18:41:00,6,06,Alpes-Maritimes,06059,Èze,43.7299,7.3566,0.2,0.0,False,Involontaire (particulier),,
2008,2008-06-28 12:12:00,6,33,Landes de Gascogne,33303,Nérigean,44.8467,-0.2804,0.025,0.025,False,Accidentelle,,
2008,2008-06-28 14:46:00,6,33,Landes de Gascogne,33199,Gujan-Mestras,44.5758,-1.0813,0.2,0.2,False,Inconnue,,
2008,2008-06-28 21:55:00,6,40,Landes de Gascogne,40266,Saint-Julien-en-Born,44.0854,-1.2551,0.03,0.03,False,Inconnue,,
2008,2008-06-30 01:00:00,6,33,Landes de Gascogne,33248,Listrac-Médoc,45.0699,-0.827,0.3,0.3,False,Inconnue,,
2008,2008-06-30 12:30:00,6,06,Alpes-Maritimes,06036,Castillon,43.8371,7.4627,0.4,0.0,False,Involontaire (particulier),,
2008,2008-06-30 14:33:00,6,33,Landes de Gascogne,33042,Belin-Béliet,44.4959,-0.7989,0.08,0.08,False,Inconnue,,
2008,2008-06-30 20:07:00,6,33,Landes de Gascogne,33199,Gujan-Mestras,44.5758,-1.0813,0.02,0.02,False,Inconnue,,
2008,2008-07-04 20:51:00,7,33,Landes de Gascogne,33540,Vendays-Montalivet,45.3378,-1.0953,0.01,0.01,False,Inconnue,,
2008,2008-07-06 18:19:00,7,40,Landes de Gascogne,40332,Ychoux,44.3545,-0.9643,0.005,0.005,False,Inconnue,,
2008,2008-07-08 15:39:00,7,40,Landes de Gascogne,40046,Biscarrosse,44.4077,-1.1525,0.03,0.03,False,Involontaire (particulier),,
2008,2008-07-08 16:30:00,7,40,Landes de Gascogne,40157,Lit-et-Mixe,44.0273,-1.2704,0.03,0.03,False,Inconnue,,
2008,2008-07-09 15:19:00,7,33,Landes de Gascogne,33529,La Teste-de-Buch,44.586,-1.1809,0.01,0.01,False,Inconnue,,
2008,2008-07-10 13:01:00,7,33,Landes de Gascogne,33238,Léognan,44.7236,-0.6172,0.003,0.003,False,Inconnue,,
2008,2008-07-10 14:19:00,7,33,Landes de Gascogne,33042,Belin-Béliet,44.4959,-0.7989,0.15,0.15,False,Inconnue,,
2008,2008-07-10 16:19:00,7,06,Alpes-Maritimes,06088,Nice,43.7032,7.2528,0.12,0.0,False,Involontaire (particulier),,
2008,2008-07-14 13:45:00,7,06,Alpes-Maritimes,06077,Lucéram,43.8997,7.3506,0.001,0.0,False,Naturelle,,
2008,2008-07-14 14:57:00,7,33,Landes de Gascogne,33042,Belin-Béliet,44.4959,-0.7989,0.1,0.1,False,Inconnue,,
2008,2008-07-14 15:44:00,7,33,Landes de Gascogne,33199,Gujan-Mestras,44.5758,-1.0813,0.2,0.2,False,Inconnue,,
2008,2008-07-15 15:51:00,7,06,Alpes-Maritimes,06009,Bairols,43.9856,7.1174,0.25,0.0,False,Naturelle,,
2008,2008-07-15 16:38:00,7,33,Landes de Gascogne,33125,Cissac-Médoc,45.2149,-0.8413,0.08,0.04,False,Inconnue,,
2008,2008-07-16 13:07:00,7,33,Landes de Gascogne,33122,Cestas,44.7274,-0.7349,0.002,0.002,False,Accidentelle,,
2008,2008-07-16 13:33:00,7,40,Landes de Gascogne,40046,Biscarrosse,44.4077,-1.1525,0.0035,0.0035,False,Inconnue,,
2008,2008-07-16 14:44:00,7,33,Landes de Gascogne,33042,Belin-Béliet,44.4959,-0.7989,0.15,0.15,False,Inconnue,,
2008,2008-07-17 13:44:00,7,06,Alpes-Maritimes,06042,Clans,44.003,7.1827,0.02,0.0,False,Malveillance,,
2008,2008-07-17 15:40:00,7,33,Landes de Gascogne,33203,Hourtin,45.1831,-1.0534,0.1,0.1,False,Inconnue,,
2008,2008-07-17 17:51:00,7,40,Landes de Gascogne,40197,Morcenx-la-Nouvelle,44.0318,-0.9147,0.05,0.05,False,Accidentelle,,
2008,2008-07-17 18:51:00,7,40,Landes de Gascogne,40150,Léon,43.8474,-1.2768,0.002,0.002,False,Inconnue,,
2008,2008-07-17 20:57:00,7,33,Landes de Gascogne,33051,Biganos,44.6599,-0.9582,0.007,0.007,False,Inconnue,,
2008,2008-07-19 06:15:00,7,33,Landes de Gascogne,33333,Le Porge,44.8649,-1.1351,0.05,0.05,False,Inconnue,,
2008,2008-07-19 13:33:00,7,33,Landes de Gascogne,33042,Belin-Béliet,44.4959,-0.7989,0.2,0.2,False,Inconnue,,
2008,2008-07-20 13:18:00,7,40,Landes de Gascogne,40046,Biscarrosse,44.4077,-1.1525,0.85,0.85,False,Inconnue,,
2008,2008-07-20 15:09:00,7,40,Landes de Gascogne,40184,Mimizan,44.1996,-1.2323,0.0005,0.0005,False,Inconnue,,
2008,2008-07-20 15:53:00,7,33,Landes de Gascogne,33550,Villenave-d'Ornon,44.7736,-0.5523,0.205,0.005,False,Inconnue,,
2008,2008-07-20 19:27:00,7,40,Landes de Gascogne,40326,Vielle-Saint-Girons,43.9429,-1.3219,0.03,0.03,False,Inconnue,,
2008,2008-07-21 13:39:00,7,33,Landes de Gascogne,33042,Belin-Béliet,44.4959,-0.7989,0.2,0.2,False,Inconnue,,
2008,2008-07-21 15:06:00,7,33,Landes de Gascogne,33051,Biganos,44.6599,-0.9582,0.08,0.08,False,Inconnue,,
2008,2008-07-21 15:08:00,7,33,Landes de Gascogne,33284,Mios,44.6105,-0.8913,1.0,0.5,False,Accidentelle,,
2008,2008-07-21 17:08:00,7,40,Landes de Gascogne,40283,Saint-Vincent-de-Paul,43.7726,-0.9965,6.0,6.0,False,Inconnue,,
2008,2008-07-22 08:28:00,7,33,Landes de Gascogne,33544,Le Verdon-sur-Mer,45.5481,-1.0826,0.02,0.02,False,Inconnue,,
2008,2008-07-22 12:43:00,7,33,Landes de Gascogne,33248,Listrac-Médoc,45.0699,-0.827,0.025,0.025,False,Involontaire (particulier),,
2008,2008-07-22 13:13:00,7,40,Landes de Gascogne,40058,Cachen,44.0863,-0.4163,0.02,0.02,False,Inconnue,,
2008,2008-07-22 14:07:00,7,06,Alpes-Maritimes,06138,Théoule-sur-Mer,43.499,6.9303,0.6,0.0,False,Inconnue,,
2008,2008-07-22 15:13:00,7,33,Landes de Gascogne,33202,Hostens,44.4834,-0.6616,0.5,0.5,False,Inconnue,,
2008,2008-07-24 12:25:00,7,40,Landes de Gascogne,40150,Léon,43.8474,-1.2768,1.5,1.5,False,Inconnue,,
2008,2008-07-24 13:23:00,7,33,Landes de Gascogne,33122,Cestas,44.7274,-0.7349,0.7,0.7,False,Inconnue,,
2008,2008-07-24 19:03:00,7,33,Landes de Gascogne,33274,Martillac,44.7176,-0.558,0.5,0.5,False,Involontaire (travaux),,
2008,2008-07-24 20:23:00,7,33,Landes de Gascogne,33214,Lacanau,44.9879,-1.096,0.1,0.1,False,Inconnue,,
2008,2008-07-25 04:50:00,7,33,Landes de Gascogne,33422,Saint-Jean-d'Illac,44.7973,-0.8156,3.0,1.5,False,Inconnue,,
2008,2008-07-25 13:41:00,7,06,Alpes-Maritimes,06033,Carros,43.785,7.1798,0.05,0.0,False,Malveillance,,
2008,2008-07-26 13:02:00,7,33,Landes de Gascogne,33374,Saint-Aubin-de-Blaye,45.2591,-0.5763,0.1,0.1,False,Accidentelle,,
2008,2008-07-26 15:36:00,7,06,Alpes-Maritimes,06062,Fontan,44.0213,7.5527,0.004,0.0,False,Naturelle,,
2008,2008-07-27 08:28:00,7,40,Landes de Gascogne,40266,Saint-Julien-en-Born,44.0854,-1.2551,0.001,0.001,False,Naturelle,,
2008,2008-07-27 15:21:00,7,40,Landes de Gascogne,40266,Saint-Julien-en-Born,44.0854,-1.2551,0.4,0.4,False,Naturelle,,
2008,2008-07-27 23:12:00,7,40,Landes de Gascogne,40287,Sanguinet,44.4776,-1.0903,0.2,0.2,False,Inconnue,,
2008,2008-07-28 10:38:00,7,33,Landes de Gascogne,33494,Salaunes,44.9281,-0.8502,0.005,0.005,False,Naturelle,,
2008,2008-07-28 14:44:00,7,06,Alpes-Maritimes,06091,Peille,43.8043,7.4088,0.05,0.0,False,Naturelle,,
2008,2008-07-28 15:43:00,7,40,Landes de Gascogne,40192,Mont-de-Marsan,43.8931,-0.5009,0.3,0.3,False,Inconnue,,
2008,2008-07-28 15:49:00,7,40,Landes de Gascogne,40295,Saugnac-et-Muret,44.3893,-0.8494,0.8,0.8,False,Naturelle,,
2008,2008-07-28 17:25:00,7,33,Landes de Gascogne,33417,Sainte-Hélène,44.9653,-0.9071,0.001,0.001,False,Naturelle,,
2008,2008-07-29 14:10:00,7,06,Alpes-Maritimes,06110,Roubion,44.1121,7.0233,0.001,0.0,False,Naturelle,,
2008,2008-07-30 15:40:00,7,40,Landes de Gascogne,40096,Estigarde,44.0431,-0.1165,0.05,0.05,False,Inconnue,,
2008,2008-07-30 20:00:00,7,33,Landes de Gascogne,33529,La Teste-de-Buch,44.586,-1.1809,0.5,0.5,False,Naturelle,,
2008,2008-07-30 23:09:00,7,40,Landes de Gascogne,40229,Pontenx-les-Forges,44.2554,-1.0914,0.01,0.01,False,Inconnue,,
2008,2008-07-31 10:44:00,7,33,Landes de Gascogne,33529,La Teste-de-Buch,44.586,-1.1809,3.0,3.0,False,Involontaire (particulier),,
2008,2008-07-31 15:07:00,7,33,Landes de Gascogne,33029,Le Barp,44.6297,-0.7437,0.2,0.2,False,Inconnue,,
2008,2008-07-31 18:49:00,7,40,Landes de Gascogne,40230,Pontonx-sur-l'Adour,43.7927,-0.9367,0.01,0.01,False,Inconnue,,
2008,2008-07-31 19:20:00,7,40,Landes de Gascogne,40181,Messanges,43.8086,-1.3629,0.2,0.2,False,Accidentelle,,
2008,2008-08-02 13:12:00,8,33,Landes de Gascogne,33070,Brach,45.0409,-0.9468,0.01,0.01,False,Inconnue,,
2008,2008-08-02 16:09:00,8,33,Landes de Gascogne,33230,Lapouyade,45.1094,-0.2854,0.05,0.05,False,Inconnue,,
2008,2008-08-02 18:25:00,8,33,Landes de Gascogne,33203,Hourtin,45.1831,-1.0534,0.005,0.005,False,Inconnue,,
2008,2008-08-04 23:58:00,8,33,Landes de Gascogne,33202,Hostens,44.4834,-0.6616,0.002,0.002,False,Inconnue,,
2008,2008-08-05 16:20:00,8,33,Landes de Gascogne,33203,Hourtin,45.1831,-1.0534,0.05,0.05,False,Inconnue,,
2008,2008-08-05 16:22:00,8,40,Landes de Gascogne,40181,Messanges,43.8086,-1.3629,0.5,0.5,False,Inconnue,,
2008,2008-08-05 17:16:00,8,40,Landes de Gascogne,40157,Lit-et-Mixe,44.0273,-1.2704,0.3,0.3,False,Inconnue,,
2008,2008-08-05 19:02:00,8,33,Landes de Gascogne,33267,Marcillac,,,0.4,0.4,False,Inconnue,,
2008,2008-08-05 22:16:00,8,40,Landes de Gascogne,40014,Arue,44.051,-0.3607,0.02,0.02,False,Naturelle,,
2008,2008-08-05 22:56:00,8,40,Landes de Gascogne,40053,Bourriot-Bergonce,44.153,-0.2091,1.8,1.8,False,Naturelle,,
2008,2008-08-06 13:55:00,8,33,Landes de Gascogne,33230,Lapouyade,45.1094,-0.2854,0.03,0.03,False,Inconnue,,
2008,2008-08-06 17:24:00,8,40,Landes de Gascogne,40229,Pontenx-les-Forges,44.2554,-1.0914,1.8,1.8,False,Inconnue,,
2008,2008-08-06 20:57:00,8,40,Landes de Gascogne,40162,Lucbardez-et-Bargues,43.9746,-0.4143,0.5,0.5,False,Inconnue,,
2008,2008-08-06 21:30:00,8,40,Landes de Gascogne,40210,Onesse-Laharie,44.063,-1.0224,0.01,0.01,False,Naturelle,,
2008,2008-08-07 10:25:00,8,33,Landes de Gascogne,33274,Martillac,44.7176,-0.558,0.001,0.001,False,Naturelle,,
2008,2008-08-07 13:43:00,8,06,Alpes-Maritimes,06152,Valbonne,43.6267,7.0291,0.003,0.0,False,Involontaire (particulier),,
2008,2008-08-07 16:34:00,8,40,Landes de Gascogne,40085,Commensacq,44.2082,-0.8272,0.002,0.002,False,Naturelle,,
2008,2008-08-07 17:16:00,8,40,Landes de Gascogne,40217,Parentis-en-Born,44.3527,-1.0879,0.004,0.004,False,Naturelle,,
2008,2008-08-07 21:04:00,8,33,Landes de Gascogne,33251,Louchats,44.5104,-0.5691,0.1,0.1,False,Inconnue,,
2008,2008-08-08 15:25:00,8,33,Landes de Gascogne,33190,Goualade,44.3182,-0.1252,0.2,0.2,False,Naturelle,,
2008,2008-08-08 15:25:00,8,06,Alpes-Maritimes,06088,Nice,43.7032,7.2528,0.4855,0.0,False,Involontaire (travaux),,
2008,2008-08-08 19:28:00,8,40,Landes de Gascogne,40158,Losse,44.0948,-0.0933,2.0,2.0,False,Naturelle,,
2008,2008-08-08 19:29:00,8,06,Alpes-Maritimes,06152,Valbonne,43.6267,7.0291,0.15,0.0,False,Malveillance,,
2008,2008-08-08 21:26:00,8,06,Alpes-Maritimes,06018,Biot,43.6273,7.0821,0.05,0.0,False,Malveillance,,
2008,2008-08-08 22:29:00,8,06,Alpes-Maritimes,06152,Valbonne,43.6267,7.0291,0.05,0.0,False,Malveillance,,
2008,2008-08-09 13:27:00,8,40,Landes de Gascogne,40134,Labouheyre,44.2243,-0.9107,0.003,0.003,False,Naturelle,,
2008,2008-08-09 13:54:00,8,33,Landes de Gascogne,33090,Canéjan,44.7572,-0.659,1.0,1.0,False,Inconnue,,
2008,2008-08-09 13:58:00,8,40,Landes de Gascogne,40008,Argelouse,44.3728,-0.6359,0.3,0.3,False,Naturelle,,
2008,2008-08-09 14:20:00,8,40,Landes de Gascogne,40303,Solférino,44.1155,-0.907,1.0,1.0,False,Naturelle,,
2008,2008-08-09 16:52:00,8,33,Landes de Gascogne,33251,Louchats,44.5104,-0.5691,1.2,1.2,False,Involontaire (travaux),,
2008,2008-08-10 13:39:00,8,40,Landes de Gascogne,40134,Labouheyre,44.2243,-0.9107,0.15,0.15,False,Naturelle,,
2008,2008-08-11 16:00:00,8,06,Alpes-Maritimes,06089,Opio,43.6574,7.0094,0.015,0.0,False,Naturelle,,
2008,2008-08-11 18:30:00,8,06,Alpes-Maritimes,06052,Cuébris,43.889,6.9955,0.001,0.0,False,Naturelle,,
2008,2008-08-12 15:54:00,8,06,Alpes-Maritimes,06005,Ascros,43.9171,7.0159,0.3,0.0,False,Naturelle,,
2008,2008-08-12 16:23:00,8,06,Alpes-Maritimes,06147,Tourrette-Levens,43.7882,7.275,0.005,0.0,False,Inconnue,,
2008,2008-08-14 04:13:00,8,40,Landes de Gascogne,40323,Vert,44.0955,-0.6138,0.1,0.1,False,Inconnue,,
2008,2008-08-15 11:07:00,8,06,Alpes-Maritimes,06105,Roquefort-les-Pins,43.6723,7.0565,0.001,0.0,False,Inconnue,,
2008,2008-08-15 22:24:00,8,06,Alpes-Maritimes,06156,Venanson,44.0412,7.2386,0.02,0.0,False,Involontaire (particulier),,
2008,2008-08-17 14:54:00,8,06,Alpes-Maritimes,06144,La Tour,43.9645,7.196,0.05,0.0,False,Naturelle,,
2008,2008-08-18 14:45:00,8,06,Alpes-Maritimes,06048,Contes,43.8133,7.3263,0.15,0.0,False,Accidentelle,,
2008,2008-08-19 17:25:00,8,06,Alpes-Maritimes,06079,Mandelieu-la-Napoule,43.5334,6.918,0.015,0.0,False,Accidentelle,,
2008,2008-08-20 18:13:00,8,06,Alpes-Maritimes,06050,Coursegoules,43.7898,7.0384,0.002,0.0,False,Naturelle,,
2008,2008-08-23 17:27:00,8,06,Alpes-Maritimes,06079,Mandelieu-la-Napoule,43.5334,6.918,0.05,0.0,False,Involontaire (particulier),,
2008,2008-08-24 23:23:00,8,33,Landes de Gascogne,33436,Saint-Magne,44.559,-0.6623,0.002,0.002,False,Inconnue,,
2008,2008-08-25 12:25:00,8,06,Alpes-Maritimes,06163,Tende,44.0971,7.5499,1.0,0.0,False,Inconnue,,
2008,2008-08-25 21:41:00,8,33,Landes de Gascogne,33501,Saucats,44.6476,-0.6377,0.02,0.02,False,Accidentelle,,
2008,2008-08-26 13:08:00,8,06,Alpes-Maritimes,06157,Vence,43.7373,7.0995,0.01,0.0,False,Involontaire (particulier),,
2008,2008-08-26 14:56:00,8,40,Landes de Gascogne,40229,Pontenx-les-Forges,44.2554,-1.0914,0.4,0.4,False,Naturelle,,
2008,2008-08-26 18:41:00,8,40,Landes de Gascogne,40209,Ondres,43.5624,-1.4581,0.01,0.01,False,Inconnue,,
2008,2008-08-26 23:11:00,8,06,Alpes-Maritimes,06155,Vallauris,43.5787,7.0604,0.015,0.0,False,Inconnue,,
2008,2008-08-28 07:19:00,8,33,Landes de Gascogne,33501,Saucats,44.6476,-0.6377,3.0,3.0,False,Inconnue,,
2008,2008-08-28 07:19:00,8,33,Landes de Gascogne,33501,Saucats,44.6476,-0.6377,4.0,4.0,False,Inconnue,,
2008,2008-08-29 14:27:00,8,33,Landes de Gascogne,33329,Pompéjac,44.3986,-0.2997,0.1,0.1,False,Inconnue,,
2008,2008-08-29 23:47:00,8,33,Landes de Gascogne,33471,Saint-Sauveur,45.1964,-0.8223,0.03,0.03,False,Inconnue,,
2008,2008-08-30 15:02:00,8,06,Alpes-Maritimes,06105,Roquefort-les-Pins,43.6723,7.0565,0.25,0.0,False,Involontaire (particulier),,
2008,2008-08-30 20:02:00,8,40,Landes de Gascogne,40229,Pontenx-les-Forges,44.2554,-1.0914,0.03,0.03,False,Inconnue,,
2008,2008-08-31 02:41:00,8,33,Landes de Gascogne,33284,Mios,44.6105,-0.8913,2.0,2.0,False,Inconnue,,
2008,2008-08-31 08:30:00,8,40,Landes de Gascogne,40165,Luglon,44.0807,-0.7306,0.01,0.01,False,Naturelle,,
2008,2008-08-31 10:00:00,8,40,Landes de Gascogne,40161,Lubbon,44.1097,-0.0127,0.1,0.1,False,Naturelle,,
2008,2008-08-31 10:24:00,8,33,Landes de Gascogne,33417,Sainte-Hélène,44.9653,-0.9071,0.02,0.02,False,Naturelle,,
2008,2008-08-31 15:25:00,8,40,Landes de Gascogne,40302,Sindères,,,1.0,1.0,False,Inconnue,,
2008,2008-08-31 16:08:00,8,33,Landes de Gascogne,33095,Captieux,44.2621,-0.2981,0.3,0.3,False,Naturelle,,
2008,2008-09-01 14:17:00,9,06,Alpes-Maritimes,06151,Utelle,43.9392,7.2458,0.1,0.0,False,Involontaire (particulier),,
2008,2008-09-01 14:51:00,9,40,Landes de Gascogne,40165,Luglon,44.0807,-0.7306,0.5,0.5,False,Naturelle,,
2008,2008-09-01 16:18:00,9,06,Alpes-Maritimes,06070,Gréolières,43.8037,6.9296,0.01,0.0,False,Naturelle,,
2008,2008-09-01 17:15:00,9,06,Alpes-Maritimes,06062,Fontan,44.0213,7.5527,0.1,0.0,False,Naturelle,,
2008,2008-09-01 17:33:00,9,06,Alpes-Maritimes,06062,Fontan,44.0213,7.5527,0.02,0.0,False,Naturelle,,
2008,2008-09-01 17:33:00,9,06,Alpes-Maritimes,06062,Fontan,44.0213,7.5527,0.0002,0.0,False,Naturelle,,
2008,2008-09-01 18:44:00,9,40,Landes de Gascogne,40046,Biscarrosse,44.4077,-1.1525,0.2,0.2,False,Naturelle,,
2008,2008-09-01 18:52:00,9,33,Landes de Gascogne,33029,Le Barp,44.6297,-0.7437,0.0005,0.0005,False,Naturelle,,
2008,2008-09-02 04:13:00,9,06,Alpes-Maritimes,06006,Aspremont,43.7772,7.2423,0.05,0.0,False,Accidentelle,,
2008,2008-09-02 07:13:00,9,33,Landes de Gascogne,33019,Audenge,44.7133,-0.9533,1.5,1.5,False,Inconnue,,
2008,2008-09-02 09:55:00,9,33,Landes de Gascogne,33248,Listrac-Médoc,45.0699,-0.827,0.1,0.1,False,Accidentelle,,
2008,2008-09-02 17:46:00,9,33,Landes de Gascogne,33271,Marions,44.373,-0.0881,0.01,0.01,False,Naturelle,,
2008,2008-09-03 15:08:00,9,40,Landes de Gascogne,40015,Arx,44.1087,0.0843,3.0,1.0,False,Naturelle,,
2008,2008-09-05 13:39:00,9,40,Landes de Gascogne,40184,Mimizan,44.1996,-1.2323,1.5,1.0,False,Accidentelle,,
2008,2008-09-07 17:30:00,9,33,Landes de Gascogne,33458,Saint-Paul,45.1504,-0.5918,0.01,0.01,False,Inconnue,,
2008,2008-09-08 08:59:00,9,33,Landes de Gascogne,33436,Saint-Magne,44.559,-0.6623,0.001,0.001,False,Naturelle,,
2008,2008-09-08 12:53:00,9,06,Alpes-Maritimes,06088,Nice,43.7032,7.2528,0.05,0.0,False,Involontaire (travaux),,
2008,2008-09-08 19:23:00,9,33,Landes de Gascogne,33022,Avensan,45.0033,-0.7574,0.1,0.1,False,Inconnue,,
2008,2008-09-09 08:31:00,9,33,Landes de Gascogne,33333,Le Porge,44.8649,-1.1351,0.01,0.01,False,Naturelle,,
2008,2008-09-14 11:50:00,9,06,Alpes-Maritimes,06050,Coursegoules,43.7898,7.0384,0.12,0.0,False,Involontaire (particulier),,
2008,2008-09-17 16:06:00,9,40,Landes de Gascogne,40217,Parentis-en-Born,44.3527,-1.0879,0.3,0.3,False,Inconnue,,
2008,2008-09-22 11:55:00,9,33,Landes de Gascogne,33514,Soulac-sur-Mer,45.5057,-1.0694,0.001,0.001,False,Inconnue,,
2008,2008-09-22 17:37:00,9,40,Landes de Gascogne,40262,Saint-Gor,44.0752,-0.2367,0.1,0.1,False,Inconnue,,
2008,2008-09-22 23:57:00,9,40,Landes de Gascogne,40217,Parentis-en-Born,44.3527,-1.0879,0.12,0.12,False,Inconnue,,
2008,2008-09-23 16:06:00,9,40,Landes de Gascogne,40163,Lüe,44.2337,-0.9858,0.05,0.05,False,Inconnue,,
2008,2008-09-23 16:42:00,9,33,Landes de Gascogne,33193,Grayan-et-l'Hôpital,45.4324,-1.1057,0.2,0.2,False,Inconnue,,
2008,2008-09-25 19:33:00,9,33,Landes de Gascogne,33484,Saint-Symphorien,44.4261,-0.5505,0.05,0.05,False,Inconnue,,
2008,2008-09-26 19:54:00,9,33,Landes de Gascogne,33051,Biganos,44.6599,-0.9582,0.02,0.01,False,Inconnue,,
2008,2008-09-27 18:28:00,9,33,Landes de Gascogne,33199,Gujan-Mestras,44.5758,-1.0813,0.1,0.1,False,Involontaire (particulier),,
2008,2008-09-28 14:15:00,9,33,Landes de Gascogne,33417,Sainte-Hélène,44.9653,-0.9071,0.08,0.08,False,Inconnue,,
2008,2008-09-28 22:51:00,9,40,Landes de Gascogne,40134,Labouheyre,44.2243,-0.9107,0.7,0.7,False,Inconnue,,
2008,2008-09-29 11:07:00,9,33,Landes de Gascogne,33179,Galgon,44.991,-0.278,0.02,0.02,False,Accidentelle,,
2008,2008-09-29 13:17:00,9,33,Landes de Gascogne,33097,Carcans,45.0794,-1.0404,0.8,0.8,False,Inconnue,,
2008,2008-09-29 14:17:00,9,40,Landes de Gascogne,40105,Garein,44.0521,-0.6514,2.0,2.0,False,Inconnue,,
2008,2008-09-29 22:31:00,9,40,Landes de Gascogne,40175,Maurrin,43.821,-0.3648,0.6,0.6,False,Inconnue,,
2008,2008-10-01 11:02:00,10,40,Landes de Gascogne,40257,Sainte-Eulalie-en-Born,44.2725,-1.2121,2.0,2.0,False,Involontaire (travaux),,
2008,2008-10-03 09:19:00,10,33,Landes de Gascogne,33042,Belin-Béliet,44.4959,-0.7989,0.002,0.001,False,Inconnue,,
2008,2008-10-03 12:38:00,10,06,Alpes-Maritimes,06004,Antibes,43.5823,7.1048,0.01,0.0,False,Involontaire (particulier),,
2008,2008-10-04 12:14:00,10,06,Alpes-Maritimes,06076,Lieuche,44.0001,7.0361,0.2,0.0,False,Involontaire (particulier),,
2008,2008-10-05 12:19:00,10,06,Alpes-Maritimes,06151,Utelle,43.9392,7.2458,0.02,0.0,False,Inconnue,,
2008,2008-10-05 14:48:00,10,06,Alpes-Maritimes,06043,Coaraze,43.8693,7.3014,0.02,0.0,False,Inconnue,,
2008,2008-10-05 15:27:00,10,06,Alpes-Maritimes,06053,Daluis,44.0426,6.8045,0.03,0.0,False,Inconnue,,
2008,2008-10-05 17:25:00,10,40,Landes de Gascogne,40287,Sanguinet,44.4776,-1.0903,2.0,2.0,False,Inconnue,,
2008,2008-10-06 16:59:00,10,40,Landes de Gascogne,40100,Le Frêche,43.9246,-0.2493,0.3,0.1,False,Inconnue,,
2008,2008-10-06 19:13:00,10,33,Landes de Gascogne,33544,Le Verdon-sur-Mer,45.5481,-1.0826,0.002,0.002,False,Involontaire (particulier),,
2008,2008-10-08 16:53:00,10,33,Landes de Gascogne,33498,Salles,44.536,-0.8899,0.001,0.001,False,Inconnue,,
2008,2008-10-09 11:30:00,10,06,Alpes-Maritimes,06021,Bonson,43.8613,7.1786,0.02,0.0,False,Inconnue,,
2008,2008-10-10 17:03:00,10,33,Landes de Gascogne,33007,Arbanats,44.6679,-0.4025,0.004,0.004,False,Inconnue,,
2008,2008-10-11 15:56:00,10,40,Landes de Gascogne,40287,Sanguinet,44.4776,-1.0903,0.08,0.08,False,Accidentelle,,
2008,2008-10-12 06:50:00,10,40,Landes de Gascogne,40262,Saint-Gor,44.0752,-0.2367,3.0,3.0,False,Inconnue,,
2008,2008-10-12 13:42:00,10,40,Landes de Gascogne,40046,Biscarrosse,44.4077,-1.1525,1.0,1.0,False,Inconnue,,
2008,2008-10-15 17:54:00,10,06,Alpes-Maritimes,06101,Rigaud,43.9942,6.976,0.3,0.0,False,Inconnue,,
2008,2008-10-18 21:44:00,10,33,Landes de Gascogne,33449,Saint-Médard-en-Jalles,44.8861,-0.7823,0.005,0.005,False,Malveillance,,
2008,2008-10-19 14:33:00,10,40,Landes de Gascogne,40046,Biscarrosse,44.4077,-1.1525,1.0,1.0,False,Inconnue,,
2008,2008-10-20 15:34:00,10,40,Landes de Gascogne,40282,Saint-Sever,43.7646,-0.5612,0.2,0.2,False,Inconnue,,
2008,2008-10-20 15:46:00,10,06,Alpes-Maritimes,06071,Guillaumes,44.1007,6.8673,0.045,0.0,False,Involontaire (particulier),,
2008,2008-10-21 15:06:00,10,06,Alpes-Maritimes,06151,Utelle,43.9392,7.2458,0.25,0.0,False,Involontaire (particulier),,
2008,2008-10-23 19:03:00,10,06,Alpes-Maritimes,06088,Nice,43.7032,7.2528,0.8,0.0,False,Involontaire (particulier),,
2008,2008-10-26 13:07:00,10,06,Alpes-Maritimes,06094,Péone,44.1333,6.925,0.01,0.0,False,Inconnue,,
2008,2008-10-28 11:26:00,10,06,Alpes-Maritimes,06084,Mouans-Sartoux,43.6192,6.9677,0.15,0.0,False,Involontaire (particulier),,
2008,2008-11-19 12:30:00,11,40,Landes de Gascogne,40262,Saint-Gor,44.0752,-0.2367,0.005,0.005,False,Malveillance,,
2008,2008-11-19 12:30:00,11,40,Landes de Gascogne,40262,Saint-Gor,44.0752,-0.2367,0.003,0.003,False,Malveillance,,
2008,2008-11-22 00:23:00,11,06,Alpes-Maritimes,06050,Coursegoules,43.7898,7.0384,0.7,0.0,False,Inconnue,,
2008,2008-12-07 14:31:00,12,06,Alpes-Maritimes,06015,Berre-les-Alpes,43.8342,7.3306,0.6,0.0,False,Inconnue,,
2008,2008-12-23 13:57:00,12,06,Alpes-Maritimes,06077,Lucéram,43.8997,7.3506,4.8,0.0,False,Inconnue,,
2008,2008-12-26 15:08:00,12,06,Alpes-Maritimes,06145,Tourette-du-Château,43.8812,7.1365,0.6,0.0,False,Accidentelle,,
2009,2009-01-02 15:58:00,1,33,Landes de Gascogne,33417,Sainte-Hélène,44.9653,-0.9071,0.001,0.001,False,Inconnue,,
2009,2009-01-31 06:30:00,1,06,Alpes-Maritimes,06074,Lantosque,43.9787,7.3121,0.25,0.0,False,Inconnue,,
2009,2009-02-04 15:50:00,2,40,Landes de Gascogne,40164,Retjons,44.1399,-0.2929,0.25,0.25,False,Accidentelle,,
2009,2009-02-05 21:54:00,2,33,Landes de Gascogne,33122,Cestas,44.7274,-0.7349,0.005,0.005,False,Involontaire (particulier),,
2009,2009-02-10 11:28:00,2,33,Landes de Gascogne,33494,Salaunes,44.9281,-0.8502,11.49,11.49,False,Accidentelle,,
2009,2009-02-13 14:09:00,2,06,Alpes-Maritimes,06162,La Brigue,44.0897,7.6496,8.9,0.0,False,Inconnue,,
2009,2009-02-14 17:36:00,2,06,Alpes-Maritimes,06074,Lantosque,43.9787,7.3121,8.3,4.0,False,Malveillance,,
2009,2009-02-14 21:54:00,2,06,Alpes-Maritimes,06101,Rigaud,43.9942,6.976,0.1,0.0,False,Malveillance,,
2009,2009-02-15 10:53:00,2,06,Alpes-Maritimes,06136,Sospel,43.8872,7.4493,0.1,0.0,False,Inconnue,,
2009,2009-02-15 10:59:00,2,06,Alpes-Maritimes,06101,Rigaud,43.9942,6.976,11.8,0.0,False,Malveillance,,
2009,2009-02-15 13:52:00,2,06,Alpes-Maritimes,06026,Cabris,43.6602,6.8782,0.5,0.0,False,Involontaire (particulier),,
2009,2009-02-16 14:09:00,2,06,Alpes-Maritimes,06103,Roquebillière,44.0282,7.2885,0.02,0.0,False,Malveillance,,
2009,2009-02-16 18:45:00,2,33,Landes de Gascogne,33406,Saint-Genès-de-Castillon,44.9008,-0.0628,2.0,2.0,False,Involontaire (travaux),,
2009,2009-02-17 15:39:00,2,40,Landes de Gascogne,40287,Sanguinet,44.4776,-1.0903,1.0,0.6,False,Inconnue,,
2009,2009-02-19 16:35:00,2,33,Landes de Gascogne,33498,Salles,44.536,-0.8899,0.3,0.3,False,Inconnue,,
2009,2009-02-20 13:40:00,2,40,Landes de Gascogne,40229,Pontenx-les-Forges,44.2554,-1.0914,0.4,0.4,False,Inconnue,,
2009,2009-02-20 14:02:00,2,33,Landes de Gascogne,33429,Saint-Léger-de-Balson,44.43,-0.4416,1.5,1.5,False,Malveillance,,
2009,2009-02-20 14:37:00,2,06,Alpes-Maritimes,06013,Belvédère,44.0615,7.3612,0.06,0.0,False,Malveillance,,
2009,2009-02-20 15:03:00,2,06,Alpes-Maritimes,06147,Tourrette-Levens,43.7882,7.275,0.04,0.0,False,Involontaire (particulier),,
2009,2009-02-20 15:56:00,2,33,Landes de Gascogne,33540,Vendays-Montalivet,45.3378,-1.0953,1.0,1.0,False,Accidentelle,,
2009,2009-02-20 16:18:00,2,33,Landes de Gascogne,33002,Aillas,44.4848,-0.0673,2.0,2.0,False,Involontaire (particulier),,
2009,2009-02-20 18:40:00,2,06,Alpes-Maritimes,06074,Lantosque,43.9787,7.3121,0.2,0.0,False,Malveillance,,
2009,2009-02-20 18:53:00,2,33,Landes de Gascogne,33233,Laruscade,45.1206,-0.3394,1.0,0.3,False,Involontaire (particulier),,
2009,2009-02-21 15:32:00,2,06,Alpes-Maritimes,06130,Saint-Vallier-de-Thiey,43.6994,6.8516,1.44,0.0,False,Involontaire (particulier),,
2009,2009-02-21 15:33:00,2,40,Landes de Gascogne,40333,Ygos-Saint-Saturnin,43.9934,-0.7297,0.05,0.05,False,Involontaire (travaux),,
2009,2009-02-21 18:22:00,2,06,Alpes-Maritimes,06020,La Bollène-Vésubie,43.9945,7.3749,3.3,0.0,False,Inconnue,,
2009,2009-02-22 17:14:00,2,06,Alpes-Maritimes,06026,Cabris,43.6602,6.8782,0.3,0.0,False,Involontaire (particulier),,
2009,2009-02-23 14:20:00,2,06,Alpes-Maritimes,06039,Châteauneuf-Villevieille,43.8007,7.2951,0.3,0.0,False,Involontaire (particulier),,
2009,2009-02-24 15:29:00,2,06,Alpes-Maritimes,06013,Belvédère,44.0615,7.3612,0.08,0.0,False,Malveillance,,
2009,2009-02-24 15:51:00,2,40,Landes de Gascogne,40157,Lit-et-Mixe,44.0273,-1.2704,0.05,0.05,False,Inconnue,,
2009,2009-02-24 18:32:00,2,33,Landes de Gascogne,33014,Les Artigues-de-Lussac,44.9735,-0.1427,2.0,2.0,False,Inconnue,,
2009,2009-02-25 11:46:00,2,33,Landes de Gascogne,33021,Auros,44.5117,-0.159,1.0,0.6,False,Involontaire (particulier),,
2009,2009-02-26 01:18:00,2,33,Landes de Gascogne,33528,Le Temple,44.8662,-0.9609,0.005,0.005,False,Inconnue,,
2009,2009-02-26 01:54:00,2,33,Landes de Gascogne,33528,Le Temple,44.8662,-0.9609,0.01,0.01,False,Inconnue,,
2009,2009-02-26 01:58:00,2,33,Landes de Gascogne,33229,Lanton,44.7719,-0.9799,0.03,0.03,False,Inconnue,,
2009,2009-02-26 14:40:00,2,06,Alpes-Maritimes,06101,Rigaud,43.9942,6.976,15.6,0.0,False,Malveillance,,
2009,2009-02-26 17:42:00,2,33,Landes de Gascogne,33201,Haux,44.7387,-0.3673,3.0,3.0,False,Inconnue,,
2009,2009-02-26 17:55:00,2,33,Landes de Gascogne,33095,Captieux,44.2621,-0.2981,0.5,0.5,False,Malveillance,,
2009,2009-02-27 17:37:00,2,33,Landes de Gascogne,33471,Saint-Sauveur,45.1964,-0.8223,0.35,0.35,False,Inconnue,,
2009,2009-02-27 19:57:00,2,40,Landes de Gascogne,40179,Mées,43.7106,-1.1291,0.05,0.05,False,Inconnue,,
2009,2009-02-27 20:53:00,2,33,Landes de Gascogne,33417,Sainte-Hélène,44.9653,-0.9071,0.03,0.03,False,Inconnue,,
2009,2009-02-28 14:27:00,2,33,Landes de Gascogne,33436,Saint-Magne,44.559,-0.6623,0.2,0.05,False,Inconnue,,
2009,2009-02-28 14:36:00,2,06,Alpes-Maritimes,06158,Villars-sur-Var,43.9564,7.076,0.8,0.0,False,Involontaire (particulier),,
2009,2009-02-28 15:29:00,2,40,Landes de Gascogne,40197,Morcenx-la-Nouvelle,44.0318,-0.9147,0.025,0.025,False,Accidentelle,,
2009,2009-03-01 21:05:00,3,33,Landes de Gascogne,33307,Noaillan,44.4812,-0.3698,0.3,0.3,False,Inconnue,,
2009,2009-03-01 22:24:00,3,33,Landes de Gascogne,33348,Queyrac,45.3565,-0.9952,0.01,0.01,False,Malveillance,,
2009,2009-03-08 16:12:00,3,06,Alpes-Maritimes,06074,Lantosque,43.9787,7.3121,0.55,0.0,False,Malveillance,,
2009,2009-03-09 14:58:00,3,06,Alpes-Maritimes,06070,Gréolières,43.8037,6.9296,8.47,0.0,False,Inconnue,,
2009,2009-03-10 15:03:00,3,40,Landes de Gascogne,40162,Lucbardez-et-Bargues,43.9746,-0.4143,0.005,0.005,False,Involontaire (travaux),,
2009,2009-03-11 14:55:00,3,06,Alpes-Maritimes,06141,Toudon,43.8857,7.1094,1.37,0.0,False,Inconnue,,
2009,2009-03-12 11:29:00,3,06,Alpes-Maritimes,06017,Bézaudun-les-Alpes,43.8026,7.0908,0.1,0.0,False,Involontaire (particulier),,
2009,2009-03-12 14:13:00,3,40,Landes de Gascogne,40229,Pontenx-les-Forges,44.2554,-1.0914,0.05,0.05,False,Inconnue,,
2009,2009-03-12 18:50:00,3,33,Landes de Gascogne,33449,Saint-Médard-en-Jalles,44.8861,-0.7823,0.2,0.2,False,Inconnue,,
2009,2009-03-12 19:18:00,3,06,Alpes-Maritimes,06074,Lantosque,43.9787,7.3121,0.24,0.0,False,Malveillance,,
2009,2009-03-13 16:58:00,3,40,Landes de Gascogne,40165,Luglon,44.0807,-0.7306,0.2,0.2,False,Involontaire (travaux),,
2009,2009-03-14 13:10:00,3,33,Landes de Gascogne,33512,Sigalens,44.4567,-0.0324,1.5,1.5,False,Involontaire (particulier),,
2009,2009-03-14 18:10:00,3,40,Landes de Gascogne,40126,Hinx,43.71,-0.9339,0.2,0.2,False,Inconnue,,
2009,2009-03-15 13:02:00,3,40,Landes de Gascogne,40332,Ychoux,44.3545,-0.9643,0.3,0.3,False,Involontaire (particulier),,
2009,2009-03-15 13:03:00,3,33,Landes de Gascogne,33077,Cabanac-et-Villagrains,44.5889,-0.5412,0.02,0.02,False,Inconnue,,
2009,2009-03-15 15:42:00,3,06,Alpes-Maritimes,06050,Coursegoules,43.7898,7.0384,0.7,0.0,False,Inconnue,,
2009,2009-03-17 13:08:00,3,40,Landes de Gascogne,40227,Pissos,44.3012,-0.7906,0.01,0.01,False,Inconnue,,
2009,2009-03-17 14:00:00,3,33,Landes de Gascogne,33321,Peujard,45.0472,-0.4313,1.005,1.005,False,Inconnue,,
2009,2009-03-17 15:00:00,3,06,Alpes-Maritimes,06017,Bézaudun-les-Alpes,43.8026,7.0908,0.6,0.0,False,Involontaire (particulier),,
2009,2009-03-17 17:03:00,3,33,Landes de Gascogne,33436,Saint-Magne,44.559,-0.6623,21.97,21.97,False,Inconnue,,
2009,2009-03-18 08:01:00,3,33,Landes de Gascogne,33019,Audenge,44.7133,-0.9533,31.22,15.0,False,Inconnue,,
2009,2009-03-18 08:49:00,3,33,Landes de Gascogne,33238,Léognan,44.7236,-0.6172,0.2,0.2,False,Accidentelle,,
2009,2009-03-18 12:00:00,3,40,Landes de Gascogne,40181,Messanges,43.8086,-1.3629,0.2,0.2,False,Involontaire (particulier),,
2009,2009-03-18 15:29:00,3,40,Landes de Gascogne,40267,Saint-Justin,43.9907,-0.2265,0.02,0.02,False,Involontaire (particulier),,
2009,2009-03-18 16:19:00,3,40,Landes de Gascogne,40149,Lencouacq,44.1482,-0.3856,0.35,0.35,False,Accidentelle,,
2009,2009-03-18 18:40:00,3,33,Landes de Gascogne,33416,Saint-Girons-d'Aiguevives,45.1465,-0.5376,0.25,0.25,False,Accidentelle,,
2009,2009-03-18 20:30:00,3,33,Landes de Gascogne,33471,Saint-Sauveur,45.1964,-0.8223,0.3,0.3,False,Inconnue,,
2009,2009-03-19 10:35:00,3,33,Landes de Gascogne,33449,Saint-Médard-en-Jalles,44.8861,-0.7823,0.05,0.05,False,Accidentelle,,
2009,2009-03-19 12:07:00,3,33,Landes de Gascogne,33281,Mérignac,44.8313,-0.682,0.15,0.15,False,Inconnue,,
2009,2009-03-19 12:52:00,3,33,Landes de Gascogne,33448,Saint-Médard-d'Eyrans,44.714,-0.5125,0.2,0.2,False,Involontaire (particulier),,
2009,2009-03-19 13:25:00,3,40,Landes de Gascogne,40323,Vert,44.0955,-0.6138,0.02,0.02,False,Accidentelle,,
2009,2009-03-19 14:55:00,3,40,Landes de Gascogne,40043,Bias,44.1347,-1.2379,3.0,3.0,False,Inconnue,,
2009,2009-03-19 14:58:00,3,33,Landes de Gascogne,33491,Saint-Vivien-de-Monségur,44.6167,0.1208,2.0,2.0,False,Accidentelle,,
2009,2009-03-19 16:00:00,3,06,Alpes-Maritimes,06068,Gourdon,43.7266,6.9622,1.84,0.0,False,Inconnue,,
2009,2009-03-19 19:34:00,3,33,Landes de Gascogne,33083,Camarsac,44.8256,-0.3703,1.0,0.5,False,Accidentelle,,
2009,2009-03-19 20:20:00,3,06,Alpes-Maritimes,06074,Lantosque,43.9787,7.3121,0.6,0.0,False,Malveillance,,
2009,2009-03-20 00:20:00,3,33,Landes de Gascogne,33471,Saint-Sauveur,45.1964,-0.8223,0.03,0.01,False,Inconnue,,
2009,2009-03-20 04:46:00,3,33,Landes de Gascogne,33047,Berson,45.1188,-0.5782,1.0,1.0,False,Inconnue,,
2009,2009-03-20 08:46:00,3,33,Landes de Gascogne,33047,Berson,45.1188,-0.5782,0.2,0.2,False,Inconnue,,
2009,2009-03-20 11:11:00,3,33,Landes de Gascogne,33264,Maransin,45.0748,-0.26,0.6,0.6,False,Accidentelle,,
2009,2009-03-20 11:18:00,3,33,Landes de Gascogne,33412,Saint-Germain-d'Esteuil,45.2534,-0.8886,0.25,0.25,False,Inconnue,,
2009,2009-03-20 12:32:00,3,40,Landes de Gascogne,40200,Moustey,44.387,-0.7703,2.0,2.0,False,Malveillance,,
2009,2009-03-20 15:12:00,3,06,Alpes-Maritimes,06091,Peille,43.8043,7.4088,0.6,0.0,False,Inconnue,,
2009,2009-03-20 15:59:00,3,33,Landes de Gascogne,33330,Pompignac,44.8527,-0.4347,0.01,0.01,False,Inconnue,,
2009,2009-03-20 16:30:00,3,33,Landes de Gascogne,33417,Sainte-Hélène,44.9653,-0.9071,10.5,10.5,False,Inconnue,,
2009,2009-03-20 20:59:00,3,33,Landes de Gascogne,33342,Puisseguin,44.9305,-0.0631,0.1,0.1,False,Involontaire (particulier),,
2009,2009-03-21 09:23:00,3,06,Alpes-Maritimes,06023,Breil-sur-Roya,43.9379,7.4996,0.04,0.0,False,Involontaire (particulier),,
2009,2009-03-21 15:34:00,3,33,Landes de Gascogne,33498,Salles,44.536,-0.8899,0.3,0.3,False,Involontaire (particulier),,
2009,2009-03-21 15:57:00,3,40,Landes de Gascogne,40009,Arjuzanx,,,1.0,1.0,False,Accidentelle,,
2009,2009-03-21 16:02:00,3,06,Alpes-Maritimes,06072,Ilonse,44.0319,7.0901,0.08,0.0,False,Involontaire (travaux),,
2009,2009-03-21 16:57:00,3,33,Landes de Gascogne,33122,Cestas,44.7274,-0.7349,0.3,0.3,False,Inconnue,,
2009,2009-03-21 17:15:00,3,33,Landes de Gascogne,33498,Salles,44.536,-0.8899,0.01,0.01,False,Involontaire (particulier),,
2009,2009-03-22 10:21:00,3,33,Landes de Gascogne,33502,Saugon,45.1864,-0.5006,1.0,1.0,False,Inconnue,,
2009,2009-03-22 12:24:00,3,33,Landes de Gascogne,33122,Cestas,44.7274,-0.7349,0.005,0.005,False,Accidentelle,,
2009,2009-03-22 12:27:00,3,06,Alpes-Maritimes,06141,Toudon,43.8857,7.1094,0.1,0.0,False,Inconnue,,
2009,2009-03-22 13:53:00,3,33,Landes de Gascogne,33540,Vendays-Montalivet,45.3378,-1.0953,0.15,0.15,False,Involontaire (particulier),,
2009,2009-03-22 14:31:00,3,06,Alpes-Maritimes,06130,Saint-Vallier-de-Thiey,43.6994,6.8516,0.15,0.0,False,Inconnue,,
2009,2009-03-22 16:33:00,3,33,Landes de Gascogne,33238,Léognan,44.7236,-0.6172,0.6,0.6,False,Malveillance,,
2009,2009-03-22 17:10:00,3,40,Landes de Gascogne,40046,Biscarrosse,44.4077,-1.1525,0.5,0.5,False,Inconnue,,
2009,2009-03-22 17:12:00,3,33,Landes de Gascogne,33019,Audenge,44.7133,-0.9533,0.02,0.02,False,Inconnue,,
2009,2009-03-22 17:28:00,3,40,Landes de Gascogne,40046,Biscarrosse,44.4077,-1.1525,4.5,4.5,False,Inconnue,,
2009,2009-03-22 18:28:00,3,33,Landes de Gascogne,33366,Saint-André-de-Cubzac,44.9945,-0.4378,0.05,0.05,False,Inconnue,,
2009,2009-03-23 08:27:00,3,06,Alpes-Maritimes,06023,Breil-sur-Roya,43.9379,7.4996,1.6014,0.0,False,Malveillance,,
2009,2009-03-23 10:13:00,3,33,Landes de Gascogne,33449,Saint-Médard-en-Jalles,44.8861,-0.7823,0.01,0.01,False,Accidentelle,,
2009,2009-03-23 12:16:00,3,33,Landes de Gascogne,33063,Bordeaux,44.8624,-0.5848,0.01,0.01,False,Involontaire (particulier),,
2009,2009-03-23 12:24:00,3,06,Alpes-Maritimes,06013,Belvédère,44.0615,7.3612,12.94,4.0,False,Involontaire (particulier),,
2009,2009-03-23 13:32:00,3,33,Landes de Gascogne,33310,Origne,44.5025,-0.509,1.05,1.05,False,Inconnue,,
2009,2009-03-23 14:35:00,3,33,Landes de Gascogne,33351,Reignac,45.2292,-0.5179,1.0,1.0,False,Inconnue,,
2009,2009-03-23 16:06:00,3,33,Landes de Gascogne,33145,Cursan,44.7963,-0.3339,0.5,0.5,False,Involontaire (particulier),,
2009,2009-03-23 16:43:00,3,33,Landes de Gascogne,33122,Cestas,44.7274,-0.7349,0.5,0.5,False,Inconnue,,
2009,2009-03-23 16:48:00,3,33,Landes de Gascogne,33336,Préchac,44.3859,-0.3715,0.02,0.02,False,Inconnue,,
2009,2009-03-23 17:56:00,3,33,Landes de Gascogne,33318,Pessac,44.786,-0.681,0.05,0.05,False,Inconnue,,
2009,2009-03-24 13:06:00,3,06,Alpes-Maritimes,06141,Toudon,43.8857,7.1094,0.08,0.0,False,Involontaire (particulier),,
2009,2009-03-24 16:19:00,3,40,Landes de Gascogne,40221,Perquie,43.8677,-0.2563,1.5,1.5,False,Malveillance,,
2009,2009-03-24 17:01:00,3,33,Landes de Gascogne,33483,Saint-Sulpice-et-Cameyrac,44.9053,-0.3803,0.3,0.3,False,Involontaire (travaux),,
2009,2009-03-24 20:25:00,3,33,Landes de Gascogne,33494,Salaunes,44.9281,-0.8502,0.1,0.1,False,Inconnue,,
2009,2009-03-25 00:33:00,3,33,Landes de Gascogne,33284,Mios,44.6105,-0.8913,0.8,0.8,False,Inconnue,,
2009,2009-03-25 02:36:00,3,33,Landes de Gascogne,33284,Mios,44.6105,-0.8913,0.5,0.5,False,Inconnue,,
2009,2009-03-25 12:41:00,3,33,Landes de Gascogne,33029,Le Barp,44.6297,-0.7437,5.21,5.21,False,Inconnue,,
2009,2009-03-25 14:22:00,3,33,Landes de Gascogne,33284,Mios,44.6105,-0.8913,4.06,4.06,False,Involontaire (travaux),,
2009,2009-03-25 15:01:00,3,33,Landes de Gascogne,33424,Saint-Laurent-Médoc,45.1402,-0.8557,0.01,0.01,False,Inconnue,,
2009,2009-03-25 15:17:00,3,33,Landes de Gascogne,33051,Biganos,44.6599,-0.9582,1.5,1.5,False,Inconnue,,
2009,2009-03-25 17:47:00,3,40,Landes de Gascogne,40326,Vielle-Saint-Girons,43.9429,-1.3219,0.5,0.5,False,Inconnue,,
2009,2009-03-25 17:49:00,3,40,Landes de Gascogne,40266,Saint-Julien-en-Born,44.0854,-1.2551,0.01,0.01,False,Involontaire (particulier),,
2009,2009-03-25 17:51:00,3,06,Alpes-Maritimes,06074,Lantosque,43.9787,7.3121,0.01,0.0,False,Malveillance,,
2009,2009-03-26 17:43:00,3,33,Landes de Gascogne,33535,Tresses,44.8455,-0.4741,0.002,0.002,False,Inconnue,,
2009,2009-03-26 19:24:00,3,33,Landes de Gascogne,33219,La Lande-de-Fronsac,44.9849,-0.3797,0.05,0.05,False,Involontaire (travaux),,
2009,2009-03-27 08:08:00,3,06,Alpes-Maritimes,06024,Briançonnet,43.8654,6.7325,0.5,0.0,False,Accidentelle,,
2009,2009-03-27 14:23:00,3,06,Alpes-Maritimes,06050,Coursegoules,43.7898,7.0384,12.52,0.0,False,Inconnue,,
2009,2009-03-27 15:29:00,3,06,Alpes-Maritimes,06141,Toudon,43.8857,7.1094,0.3,0.0,False,Involontaire (particulier),,
2009,2009-03-27 15:36:00,3,06,Alpes-Maritimes,06069,Grasse,43.656,6.937,0.03,0.0,False,Involontaire (particulier),,
2009,2009-03-27 18:05:00,3,06,Alpes-Maritimes,06070,Gréolières,43.8037,6.9296,0.45,0.0,False,Inconnue,,
2009,2009-03-29 17:00:00,3,33,Landes de Gascogne,33007,Arbanats,44.6679,-0.4025,0.8,0.8,False,Inconnue,,
2009,2009-03-30 04:29:00,3,33,Landes de Gascogne,33284,Mios,44.6105,-0.8913,3.25,3.25,False,Inconnue,,
2009,2009-03-31 00:35:00,3,33,Landes de Gascogne,33471,Saint-Sauveur,45.1964,-0.8223,1.0,1.0,False,Inconnue,,
2009,2009-03-31 14:37:00,3,33,Landes de Gascogne,33051,Biganos,44.6599,-0.9582,0.3,0.3,False,Involontaire (particulier),,
2009,2009-04-01 15:11:00,4,33,Landes de Gascogne,33303,Nérigean,44.8467,-0.2804,0.3,0.3,False,Inconnue,,
2009,2009-04-01 15:54:00,4,33,Landes de Gascogne,33273,Martignas-sur-Jalle,44.8451,-0.8006,1.5,1.5,False,Involontaire (travaux),,
2009,2009-04-02 16:25:00,4,33,Landes de Gascogne,33436,Saint-Magne,44.559,-0.6623,2.0,2.0,False,Inconnue,,
2009,2009-04-02 16:35:00,4,33,Landes de Gascogne,33498,Salles,44.536,-0.8899,0.05,0.05,False,Inconnue,,
2009,2009-04-02 18:37:00,4,40,Landes de Gascogne,40327,Vielle-Soubiran,44.0549,-0.1715,0.3,0.3,False,Inconnue,,
2009,2009-04-02 21:01:00,4,33,Landes de Gascogne,33322,Le Pian-Médoc,44.9555,-0.6737,0.1,0.1,False,Accidentelle,,
2009,2009-04-03 15:08:00,4,40,Landes de Gascogne,40253,Saint-Cricq-Chalosse,43.6561,-0.6737,0.25,0.25,False,Inconnue,,
2009,2009-04-04 17:37:00,4,33,Landes de Gascogne,33122,Cestas,44.7274,-0.7349,0.1,0.1,False,Inconnue,,
2009,2009-04-05 10:13:00,4,33,Landes de Gascogne,33213,La Brède,44.6777,-0.5396,0.02,0.02,False,Accidentelle,,
2009,2009-04-05 14:33:00,4,33,Landes de Gascogne,33122,Cestas,44.7274,-0.7349,0.3,0.3,False,Inconnue,,
2009,2009-04-05 14:43:00,4,33,Landes de Gascogne,33407,Saint-Genès-de-Fronsac,45.0259,-0.347,0.5,0.5,False,Involontaire (particulier),,
2009,2009-04-05 16:41:00,4,33,Landes de Gascogne,33498,Salles,44.536,-0.8899,0.01,0.01,False,Malveillance,,
2009,2009-04-06 00:03:00,4,33,Landes de Gascogne,33471,Saint-Sauveur,45.1964,-0.8223,0.1,0.1,False,Inconnue,,
2009,2009-04-06 14:31:00,4,33,Landes de Gascogne,33357,Roaillan,44.5086,-0.2804,1.5,1.5,False,Involontaire (particulier),,
2009,2009-04-06 15:21:00,4,33,Landes de Gascogne,33471,Saint-Sauveur,45.1964,-0.8223,3.5,3.5,False,Inconnue,,
2009,2009-04-09 14:37:00,4,33,Landes de Gascogne,33498,Salles,44.536,-0.8899,0.02,0.02,False,Involontaire (particulier),,
2009,2009-04-09 15:07:00,4,06,Alpes-Maritimes,06157,Vence,43.7373,7.0995,0.04,0.0,False,Malveillance,,
2009,2009-04-10 14:47:00,4,33,Landes de Gascogne,33051,Biganos,44.6599,-0.9582,7.0,7.0,False,Inconnue,,
2009,2009-04-13 14:39:00,4,06,Alpes-Maritimes,06157,Vence,43.7373,7.0995,0.5,0.0,False,Inconnue,,
2009,2009-04-14 15:17:00,4,06,Alpes-Maritimes,06022,Bouyon,43.8272,7.125,11.1328,0.0,False,Involontaire (particulier),,
2009,2009-04-16 17:39:00,4,40,Landes de Gascogne,40246,Sabres,44.1532,-0.7332,1.5,1.5,False,Naturelle,,
2009,2009-04-19 14:34:00,4,40,Landes de Gascogne,40229,Pontenx-les-Forges,44.2554,-1.0914,23.7,21.7,False,Inconnue,,
2009,2009-04-21 14:07:00,4,40,Landes de Gascogne,40302,Sindères,,,0.02,0.02,False,Accidentelle,,
2009,2009-04-21 23:42:00,4,33,Landes de Gascogne,33471,Saint-Sauveur,45.1964,-0.8223,0.006,0.006,False,Inconnue,,
2009,2009-04-22 05:23:00,4,33,Landes de Gascogne,33449,Saint-Médard-en-Jalles,44.8861,-0.7823,12.8,12.8,False,Inconnue,,
2009,2009-04-22 15:09:00,4,33,Landes de Gascogne,33449,Saint-Médard-en-Jalles,44.8861,-0.7823,0.01,0.01,False,Inconnue,,
2009,2009-04-22 18:04:00,4,33,Landes de Gascogne,33449,Saint-Médard-en-Jalles,44.8861,-0.7823,0.15,0.15,False,Involontaire (travaux),,
2009,2009-04-22 18:50:00,4,33,Landes de Gascogne,33471,Saint-Sauveur,45.1964,-0.8223,0.1,0.1,False,Inconnue,,
2009,2009-04-22 22:20:00,4,33,Landes de Gascogne,33233,Laruscade,45.1206,-0.3394,0.5,0.5,False,Accidentelle,,
2009,2009-04-23 09:28:00,4,33,Landes de Gascogne,33051,Biganos,44.6599,-0.9582,0.002,0.002,False,Malveillance,,
2009,2009-04-23 12:40:00,4,33,Landes de Gascogne,33090,Canéjan,44.7572,-0.659,0.04,0.04,False,Inconnue,,
2009,2009-04-24 12:32:00,4,40,Landes de Gascogne,40056,Brocas,44.0533,-0.5446,0.02,0.02,False,Involontaire (particulier),,
2009,2009-04-24 13:30:00,4,06,Alpes-Maritimes,06088,Nice,43.7032,7.2528,0.03,0.0,False,Involontaire (particulier),,
2009,2009-04-24 17:34:00,4,40,Landes de Gascogne,40065,Capbreton,43.6311,-1.4289,0.1,0.1,False,Inconnue,,
2009,2009-04-24 17:39:00,4,33,Landes de Gascogne,33273,Martignas-sur-Jalle,44.8451,-0.8006,0.2,0.2,False,Inconnue,,
2009,2009-04-24 20:58:00,4,33,Landes de Gascogne,33484,Saint-Symphorien,44.4261,-0.5505,2.5,2.5,False,Inconnue,,
2009,2009-04-25 15:10:00,4,06,Alpes-Maritimes,06010,Le Bar-sur-Loup,43.6993,6.9674,0.1,0.0,False,Involontaire (particulier),,
2009,2009-04-30 12:42:00,4,06,Alpes-Maritimes,06018,Biot,43.6273,7.0821,0.04,0.0,False,Involontaire (travaux),,
2009,2009-05-03 17:41:00,5,33,Landes de Gascogne,33122,Cestas,44.7274,-0.7349,2.0,2.0,False,Inconnue,,
2009,2009-05-04 18:20:00,5,33,Landes de Gascogne,33284,Mios,44.6105,-0.8913,0.5,0.5,False,Involontaire (travaux),,
2009,2009-05-05 18:02:00,5,33,Landes de Gascogne,33474,Saint-Selve,44.6574,-0.4726,0.04,0.02,False,Inconnue,,
2009,2009-05-05 20:35:00,5,33,Landes de Gascogne,33471,Saint-Sauveur,45.1964,-0.8223,0.12,0.12,False,Inconnue,,
2009,2009-05-06 05:44:00,5,33,Landes de Gascogne,33122,Cestas,44.7274,-0.7349,3.0,3.0,False,Inconnue,,
2009,2009-05-06 15:45:00,5,33,Landes de Gascogne,33122,Cestas,44.7274,-0.7349,0.1,0.06,False,Inconnue,,
2009,2009-05-07 12:22:00,5,33,Landes de Gascogne,33417,Sainte-Hélène,44.9653,-0.9071,0.015,0.015,False,Involontaire (travaux),,
2009,2009-05-08 07:42:00,5,33,Landes de Gascogne,33122,Cestas,44.7274,-0.7349,0.2,0.01,False,Inconnue,,
2009,2009-05-11 21:03:00,5,40,Landes de Gascogne,40021,Azur,43.7996,-1.2919,0.0001,0.0001,False,Naturelle,,
2009,2009-05-13 14:09:00,5,40,Landes de Gascogne,40229,Pontenx-les-Forges,44.2554,-1.0914,0.0001,0.0001,False,Naturelle,,
2009,2009-05-13 21:30:00,5,40,Landes de Gascogne,40036,Bénesse-Maremne,43.634,-1.3679,0.0001,0.0001,False,Naturelle,,
2009,2009-05-17 17:08:00,5,33,Landes de Gascogne,33307,Noaillan,44.4812,-0.3698,0.2,0.2,False,Accidentelle,,
2009,2009-05-30 09:02:00,5,06,Alpes-Maritimes,06059,Èze,43.7299,7.3566,0.02,0.0,False,Involontaire (particulier),,
2009,2009-05-31 11:37:00,5,06,Alpes-Maritimes,06079,Mandelieu-la-Napoule,43.5334,6.918,0.05,0.0,False,Inconnue,,
2009,2009-06-01 04:08:00,6,40,Landes de Gascogne,40108,Gastes,44.3117,-1.1996,2.0,2.0,False,Inconnue,,
2009,2009-06-01 17:02:00,6,40,Landes de Gascogne,40094,Escource,44.1639,-1.0361,0.1,0.1,False,Inconnue,,
2009,2009-06-02 12:16:00,6,33,Landes de Gascogne,33042,Belin-Béliet,44.4959,-0.7989,0.4,0.4,False,Involontaire (particulier),,
2009,2009-06-03 04:37:00,6,33,Landes de Gascogne,33042,Belin-Béliet,44.4959,-0.7989,4.0,4.0,False,Involontaire (travaux),,
2009,2009-06-04 16:22:00,6,33,Landes de Gascogne,33527,Le Teich,44.5805,-1.0234,0.5,0.5,False,Inconnue,,
2009,2009-06-05 14:58:00,6,33,Landes de Gascogne,33436,Saint-Magne,44.559,-0.6623,0.001,0.001,False,Naturelle,,
2009,2009-06-09 15:33:00,6,40,Landes de Gascogne,40307,Sore,44.3073,-0.6021,25.7,25.7,False,Involontaire (travaux),,
2009,2009-06-11 16:03:00,6,06,Alpes-Maritimes,06004,Antibes,43.5823,7.1048,0.06,0.0,False,Involontaire (travaux),,
2009,2009-06-11 16:29:00,6,06,Alpes-Maritimes,06148,Tourrettes-sur-Loup,43.718,7.0353,0.1,0.0,False,Inconnue,,
2009,2009-06-12 00:26:00,6,33,Landes de Gascogne,33540,Vendays-Montalivet,45.3378,-1.0953,0.1,0.1,False,Accidentelle,,
2009,2009-06-12 15:38:00,6,40,Landes de Gascogne,40333,Ygos-Saint-Saturnin,43.9934,-0.7297,4.0,4.0,False,Naturelle,,
2009,2009-06-13 12:51:00,6,40,Landes de Gascogne,40168,Magescq,43.7753,-1.1841,0.1,0.1,False,Inconnue,,
2009,2009-06-13 19:36:00,6,40,Landes de Gascogne,40310,Soustons,43.754,-1.3305,0.001,0.001,False,Malveillance,,
2009,2009-06-16 10:12:00,6,06,Alpes-Maritimes,06007,Auribeau-sur-Siagne,43.6105,6.9118,0.01,0.0,False,Involontaire (travaux),,
2009,2009-06-16 14:44:00,6,06,Alpes-Maritimes,06084,Mouans-Sartoux,43.6192,6.9677,0.12,0.0,False,Inconnue,,
2009,2009-06-16 16:02:00,6,40,Landes de Gascogne,40134,Labouheyre,44.2243,-0.9107,0.015,0.015,False,Inconnue,,
2009,2009-06-17 12:29:00,6,06,Alpes-Maritimes,06080,Marie,44.0319,7.1668,0.03,0.0,False,Inconnue,,
2009,2009-06-17 13:46:00,6,06,Alpes-Maritimes,06021,Bonson,43.8613,7.1786,0.001,0.0,False,Accidentelle,,
2009,2009-06-18 14:43:00,6,33,Landes de Gascogne,33514,Soulac-sur-Mer,45.5057,-1.0694,0.004,0.004,False,Inconnue,,
2009,2009-06-18 19:39:00,6,40,Landes de Gascogne,40274,Saint-Martin-d'Oney,43.9293,-0.6497,0.04,0.04,False,Inconnue,,
2009,2009-06-20 08:00:00,6,33,Landes de Gascogne,33544,Le Verdon-sur-Mer,45.5481,-1.0826,0.2,0.2,False,Inconnue,,
2009,2009-06-21 15:14:00,6,33,Landes de Gascogne,33240,Lesparre-Médoc,45.2796,-0.9235,0.2,0.2,False,Inconnue,,
2009,2009-06-21 15:15:00,6,06,Alpes-Maritimes,06083,Menton,43.7961,7.498,0.03,0.0,False,Involontaire (particulier),,
2009,2009-06-22 08:10:00,6,33,Landes de Gascogne,33190,Goualade,44.3182,-0.1252,1.5,1.5,False,Accidentelle,,
2009,2009-06-22 14:11:00,6,40,Landes de Gascogne,40158,Losse,44.0948,-0.0933,1.0,1.0,False,Involontaire (travaux),,
2009,2009-06-22 19:34:00,6,40,Landes de Gascogne,40215,Ousse-Suzan,43.9492,-0.7523,0.1,0.05,False,Involontaire (travaux),,
2009,2009-06-23 12:40:00,6,06,Alpes-Maritimes,06105,Roquefort-les-Pins,43.6723,7.0565,0.015,0.0,False,Involontaire (particulier),,
2009,2009-06-23 21:55:00,6,40,Landes de Gascogne,40114,Gourbera,43.8068,-1.0422,2.0,2.0,False,Inconnue,,
2009,2009-06-24 10:57:00,6,06,Alpes-Maritimes,06157,Vence,43.7373,7.0995,0.1,0.0,False,Involontaire (particulier),,
2009,2009-06-24 15:10:00,6,06,Alpes-Maritimes,06155,Vallauris,43.5787,7.0604,0.07,0.0,False,Involontaire (travaux),,
2009,2009-06-24 16:09:00,6,40,Landes de Gascogne,40262,Saint-Gor,44.0752,-0.2367,0.7,0.7,False,Involontaire (particulier),,
2009,2009-06-24 17:35:00,6,40,Landes de Gascogne,40210,Onesse-Laharie,44.063,-1.0224,0.05,0.05,False,Inconnue,,
2009,2009-06-24 17:35:00,6,40,Landes de Gascogne,40210,Onesse-Laharie,44.063,-1.0224,2.0,2.0,False,Inconnue,,
2009,2009-06-25 06:33:00,6,40,Landes de Gascogne,40279,Saint-Paul-lès-Dax,43.7485,-1.0941,0.01,0.01,False,Naturelle,,
2009,2009-06-25 07:20:00,6,40,Landes de Gascogne,40061,Campagne,43.8665,-0.6436,0.01,0.01,False,Naturelle,,
2009,2009-06-25 07:33:00,6,40,Landes de Gascogne,40243,Rion-des-Landes,43.9318,-0.9436,0.01,0.01,False,Naturelle,,
2009,2009-06-25 07:57:00,6,40,Landes de Gascogne,40274,Saint-Martin-d'Oney,43.9293,-0.6497,0.01,0.01,False,Naturelle,,
2009,2009-06-25 11:19:00,6,40,Landes de Gascogne,40105,Garein,44.0521,-0.6514,0.005,0.005,False,Naturelle,,
2009,2009-06-25 11:23:00,6,40,Landes de Gascogne,40215,Ousse-Suzan,43.9492,-0.7523,0.01,0.01,False,Naturelle,,
2009,2009-06-25 12:00:00,6,40,Landes de Gascogne,40105,Garein,44.0521,-0.6514,0.01,0.01,False,Naturelle,,
2009,2009-06-25 15:48:00,6,06,Alpes-Maritimes,06089,Opio,43.6574,7.0094,0.35,0.0,False,Involontaire (travaux),,
2009,2009-06-26 13:11:00,6,06,Alpes-Maritimes,06162,La Brigue,44.0897,7.6496,0.005,0.0,False,Involontaire (particulier),,
2009,2009-06-26 15:06:00,6,06,Alpes-Maritimes,06023,Breil-sur-Roya,43.9379,7.4996,0.0002,0.0,False,Naturelle,,
2009,2009-06-26 18:48:00,6,40,Landes de Gascogne,40243,Rion-des-Landes,43.9318,-0.9436,1.0,1.0,False,Naturelle,,
2009,2009-06-27 11:08:00,6,40,Landes de Gascogne,40180,Meilhan,43.8685,-0.6966,1.8,1.8,False,Naturelle,,
2009,2009-06-27 15:23:00,6,40,Landes de Gascogne,40091,Duhort-Bachen,43.7158,-0.3182,2.0,1.0,False,Inconnue,,
2009,2009-06-27 17:15:00,6,33,Landes de Gascogne,33273,Martignas-sur-Jalle,44.8451,-0.8006,0.002,0.002,False,Inconnue,,
2009,2009-06-27 18:05:00,6,40,Landes de Gascogne,40283,Saint-Vincent-de-Paul,43.7726,-0.9965,0.3,0.3,False,Inconnue,,
2009,2009-06-28 04:40:00,6,06,Alpes-Maritimes,06128,Saint-Paul-de-Vence,43.6928,7.1196,0.01,0.0,False,Inconnue,,
2009,2009-06-28 13:33:00,6,06,Alpes-Maritimes,06136,Sospel,43.8872,7.4493,0.1,0.0,False,Naturelle,,
2009,2009-06-28 14:19:00,6,40,Landes de Gascogne,40279,Saint-Paul-lès-Dax,43.7485,-1.0941,13.7,13.7,False,Naturelle,,
2009,2009-06-28 14:44:00,6,06,Alpes-Maritimes,06092,Peillon,43.7727,7.3668,0.1,0.0,False,Involontaire (particulier),,
2009,2009-06-28 15:07:00,6,40,Landes de Gascogne,40180,Meilhan,43.8685,-0.6966,193.0,193.0,True,Naturelle,,
2009,2009-06-28 15:25:00,6,06,Alpes-Maritimes,06069,Grasse,43.656,6.937,0.06,0.0,False,Involontaire (particulier),,
2009,2009-06-28 17:16:00,6,33,Landes de Gascogne,33244,Lignan-de-Bazas,44.433,-0.2745,0.08,0.08,False,Inconnue,,
2009,2009-06-28 22:24:00,6,40,Landes de Gascogne,40274,Saint-Martin-d'Oney,43.9293,-0.6497,0.01,0.01,False,Inconnue,,
2009,2009-06-29 10:38:00,6,33,Landes de Gascogne,33095,Captieux,44.2621,-0.2981,0.01,0.01,False,Inconnue,,
2009,2009-06-29 21:47:00,6,40,Landes de Gascogne,40114,Gourbera,43.8068,-1.0422,0.0001,0.0001,False,Inconnue,,
2009,2009-06-29 23:14:00,6,40,Landes de Gascogne,40267,Saint-Justin,43.9907,-0.2265,0.01,0.01,False,Inconnue,,
2009,2009-06-29 23:28:00,6,33,Landes de Gascogne,33214,Lacanau,44.9879,-1.096,0.015,0.015,False,Inconnue,,
2009,2009-06-30 06:13:00,6,33,Landes de Gascogne,33527,Le Teich,44.5805,-1.0234,0.03,0.015,False,Malveillance,,
2009,2009-06-30 09:12:00,6,33,Landes de Gascogne,33115,Cazalis,44.3304,-0.3875,0.3,0.3,False,Inconnue,,
2009,2009-06-30 12:35:00,6,06,Alpes-Maritimes,06113,Sainte-Agnès,43.8046,7.4605,0.08,0.0,False,Involontaire (particulier),,
2009,2009-06-30 17:01:00,6,40,Landes de Gascogne,40230,Pontonx-sur-l'Adour,43.7927,-0.9367,2.0,2.0,False,Naturelle,,
2009,2009-06-30 17:26:00,6,06,Alpes-Maritimes,06033,Carros,43.785,7.1798,0.05,0.0,False,Naturelle,,
2009,2009-06-30 17:53:00,6,40,Landes de Gascogne,40319,Trensacq,44.232,-0.7015,0.05,0.05,False,Naturelle,,
2009,2009-06-30 18:13:00,6,33,Landes de Gascogne,33115,Cazalis,44.3304,-0.3875,0.5,0.5,False,Naturelle,,
2009,2009-06-30 18:47:00,6,40,Landes de Gascogne,40167,Luxey,44.2382,-0.5061,0.01,0.01,False,Naturelle,,
2009,2009-06-30 18:56:00,6,40,Landes de Gascogne,40250,Saint-Avit,43.9439,-0.4527,0.015,0.015,False,Naturelle,,
2009,2009-06-30 19:09:00,6,40,Landes de Gascogne,40006,Arengosse,44.0299,-0.7811,2.5,2.5,False,Naturelle,,
2009,2009-06-30 19:24:00,6,40,Landes de Gascogne,40053,Bourriot-Bergonce,44.153,-0.2091,0.1,0.1,False,Naturelle,,
2009,2009-06-30 20:40:00,6,40,Landes de Gascogne,40200,Moustey,44.387,-0.7703,0.01,0.01,False,Inconnue,,
2009,2009-06-30 20:52:00,6,33,Landes de Gascogne,33213,La Brède,44.6777,-0.5396,0.002,0.002,False,Inconnue,,
2009,2009-07-01 08:50:00,7,33,Landes de Gascogne,33095,Captieux,44.2621,-0.2981,0.01,0.01,False,Inconnue,,
2009,2009-07-01 15:08:00,7,40,Landes de Gascogne,40243,Rion-des-Landes,43.9318,-0.9436,4.0,4.0,False,Naturelle,,
2009,2009-07-01 16:02:00,7,40,Landes de Gascogne,40164,Retjons,44.1399,-0.2929,2.0,2.0,False,Inconnue,,
2009,2009-07-01 17:28:00,7,33,Landes de Gascogne,33115,Cazalis,44.3304,-0.3875,0.2,0.2,False,Naturelle,,
2009,2009-07-01 17:36:00,7,40,Landes de Gascogne,40149,Lencouacq,44.1482,-0.3856,0.4,0.4,False,Naturelle,,
2009,2009-07-01 17:46:00,7,33,Landes de Gascogne,33472,Saint-Sauveur-de-Puynormand,44.9958,-0.0308,0.5,0.5,False,Inconnue,,
2009,2009-07-01 19:13:00,7,40,Landes de Gascogne,40246,Sabres,44.1532,-0.7332,2.0,2.0,False,Naturelle,,
2009,2009-07-02 08:06:00,7,40,Landes de Gascogne,40182,Mézos,44.0848,-1.141,0.0001,0.0001,False,Accidentelle,,
2009,2009-07-02 09:16:00,7,40,Landes de Gascogne,40064,Canenx-et-Réaut,44.0024,-0.4602,0.0001,0.0001,False,Naturelle,,
2009,2009-07-02 10:13:00,7,40,Landes de Gascogne,40093,Escalans,44.0023,0.0374,0.002,0.002,False,Naturelle,,
2009,2009-07-02 14:20:00,7,06,Alpes-Maritimes,06034,Castagniers,43.79,7.2298,0.09,0.0,False,Involontaire (particulier),,
2009,2009-07-02 15:34:00,7,40,Landes de Gascogne,40230,Pontonx-sur-l'Adour,43.7927,-0.9367,0.01,0.01,False,Naturelle,,
2009,2009-07-02 17:33:00,7,33,Landes de Gascogne,33498,Salles,44.536,-0.8899,0.004,0.004,False,Naturelle,,
2009,2009-07-02 18:58:00,7,33,Landes de Gascogne,33070,Brach,45.0409,-0.9468,0.01,0.01,False,Naturelle,,
2009,2009-07-04 16:32:00,7,40,Landes de Gascogne,40227,Pissos,44.3012,-0.7906,1.0,1.0,False,Naturelle,,
2009,2009-07-05 14:35:00,7,40,Landes de Gascogne,40149,Lencouacq,44.1482,-0.3856,4.0,4.0,False,Naturelle,,
2009,2009-07-05 17:21:00,7,40,Landes de Gascogne,40326,Vielle-Saint-Girons,43.9429,-1.3219,0.05,0.05,False,Inconnue,,
2009,2009-07-07 15:35:00,7,33,Landes de Gascogne,33316,Pellegrue,44.7403,0.0864,0.001,0.001,False,Inconnue,,
2009,2009-07-07 15:59:00,7,06,Alpes-Maritimes,06038,Châteauneuf-Grasse,43.6626,6.9792,0.05,0.0,False,Inconnue,,
2009,2009-07-07 21:44:00,7,06,Alpes-Maritimes,06113,Sainte-Agnès,43.8046,7.4605,0.25,0.0,False,Malveillance,,
2009,2009-07-08 06:54:00,7,40,Landes de Gascogne,40096,Estigarde,44.0431,-0.1165,0.05,0.05,False,Malveillance,,
2009,2009-07-08 13:56:00,7,06,Alpes-Maritimes,06088,Nice,43.7032,7.2528,1.1224,0.0,False,Inconnue,,
2009,2009-07-08 15:51:00,7,06,Alpes-Maritimes,06085,Mougins,43.5931,7.0046,0.01,0.0,False,Involontaire (travaux),,
2009,2009-07-08 18:23:00,7,33,Landes de Gascogne,33214,Lacanau,44.9879,-1.096,0.003,0.003,False,Inconnue,,
2009,2009-07-10 15:57:00,7,06,Alpes-Maritimes,06007,Auribeau-sur-Siagne,43.6105,6.9118,0.1,0.0,False,Involontaire (travaux),,
2009,2009-07-10 17:00:00,7,40,Landes de Gascogne,40310,Soustons,43.754,-1.3305,0.15,0.15,False,Inconnue,,
2009,2009-07-10 17:04:00,7,06,Alpes-Maritimes,06088,Nice,43.7032,7.2528,0.05,0.0,False,Involontaire (particulier),,
2009,2009-07-11 13:38:00,7,40,Landes de Gascogne,40134,Labouheyre,44.2243,-0.9107,0.005,0.005,False,Involontaire (travaux),,
2009,2009-07-12 10:15:00,7,40,Landes de Gascogne,40014,Arue,44.051,-0.3607,0.05,0.05,False,Naturelle,,
2009,2009-07-12 12:50:00,7,40,Landes de Gascogne,40200,Moustey,44.387,-0.7703,0.15,0.15,False,Inconnue,,
2009,2009-07-12 15:04:00,7,40,Landes de Gascogne,40143,Lamothe,43.7961,-0.6612,1.0,1.0,False,Inconnue,,
2009,2009-07-12 15:28:00,7,33,Landes de Gascogne,33385,Saint-Christophe-de-Double,45.0838,0.0233,1.0,0.2,False,Involontaire (travaux),,
2009,2009-07-12 15:33:00,7,40,Landes de Gascogne,40119,Hagetmau,43.6498,-0.5866,0.1,0.1,False,Inconnue,,
2009,2009-07-12 16:01:00,7,33,Landes de Gascogne,33393,Saint-Denis-de-Pile,44.9893,-0.1833,0.15,0.15,False,Inconnue,,
2009,2009-07-12 17:01:00,7,33,Landes de Gascogne,33012,Arsac,44.9869,-0.7018,0.7,0.7,False,Inconnue,,
2009,2009-07-13 15:55:00,7,40,Landes de Gascogne,40330,Villenave,43.9681,-0.8227,0.2,0.2,False,Involontaire (travaux),,
2009,2009-07-13 18:56:00,7,40,Landes de Gascogne,40279,Saint-Paul-lès-Dax,43.7485,-1.0941,0.005,0.005,False,Involontaire (travaux),,
2009,2009-07-13 21:33:00,7,33,Landes de Gascogne,33202,Hostens,44.4834,-0.6616,0.001,0.001,False,Naturelle,,
2009,2009-07-14 18:12:00,7,33,Landes de Gascogne,33540,Vendays-Montalivet,45.3378,-1.0953,0.1,0.1,False,Inconnue,,
2009,2009-07-14 22:40:00,7,06,Alpes-Maritimes,06029,Cannes,43.5454,7.0152,0.65,0.0,False,Inconnue,,
2009,2009-07-15 05:00:00,7,06,Alpes-Maritimes,06095,Peymeinade,43.6289,6.8807,0.008,0.0,False,Naturelle,,
2009,2009-07-15 07:58:00,7,40,Landes de Gascogne,40332,Ychoux,44.3545,-0.9643,0.002,0.002,False,Inconnue,,
2009,2009-07-15 07:58:00,7,40,Landes de Gascogne,40332,Ychoux,44.3545,-0.9643,0.004,0.004,False,Inconnue,,
2009,2009-07-15 10:40:00,7,33,Landes de Gascogne,33095,Captieux,44.2621,-0.2981,0.015,0.015,False,Naturelle,,
2009,2009-07-15 13:39:00,7,06,Alpes-Maritimes,06089,Opio,43.6574,7.0094,0.15,0.0,False,Involontaire (particulier),,
2009,2009-07-15 17:45:00,7,06,Alpes-Maritimes,06073,Isola,44.1903,7.0835,0.003,0.0,False,Naturelle,,
2009,2009-07-16 19:01:00,7,40,Landes de Gascogne,40200,Moustey,44.387,-0.7703,0.05,0.05,False,Naturelle,,
2009,2009-07-16 21:21:00,7,40,Landes de Gascogne,40087,Créon-d'Armagnac,43.9948,-0.0744,2.0,2.0,False,Naturelle,,
2009,2009-07-16 21:36:00,7,40,Landes de Gascogne,40094,Escource,44.1639,-1.0361,3.64,3.64,False,Naturelle,,
2009,2009-07-17 22:50:00,7,06,Alpes-Maritimes,06010,Le Bar-sur-Loup,43.6993,6.9674,0.2,0.0,False,Involontaire (particulier),,
2009,2009-07-17 23:08:00,7,06,Alpes-Maritimes,06084,Mouans-Sartoux,43.6192,6.9677,0.2,0.0,False,Involontaire (particulier),,
2009,2009-07-18 01:48:00,7,06,Alpes-Maritimes,06029,Cannes,43.5454,7.0152,0.06,0.0,False,Inconnue,,
2009,2009-07-18 02:45:00,7,06,Alpes-Maritimes,06049,Courmes,43.7514,7.0196,0.02,0.0,False,Accidentelle,,
2009,2009-07-18 12:57:00,7,06,Alpes-Maritimes,06069,Grasse,43.656,6.937,0.9,0.0,False,Inconnue,,
2009,2009-07-18 17:18:00,7,40,Landes de Gascogne,40046,Biscarrosse,44.4077,-1.1525,0.3,0.3,False,Naturelle,,
2009,2009-07-19 12:49:00,7,06,Alpes-Maritimes,06088,Nice,43.7032,7.2528,0.015,0.0,False,Involontaire (particulier),,
2009,2009-07-19 15:35:00,7,06,Alpes-Maritimes,06088,Nice,43.7032,7.2528,0.005,0.0,False,Involontaire (travaux),,
2009,2009-07-19 18:55:00,7,33,Landes de Gascogne,33051,Biganos,44.6599,-0.9582,0.15,0.15,False,Inconnue,,
2009,2009-07-20 19:29:00,7,33,Landes de Gascogne,33019,Audenge,44.7133,-0.9533,0.002,0.002,False,Inconnue,,
2009,2009-07-20 20:32:00,7,40,Landes de Gascogne,40326,Vielle-Saint-Girons,43.9429,-1.3219,0.001,0.001,False,Naturelle,,
2009,2009-07-20 22:39:00,7,40,Landes de Gascogne,40164,Retjons,44.1399,-0.2929,0.01,0.01,False,Naturelle,,
2009,2009-07-21 01:39:00,7,33,Landes de Gascogne,33528,Le Temple,44.8662,-0.9609,0.15,0.15,False,Inconnue,,
2009,2009-07-21 08:31:00,7,33,Landes de Gascogne,33528,Le Temple,44.8662,-0.9609,0.01,0.01,False,Inconnue,,
2009,2009-07-21 14:43:00,7,40,Landes de Gascogne,40310,Soustons,43.754,-1.3305,7.85,7.85,False,Inconnue,,
2009,2009-07-21 15:49:00,7,33,Landes de Gascogne,33051,Biganos,44.6599,-0.9582,0.04,0.04,False,Inconnue,,
2009,2009-07-21 17:23:00,7,40,Landes de Gascogne,40150,Léon,43.8474,-1.2768,0.2,0.2,False,Inconnue,,
2009,2009-07-21 19:04:00,7,40,Landes de Gascogne,40114,Gourbera,43.8068,-1.0422,4.0,4.0,False,Inconnue,,
2009,2009-07-22 07:25:00,7,33,Landes de Gascogne,33188,Giscos,44.2625,-0.1747,4.59,4.59,False,Naturelle,,
2009,2009-07-22 08:05:00,7,33,Landes de Gascogne,33422,Saint-Jean-d'Illac,44.7973,-0.8156,0.1,0.1,False,Naturelle,,
2009,2009-07-22 18:34:00,7,40,Landes de Gascogne,40125,Heugas,43.6416,-1.0848,0.2,0.2,False,Malveillance,,
2009,2009-07-23 13:43:00,7,40,Landes de Gascogne,40270,Saint-Loubouer,43.684,-0.4121,0.03,0.03,False,Inconnue,,
2009,2009-07-23 16:44:00,7,33,Landes de Gascogne,33436,Saint-Magne,44.559,-0.6623,0.1,0.1,False,Naturelle,,
2009,2009-07-23 18:58:00,7,33,Landes de Gascogne,33193,Grayan-et-l'Hôpital,45.4324,-1.1057,0.002,0.002,False,Inconnue,,
2009,2009-07-24 12:45:00,7,06,Alpes-Maritimes,06006,Aspremont,43.7772,7.2423,0.1,0.0,False,Inconnue,,
2009,2009-07-24 15:27:00,7,40,Landes de Gascogne,40123,Herm,43.8013,-1.1332,0.6,0.6,False,Inconnue,,
2009,2009-07-24 17:39:00,7,40,Landes de Gascogne,40123,Herm,43.8013,-1.1332,0.005,0.005,False,Inconnue,,
2009,2009-07-25 14:33:00,7,06,Alpes-Maritimes,06037,Caussols,43.7387,6.9071,0.02,0.0,False,Involontaire (particulier),,
2009,2009-07-25 15:36:00,7,40,Landes de Gascogne,40167,Luxey,44.2382,-0.5061,0.02,0.02,False,Inconnue,,
2009,2009-07-25 17:29:00,7,40,Landes de Gascogne,40001,Aire-sur-l'Adour,43.6932,-0.2561,0.05,0.05,False,Inconnue,,
2009,2009-07-26 13:20:00,7,40,Landes de Gascogne,40194,Montfort-en-Chalosse,43.7065,-0.8367,0.4,0.4,False,Inconnue,,
2009,2009-07-26 14:49:00,7,06,Alpes-Maritimes,06091,Peille,43.8043,7.4088,0.01,0.0,False,Involontaire (travaux),,
2009,2009-07-26 15:45:00,7,06,Alpes-Maritimes,06057,L'Escarène,43.8303,7.3665,0.1,0.0,False,Inconnue,,
2009,2009-07-26 17:18:00,7,40,Landes de Gascogne,40192,Mont-de-Marsan,43.8931,-0.5009,0.3,0.3,False,Inconnue,,
2009,2009-07-27 13:26:00,7,06,Alpes-Maritimes,06020,La Bollène-Vésubie,43.9945,7.3749,0.02,0.0,False,Inconnue,,
2009,2009-07-27 16:43:00,7,06,Alpes-Maritimes,06097,Pierrefeu,43.8883,7.0743,0.1,0.0,False,Involontaire (particulier),,
2009,2009-07-27 21:47:00,7,33,Landes de Gascogne,33214,Lacanau,44.9879,-1.096,0.01,0.01,False,Inconnue,,
2009,2009-07-27 23:19:00,7,33,Landes de Gascogne,33214,Lacanau,44.9879,-1.096,0.005,0.005,False,Inconnue,,
2009,2009-07-28 07:29:00,7,33,Landes de Gascogne,33214,Lacanau,44.9879,-1.096,0.3,0.3,False,Inconnue,,
2009,2009-07-28 16:36:00,7,33,Landes de Gascogne,33073,Braud-et-Saint-Louis,45.2569,-0.6581,0.8,0.8,False,Accidentelle,,
2009,2009-07-29 15:59:00,7,40,Landes de Gascogne,40161,Lubbon,44.1097,-0.0127,6.0,6.0,False,Accidentelle,,
2009,2009-07-30 15:10:00,7,40,Landes de Gascogne,40142,Laluque,43.8533,-0.9816,2.0,2.0,False,Inconnue,,
2009,2009-07-30 16:29:00,7,33,Landes de Gascogne,33267,Marcillac,,,0.5,0.5,False,Involontaire (particulier),,
2009,2009-07-31 18:06:00,7,33,Landes de Gascogne,33213,La Brède,44.6777,-0.5396,0.3,0.3,False,Accidentelle,,
2009,2009-08-01 16:39:00,8,40,Landes de Gascogne,40285,Saint-Yaguen,43.9019,-0.7411,0.005,0.005,False,Naturelle,,
2009,2009-08-01 17:00:00,8,40,Landes de Gascogne,40307,Sore,44.3073,-0.6021,0.001,0.001,False,Naturelle,,
2009,2009-08-01 19:06:00,8,40,Landes de Gascogne,40140,Lagrange,43.9661,-0.0866,0.1,0.1,False,Naturelle,,
2009,2009-08-01 20:00:00,8,40,Landes de Gascogne,40265,Saint-Julien-d'Armagnac,43.993,-0.1387,0.015,0.015,False,Naturelle,,
2009,2009-08-01 20:19:00,8,40,Landes de Gascogne,40243,Rion-des-Landes,43.9318,-0.9436,0.0005,0.0005,False,Naturelle,,
2009,2009-08-03 14:26:00,8,40,Landes de Gascogne,40122,Haut-Mauco,43.8258,-0.5661,0.5,0.5,False,Naturelle,,
2009,2009-08-03 18:06:00,8,40,Landes de Gascogne,40142,Laluque,43.8533,-0.9816,1.08,1.08,False,Naturelle,,
2009,2009-08-03 20:46:00,8,40,Landes de Gascogne,40187,Moliets-et-Maa,43.8626,-1.3589,0.02,0.02,False,Inconnue,,
2009,2009-08-04 06:18:00,8,33,Landes de Gascogne,33019,Audenge,44.7133,-0.9533,0.005,0.005,False,Involontaire (travaux),,
2009,2009-08-04 13:39:00,8,33,Landes de Gascogne,33474,Saint-Selve,44.6574,-0.4726,0.05,0.02,False,Inconnue,,
2009,2009-08-04 15:48:00,8,06,Alpes-Maritimes,06069,Grasse,43.656,6.937,0.01,0.0,False,Inconnue,,
2009,2009-08-04 18:32:00,8,33,Landes de Gascogne,33240,Lesparre-Médoc,45.2796,-0.9235,0.01,0.01,False,Inconnue,,
2009,2009-08-05 13:00:00,8,40,Landes de Gascogne,40243,Rion-des-Landes,43.9318,-0.9436,0.4,0.4,False,Involontaire (travaux),,
2009,2009-08-05 14:46:00,8,06,Alpes-Maritimes,06099,Puget-Théniers,43.9498,6.9049,0.1,0.0,False,Involontaire (particulier),,
2009,2009-08-05 15:08:00,8,40,Landes de Gascogne,40165,Luglon,44.0807,-0.7306,0.5,0.5,False,Involontaire (travaux),,
2009,2009-08-05 15:54:00,8,33,Landes de Gascogne,33424,Saint-Laurent-Médoc,45.1402,-0.8557,1.0,0.5,False,Inconnue,,
2009,2009-08-05 21:21:00,8,40,Landes de Gascogne,40187,Moliets-et-Maa,43.8626,-1.3589,0.1,0.1,False,Malveillance,,
2009,2009-08-05 21:26:00,8,40,Landes de Gascogne,40279,Saint-Paul-lès-Dax,43.7485,-1.0941,0.02,0.02,False,Inconnue,,
2009,2009-08-05 23:05:00,8,40,Landes de Gascogne,40123,Herm,43.8013,-1.1332,0.002,0.002,False,Inconnue,,
2009,2009-08-07 15:47:00,8,40,Landes de Gascogne,40266,Saint-Julien-en-Born,44.0854,-1.2551,0.01,0.01,False,Inconnue,,
2009,2009-08-08 14:43:00,8,33,Landes de Gascogne,33255,Lucmau,44.2955,-0.3364,4.0,2.0,False,Naturelle,,
2009,2009-08-08 15:43:00,8,06,Alpes-Maritimes,06141,Toudon,43.8857,7.1094,0.0002,0.0,False,Naturelle,,
2009,2009-08-08 16:17:00,8,40,Landes de Gascogne,40134,Labouheyre,44.2243,-0.9107,0.003,0.003,False,Naturelle,,
2009,2009-08-08 16:30:00,8,06,Alpes-Maritimes,06070,Gréolières,43.8037,6.9296,0.0005,0.0,False,Naturelle,,
2009,2009-08-08 17:11:00,8,06,Alpes-Maritimes,06021,Bonson,43.8613,7.1786,0.001,0.0,False,Naturelle,,
2009,2009-08-08 17:23:00,8,06,Alpes-Maritimes,06143,Touët-sur-Var,43.9433,7.0091,0.0005,0.0,False,Naturelle,,
2009,2009-08-09 07:16:00,8,33,Landes de Gascogne,33029,Le Barp,44.6297,-0.7437,0.001,0.001,False,Accidentelle,,
2009,2009-08-09 16:08:00,8,06,Alpes-Maritimes,06058,Escragnolles,43.7236,6.7758,0.04,0.0,False,Inconnue,,
2009,2009-08-10 11:24:00,8,06,Alpes-Maritimes,06079,Mandelieu-la-Napoule,43.5334,6.918,0.2,0.0,False,Inconnue,,
2009,2009-08-10 12:32:00,8,33,Landes de Gascogne,33436,Saint-Magne,44.559,-0.6623,1.0,1.0,False,Inconnue,,
2009,2009-08-10 13:06:00,8,06,Alpes-Maritimes,06095,Peymeinade,43.6289,6.8807,0.02,0.0,False,Inconnue,,
2009,2009-08-10 18:15:00,8,06,Alpes-Maritimes,06091,Peille,43.8043,7.4088,0.002,0.0,False,Naturelle,,
2009,2009-08-11 11:36:00,8,06,Alpes-Maritimes,06143,Touët-sur-Var,43.9433,7.0091,0.006,0.0,False,Naturelle,,
2009,2009-08-13 16:30:00,8,06,Alpes-Maritimes,06008,Auvare,44.0062,6.9133,0.01,0.0,False,Naturelle,,
2009,2009-08-13 17:18:00,8,06,Alpes-Maritimes,06132,Saorge,43.9935,7.5403,0.0001,0.0,False,Naturelle,,
2009,2009-08-15 01:24:00,8,33,Landes de Gascogne,33097,Carcans,45.0794,-1.0404,0.02,0.02,False,Inconnue,,
2009,2009-08-15 03:54:00,8,33,Landes de Gascogne,33097,Carcans,45.0794,-1.0404,0.05,0.05,False,Inconnue,,
2009,2009-08-15 11:59:00,8,33,Landes de Gascogne,33374,Saint-Aubin-de-Blaye,45.2591,-0.5763,0.3,0.3,False,Inconnue,,
2009,2009-08-15 16:54:00,8,40,Landes de Gascogne,40161,Lubbon,44.1097,-0.0127,15.0,15.0,False,Inconnue,,
2009,2009-08-15 17:37:00,8,33,Landes de Gascogne,33023,Ayguemorte-les-Graves,44.7027,-0.4857,0.3,0.3,False,Involontaire (particulier),,
2009,2009-08-15 19:30:00,8,40,Landes de Gascogne,40327,Vielle-Soubiran,44.0549,-0.1715,0.01,0.01,False,Inconnue,,
2009,2009-08-16 13:45:00,8,06,Alpes-Maritimes,06023,Breil-sur-Roya,43.9379,7.4996,0.006,0.0,False,Naturelle,,
2009,2009-08-16 15:25:00,8,40,Landes de Gascogne,40178,Mazerolles,43.8848,-0.4334,0.02,0.02,False,Inconnue,,
2009,2009-08-16 17:45:00,8,06,Alpes-Maritimes,06139,Thiéry,43.9759,7.0365,0.001,0.0,False,Naturelle,,
2009,2009-08-17 05:48:00,8,33,Landes de Gascogne,33214,Lacanau,44.9879,-1.096,0.1,0.1,False,Naturelle,,
2009,2009-08-17 10:25:00,8,06,Alpes-Maritimes,06132,Saorge,43.9935,7.5403,0.2,0.0,False,Inconnue,,
2009,2009-08-17 12:03:00,8,06,Alpes-Maritimes,06144,La Tour,43.9645,7.196,1.3851,1.3851,False,Naturelle,,
2009,2009-08-17 21:28:00,8,40,Landes de Gascogne,40287,Sanguinet,44.4776,-1.0903,0.002,0.002,False,Inconnue,,
2009,2009-08-18 19:24:00,8,33,Landes de Gascogne,33484,Saint-Symphorien,44.4261,-0.5505,0.01,0.01,False,Inconnue,,
2009,2009-08-19 16:17:00,8,33,Landes de Gascogne,33417,Sainte-Hélène,44.9653,-0.9071,0.15,0.15,False,Inconnue,,
2009,2009-08-19 17:44:00,8,40,Landes de Gascogne,40178,Mazerolles,43.8848,-0.4334,0.2,0.2,False,Inconnue,,
2009,2009-08-19 18:09:00,8,33,Landes de Gascogne,33090,Canéjan,44.7572,-0.659,0.2,0.1,False,Inconnue,,
2009,2009-08-20 11:12:00,8,40,Landes de Gascogne,40327,Vielle-Soubiran,44.0549,-0.1715,0.15,0.15,False,Involontaire (travaux),,
2009,2009-08-20 12:06:00,8,06,Alpes-Maritimes,06062,Fontan,44.0213,7.5527,0.4,0.0,False,Naturelle,,
2009,2009-08-21 12:15:00,8,06,Alpes-Maritimes,06043,Coaraze,43.8693,7.3014,0.002,0.0,False,Inconnue,,
2009,2009-08-21 14:59:00,8,33,Landes de Gascogne,33389,Saint-Ciers-sur-Gironde,45.2947,-0.6648,0.05,0.05,False,Inconnue,,
2009,2009-08-21 15:31:00,8,33,Landes de Gascogne,33448,Saint-Médard-d'Eyrans,44.714,-0.5125,0.2,0.05,False,Involontaire (travaux),,
2009,2009-08-21 16:46:00,8,06,Alpes-Maritimes,06018,Biot,43.6273,7.0821,0.015,0.0,False,Involontaire (particulier),,
2009,2009-08-21 23:29:00,8,06,Alpes-Maritimes,06136,Sospel,43.8872,7.4493,0.03,0.0,False,Accidentelle,,
2009,2009-08-22 01:32:00,8,40,Landes de Gascogne,40287,Sanguinet,44.4776,-1.0903,0.05,0.05,False,Inconnue,,
2009,2009-08-22 10:40:00,8,06,Alpes-Maritimes,06127,Saint-Martin-Vésubie,44.0944,7.307,0.002,0.0,False,Naturelle,,
2009,2009-08-23 03:46:00,8,33,Landes de Gascogne,33422,Saint-Jean-d'Illac,44.7973,-0.8156,5.0,5.0,False,Inconnue,,
2009,2009-08-23 16:31:00,8,33,Landes de Gascogne,33532,Tizac-de-Lapouyade,45.0699,-0.3111,0.2,0.2,False,Inconnue,,
2009,2009-08-23 20:50:00,8,40,Landes de Gascogne,40062,Campet-et-Lamolère,43.9163,-0.5823,0.001,0.001,False,Inconnue,,
2009,2009-08-24 08:24:00,8,33,Landes de Gascogne,33155,Escaudes,44.3174,-0.2043,0.1,0.1,False,Inconnue,,
2009,2009-08-24 11:49:00,8,33,Landes de Gascogne,33527,Le Teich,44.5805,-1.0234,0.01,0.01,False,Inconnue,,
2009,2009-08-24 16:54:00,8,06,Alpes-Maritimes,06062,Fontan,44.0213,7.5527,0.15,0.0,False,Inconnue,,
2009,2009-08-25 08:17:00,8,40,Landes de Gascogne,40307,Sore,44.3073,-0.6021,0.1,0.1,False,Accidentelle,,
2009,2009-08-25 18:13:00,8,06,Alpes-Maritimes,06085,Mougins,43.5931,7.0046,0.01,0.0,False,Inconnue,,
2009,2009-08-25 23:10:00,8,33,Landes de Gascogne,33540,Vendays-Montalivet,45.3378,-1.0953,0.55,0.55,False,Inconnue,,
2009,2009-08-26 10:13:00,8,06,Alpes-Maritimes,06023,Breil-sur-Roya,43.9379,7.4996,0.1,0.0,False,Inconnue,,
2009,2009-08-26 14:08:00,8,40,Landes de Gascogne,40320,Uchacq-et-Parentis,43.945,-0.5476,2.0,2.0,False,Naturelle,,
2009,2009-08-27 18:15:00,8,33,Landes de Gascogne,33498,Salles,44.536,-0.8899,0.05,0.05,False,Inconnue,,
2009,2009-08-28 13:24:00,8,06,Alpes-Maritimes,06151,Utelle,43.9392,7.2458,0.002,0.0,False,Involontaire (particulier),,
2009,2009-08-28 13:38:00,8,33,Landes de Gascogne,33422,Saint-Jean-d'Illac,44.7973,-0.8156,2.0,2.0,False,Naturelle,,
2009,2009-08-28 15:05:00,8,33,Landes de Gascogne,33203,Hourtin,45.1831,-1.0534,0.2,0.2,False,Inconnue,,
2009,2009-08-28 17:20:00,8,33,Landes de Gascogne,33160,Eynesse,44.8184,0.1503,0.02,0.02,False,Involontaire (travaux),,
2009,2009-08-28 18:42:00,8,33,Landes de Gascogne,33318,Pessac,44.786,-0.681,0.5,0.21,False,Malveillance,,
2009,2009-08-29 15:40:00,8,33,Landes de Gascogne,33417,Sainte-Hélène,44.9653,-0.9071,1.05,1.05,False,Inconnue,,
2009,2009-08-29 16:36:00,8,33,Landes de Gascogne,33417,Sainte-Hélène,44.9653,-0.9071,0.15,0.15,False,Inconnue,,
2009,2009-08-29 18:35:00,8,40,Landes de Gascogne,40326,Vielle-Saint-Girons,43.9429,-1.3219,0.005,0.005,False,Inconnue,,
2009,2009-08-30 06:59:00,8,33,Landes de Gascogne,33417,Sainte-Hélène,44.9653,-0.9071,0.15,0.15,False,Inconnue,,
2009,2009-08-30 08:29:00,8,33,Landes de Gascogne,33417,Sainte-Hélène,44.9653,-0.9071,0.0015,0.0015,False,Inconnue,,
2009,2009-08-30 11:16:00,8,40,Landes de Gascogne,40211,Orist,43.6328,-1.1737,0.3,0.3,False,Inconnue,,
2009,2009-08-30 16:00:00,8,06,Alpes-Maritimes,06023,Breil-sur-Roya,43.9379,7.4996,0.15,0.0,False,Malveillance,,
2009,2009-08-30 16:03:00,8,33,Landes de Gascogne,33521,Talais,45.499,-1.0353,1.05,1.05,False,Involontaire (particulier),,
2009,2009-08-30 16:41:00,8,33,Landes de Gascogne,33550,Villenave-d'Ornon,44.7736,-0.5523,0.15,0.15,False,Inconnue,,
2009,2009-08-30 16:49:00,8,33,Landes de Gascogne,33037,Beautiran,44.7035,-0.4604,0.03,0.03,False,Inconnue,,
2009,2009-08-30 20:46:00,8,33,Landes de Gascogne,33555,Marcheprime,44.7033,-0.8557,0.2,0.2,False,Inconnue,,
2009,2009-08-31 04:40:00,8,33,Landes de Gascogne,33236,Lège-Cap-Ferret,44.7452,-1.174,0.2,0.2,False,Inconnue,,
2009,2009-08-31 12:03:00,8,33,Landes de Gascogne,33051,Biganos,44.6599,-0.9582,0.15,0.15,False,Involontaire (particulier),,
2009,2009-08-31 13:57:00,8,33,Landes de Gascogne,33449,Saint-Médard-en-Jalles,44.8861,-0.7823,2.0,2.0,False,Inconnue,,
2009,2009-08-31 14:24:00,8,33,Landes de Gascogne,33449,Saint-Médard-en-Jalles,44.8861,-0.7823,0.25,0.25,False,Inconnue,,
2009,2009-08-31 14:26:00,8,33,Landes de Gascogne,33051,Biganos,44.6599,-0.9582,0.25,0.25,False,Inconnue,,
2009,2009-08-31 14:43:00,8,33,Landes de Gascogne,33449,Saint-Médard-en-Jalles,44.8861,-0.7823,0.25,0.25,False,Inconnue,,
2009,2009-08-31 15:27:00,8,33,Landes de Gascogne,33202,Hostens,44.4834,-0.6616,2.0,2.0,False,Involontaire (travaux),,
2009,2009-08-31 17:16:00,8,33,Landes de Gascogne,33417,Sainte-Hélène,44.9653,-0.9071,0.05,0.05,False,Inconnue,,
2009,2009-08-31 21:53:00,8,33,Landes de Gascogne,33051,Biganos,44.6599,-0.9582,0.07,0.07,False,Inconnue,,
2009,2009-09-01 09:56:00,9,33,Landes de Gascogne,33412,Saint-Germain-d'Esteuil,45.2534,-0.8886,0.001,0.001,False,Naturelle,,
2009,2009-09-01 10:12:00,9,33,Landes de Gascogne,33203,Hourtin,45.1831,-1.0534,0.003,0.003,False,Naturelle,,
2009,2009-09-01 11:19:00,9,33,Landes de Gascogne,33203,Hourtin,45.1831,-1.0534,0.001,0.001,False,Naturelle,,
2009,2009-09-01 11:20:00,9,33,Landes de Gascogne,33029,Le Barp,44.6297,-0.7437,0.002,0.001,False,Naturelle,,
2009,2009-09-01 15:45:00,9,06,Alpes-Maritimes,06007,Auribeau-sur-Siagne,43.6105,6.9118,0.05,0.0,False,Involontaire (particulier),,
2009,2009-09-01 17:08:00,9,06,Alpes-Maritimes,06120,Saint-Étienne-de-Tinée,44.2597,6.9252,0.01,0.0,False,Inconnue,,
2009,2009-09-02 02:12:00,9,33,Landes de Gascogne,33529,La Teste-de-Buch,44.586,-1.1809,0.1,0.1,False,Inconnue,,
2009,2009-09-02 14:05:00,9,06,Alpes-Maritimes,06123,Saint-Laurent-du-Var,43.6865,7.1822,0.3,0.0,False,Inconnue,,
2009,2009-09-02 14:14:00,9,33,Landes de Gascogne,33273,Martignas-sur-Jalle,44.8451,-0.8006,0.001,0.001,False,Inconnue,,
2009,2009-09-02 15:39:00,9,33,Landes de Gascogne,33333,Le Porge,44.8649,-1.1351,0.2,0.2,False,Naturelle,,
2009,2009-09-02 19:04:00,9,33,Landes de Gascogne,33012,Arsac,44.9869,-0.7018,0.2,0.2,False,Accidentelle,,
2009,2009-09-03 14:50:00,9,06,Alpes-Maritimes,06073,Isola,44.1903,7.0835,0.01,0.0,False,Accidentelle,,
2009,2009-09-03 16:29:00,9,06,Alpes-Maritimes,06069,Grasse,43.656,6.937,0.02,0.0,False,Inconnue,,
2009,2009-09-03 17:04:00,9,06,Alpes-Maritimes,06073,Isola,44.1903,7.0835,0.05,0.0,False,Accidentelle,,
2009,2009-09-03 22:12:00,9,06,Alpes-Maritimes,06074,Lantosque,43.9787,7.3121,0.05,0.0,False,Inconnue,,
2009,2009-09-04 14:21:00,9,06,Alpes-Maritimes,06013,Belvédère,44.0615,7.3612,0.3,0.0,False,Involontaire (travaux),,
2009,2009-09-04 15:42:00,9,06,Alpes-Maritimes,06059,Èze,43.7299,7.3566,0.7,0.0,False,Accidentelle,,
2009,2009-09-04 16:50:00,9,33,Landes de Gascogne,33284,Mios,44.6105,-0.8913,0.4,0.4,False,Inconnue,,
2009,2009-09-04 20:45:00,9,40,Landes de Gascogne,40296,Seignosse,43.7055,-1.3939,0.3,0.3,False,Inconnue,,
2009,2009-09-05 17:18:00,9,33,Landes de Gascogne,33503,Saumos,44.9119,-1.0029,0.1,0.1,False,Inconnue,,
2009,2009-09-05 17:48:00,9,33,Landes de Gascogne,33333,Le Porge,44.8649,-1.1351,0.2,0.2,False,Inconnue,,
2009,2009-09-06 04:35:00,9,06,Alpes-Maritimes,06069,Grasse,43.656,6.937,0.3,0.0,False,Inconnue,,
2009,2009-09-06 09:25:00,9,33,Landes de Gascogne,33255,Lucmau,44.2955,-0.3364,0.005,0.005,False,Inconnue,,
2009,2009-09-06 15:35:00,9,40,Landes de Gascogne,40006,Arengosse,44.0299,-0.7811,2.0,2.0,False,Inconnue,,
2009,2009-09-06 15:40:00,9,33,Landes de Gascogne,33221,Lamothe-Landerron,44.5662,0.0602,0.01,0.01,False,Inconnue,,
2009,2009-09-06 16:35:00,9,40,Landes de Gascogne,40242,Rimbez-et-Baudiets,44.0594,0.0473,1.0,1.0,False,Inconnue,,
2009,2009-09-06 17:19:00,9,33,Landes de Gascogne,33544,Le Verdon-sur-Mer,45.5481,-1.0826,0.005,0.005,False,Inconnue,,
2009,2009-09-06 19:15:00,9,40,Landes de Gascogne,40209,Ondres,43.5624,-1.4581,0.05,0.05,False,Accidentelle,,
2009,2009-09-07 08:24:00,9,33,Landes de Gascogne,33255,Lucmau,44.2955,-0.3364,0.05,0.05,False,Inconnue,,
2009,2009-09-08 13:15:00,9,33,Landes de Gascogne,33095,Captieux,44.2621,-0.2981,13.88,13.88,False,Inconnue,,
2009,2009-09-08 17:38:00,9,40,Landes de Gascogne,40145,Larrivière-Saint-Savin,43.7554,-0.4287,0.2,0.2,False,Inconnue,,
2009,2009-09-08 17:40:00,9,40,Landes de Gascogne,40157,Lit-et-Mixe,44.0273,-1.2704,0.06,0.06,False,Inconnue,,
2009,2009-09-08 18:17:00,9,40,Landes de Gascogne,40257,Sainte-Eulalie-en-Born,44.2725,-1.2121,0.2,0.2,False,Inconnue,,
2009,2009-09-08 22:44:00,9,40,Landes de Gascogne,40320,Uchacq-et-Parentis,43.945,-0.5476,0.1,0.1,False,Malveillance,,
2009,2009-09-08 22:48:00,9,33,Landes de Gascogne,33329,Pompéjac,44.3986,-0.2997,0.15,0.15,False,Inconnue,,
2009,2009-09-09 01:25:00,9,33,Landes de Gascogne,33019,Audenge,44.7133,-0.9533,0.05,0.05,False,Inconnue,,
2009,2009-09-09 12:02:00,9,33,Landes de Gascogne,33449,Saint-Médard-en-Jalles,44.8861,-0.7823,0.02,0.02,False,Inconnue,,
2009,2009-09-09 13:51:00,9,33,Landes de Gascogne,33270,Marimbault,44.4122,-0.2573,0.005,0.005,False,Inconnue,,
2009,2009-09-09 16:32:00,9,40,Landes de Gascogne,40155,Linxe,43.9287,-1.2195,2.0,2.0,False,Malveillance,,
2009,2009-09-09 17:23:00,9,33,Landes de Gascogne,33319,Pessac-sur-Dordogne,44.8181,0.0928,0.01,0.01,False,Inconnue,,
2009,2009-09-09 22:41:00,9,06,Alpes-Maritimes,06118,Saint-Cézaire-sur-Siagne,43.6592,6.8049,0.8,0.0,False,Malveillance,,
2009,2009-09-10 14:34:00,9,33,Landes de Gascogne,33155,Escaudes,44.3174,-0.2043,1.0,1.0,False,Involontaire (travaux),,
2009,2009-09-10 14:43:00,9,33,Landes de Gascogne,33393,Saint-Denis-de-Pile,44.9893,-0.1833,0.4,0.4,False,Inconnue,,
2009,2009-09-10 22:44:00,9,33,Landes de Gascogne,33155,Escaudes,44.3174,-0.2043,0.05,0.05,False,Inconnue,,
2009,2009-09-11 13:14:00,9,40,Landes de Gascogne,40135,Labrit,44.1269,-0.5557,0.5,0.5,False,Inconnue,,
2009,2009-09-11 17:44:00,9,06,Alpes-Maritimes,06090,Pégomas,43.5886,6.9213,0.25,0.0,False,Inconnue,,
2009,2009-09-11 17:46:00,9,33,Landes de Gascogne,33284,Mios,44.6105,-0.8913,2.0,2.0,False,Inconnue,,
2009,2009-09-11 18:59:00,9,33,Landes de Gascogne,33449,Saint-Médard-en-Jalles,44.8861,-0.7823,3.0,2.5,False,Inconnue,,
2009,2009-09-12 02:38:00,9,33,Landes de Gascogne,33417,Sainte-Hélène,44.9653,-0.9071,0.3,0.3,False,Accidentelle,,
2009,2009-09-12 12:23:00,9,40,Landes de Gascogne,40274,Saint-Martin-d'Oney,43.9293,-0.6497,0.5,0.5,False,Inconnue,,
2009,2009-09-12 13:39:00,9,33,Landes de Gascogne,33243,Libourne,44.9125,-0.2328,0.15,0.15,False,Inconnue,,
2009,2009-09-12 14:21:00,9,33,Landes de Gascogne,33529,La Teste-de-Buch,44.586,-1.1809,0.01,0.01,False,Inconnue,,
2009,2009-09-12 15:01:00,9,40,Landes de Gascogne,40192,Mont-de-Marsan,43.8931,-0.5009,0.07,0.07,False,Inconnue,,
2009,2009-09-12 15:16:00,9,33,Landes de Gascogne,33529,La Teste-de-Buch,44.586,-1.1809,0.005,0.005,False,Inconnue,,
2009,2009-09-12 15:20:00,9,33,Landes de Gascogne,33529,La Teste-de-Buch,44.586,-1.1809,0.005,0.005,False,Inconnue,,
2009,2009-09-13 14:42:00,9,33,Landes de Gascogne,33248,Listrac-Médoc,45.0699,-0.827,0.6,0.6,False,Inconnue,,
2009,2009-09-13 14:52:00,9,40,Landes de Gascogne,40046,Biscarrosse,44.4077,-1.1525,0.8,0.8,False,Malveillance,,
2009,2009-09-13 15:28:00,9,40,Landes de Gascogne,40046,Biscarrosse,44.4077,-1.1525,9.0,9.0,False,Malveillance,,
2009,2009-09-13 15:28:00,9,40,Landes de Gascogne,40046,Biscarrosse,44.4077,-1.1525,6.5,6.5,False,Malveillance,,
2009,2009-09-13 16:36:00,9,33,Landes de Gascogne,33012,Arsac,44.9869,-0.7018,51.1,51.1,False,Inconnue,,
2009,2009-09-13 19:31:00,9,40,Landes de Gascogne,40307,Sore,44.3073,-0.6021,0.3,0.3,False,Inconnue,,
2009,2009-09-13 19:57:00,9,33,Landes de Gascogne,33274,Martillac,44.7176,-0.558,0.4,0.4,False,Accidentelle,,
2009,2009-09-14 10:06:00,9,33,Landes de Gascogne,33322,Le Pian-Médoc,44.9555,-0.6737,0.2,0.2,False,Inconnue,,
2009,2009-09-14 15:39:00,9,33,Landes de Gascogne,33122,Cestas,44.7274,-0.7349,0.3,0.3,False,Inconnue,,
2009,2009-09-14 17:48:00,9,33,Landes de Gascogne,33248,Listrac-Médoc,45.0699,-0.827,2.0,1.0,False,Involontaire (travaux),,
2009,2009-09-14 19:01:00,9,33,Landes de Gascogne,33214,Lacanau,44.9879,-1.096,0.005,0.005,False,Inconnue,,
2009,2009-09-15 12:36:00,9,33,Landes de Gascogne,33422,Saint-Jean-d'Illac,44.7973,-0.8156,0.05,0.05,False,Inconnue,,
2009,2009-09-15 12:49:00,9,40,Landes de Gascogne,40217,Parentis-en-Born,44.3527,-1.0879,0.3,0.3,False,Inconnue,,
2009,2009-09-15 12:53:00,9,40,Landes de Gascogne,40280,Saint-Perdon,43.8734,-0.6038,0.03,0.03,False,Accidentelle,,
2009,2009-09-15 13:56:00,9,33,Landes de Gascogne,33324,Pineuilh,44.8242,0.2284,0.15,0.15,False,Malveillance,,
2009,2009-09-15 14:24:00,9,33,Landes de Gascogne,33122,Cestas,44.7274,-0.7349,0.15,0.15,False,Inconnue,,
2009,2009-09-15 16:07:00,9,40,Landes de Gascogne,40200,Moustey,44.387,-0.7703,0.5,0.5,False,Naturelle,,
2009,2009-09-15 16:55:00,9,40,Landes de Gascogne,40171,Mano,44.4288,-0.6703,0.03,0.03,False,Naturelle,,
2009,2009-09-15 18:09:00,9,33,Landes de Gascogne,33042,Belin-Béliet,44.4959,-0.7989,0.01,0.01,False,Inconnue,,
2009,2009-09-16 14:38:00,9,33,Landes de Gascogne,33236,Lège-Cap-Ferret,44.7452,-1.174,0.05,0.05,False,Involontaire (travaux),,
2009,2009-09-16 23:21:00,9,33,Landes de Gascogne,33051,Biganos,44.6599,-0.9582,0.001,0.001,False,Inconnue,,
2009,2009-09-17 13:47:00,9,33,Landes de Gascogne,33228,Lansac,45.0651,-0.5368,0.3,0.3,False,Malveillance,,
2009,2009-09-18 08:08:00,9,40,Landes de Gascogne,40165,Luglon,44.0807,-0.7306,0.002,0.002,False,Naturelle,,
2009,2009-09-18 13:20:00,9,40,Landes de Gascogne,40105,Garein,44.0521,-0.6514,0.01,0.01,False,Naturelle,,
2009,2009-09-19 20:46:00,9,33,Landes de Gascogne,33100,Cars,45.1272,-0.616,0.002,0.002,False,Malveillance,,
2009,2009-09-23 18:46:00,9,06,Alpes-Maritimes,06091,Peille,43.8043,7.4088,0.01,0.0,False,Accidentelle,,
2009,2009-09-25 15:09:00,9,40,Landes de Gascogne,40283,Saint-Vincent-de-Paul,43.7726,-0.9965,0.22,0.22,False,Involontaire (travaux),,
2009,2009-09-26 02:05:00,9,33,Landes de Gascogne,33501,Saucats,44.6476,-0.6377,0.02,0.02,False,Inconnue,,
2009,2009-09-26 07:25:00,9,33,Landes de Gascogne,33501,Saucats,44.6476,-0.6377,5.0,5.0,False,Inconnue,,
2009,2009-09-26 11:47:00,9,06,Alpes-Maritimes,06141,Toudon,43.8857,7.1094,0.01,0.0,False,Involontaire (travaux),,
2009,2009-09-26 16:16:00,9,33,Landes de Gascogne,33417,Sainte-Hélène,44.9653,-0.9071,0.2,0.2,False,Inconnue,,
2009,2009-09-26 18:02:00,9,40,Landes de Gascogne,40134,Labouheyre,44.2243,-0.9107,0.03,0.03,False,Inconnue,,
2009,2009-09-27 15:29:00,9,40,Landes de Gascogne,40040,Beylongue,43.9201,-0.82,0.02,0.02,False,Inconnue,,
2009,2009-09-28 14:19:00,9,33,Landes de Gascogne,33498,Salles,44.536,-0.8899,0.002,0.002,False,Inconnue,,
2009,2009-09-28 14:30:00,9,33,Landes de Gascogne,33449,Saint-Médard-en-Jalles,44.8861,-0.7823,0.2,0.2,False,Inconnue,,
2009,2009-09-28 21:54:00,9,40,Landes de Gascogne,40243,Rion-des-Landes,43.9318,-0.9436,2.0,2.0,False,Naturelle,,
2009,2009-09-29 10:28:00,9,40,Landes de Gascogne,40158,Losse,44.0948,-0.0933,0.002,0.002,False,Inconnue,,
2009,2009-09-29 15:20:00,9,40,Landes de Gascogne,40296,Seignosse,43.7055,-1.3939,0.3,0.3,False,Involontaire (particulier),,
2009,2009-09-30 11:45:00,9,06,Alpes-Maritimes,06088,Nice,43.7032,7.2528,0.264,0.0,False,Accidentelle,,
2009,2009-10-01 22:25:00,10,33,Landes de Gascogne,33022,Avensan,45.0033,-0.7574,0.6,0.6,False,Accidentelle,,
2009,2009-10-02 15:02:00,10,33,Landes de Gascogne,33230,Lapouyade,45.1094,-0.2854,0.01,0.01,False,Inconnue,,
2009,2009-10-03 00:58:00,10,33,Landes de Gascogne,33051,Biganos,44.6599,-0.9582,0.02,0.01,False,Inconnue,,
2009,2009-10-04 10:02:00,10,40,Landes de Gascogne,40332,Ychoux,44.3545,-0.9643,2.5,2.5,False,Inconnue,,
2009,2009-10-04 17:59:00,10,33,Landes de Gascogne,33164,Fargues,44.5362,-0.2926,0.15,0.15,False,Inconnue,,
2009,2009-10-04 18:28:00,10,33,Landes de Gascogne,33164,Fargues,44.5362,-0.2926,0.4,0.2,False,Inconnue,,
2009,2009-10-06 04:20:00,10,33,Landes de Gascogne,33274,Martillac,44.7176,-0.558,0.5,0.5,False,Inconnue,,
2009,2009-10-06 14:31:00,10,06,Alpes-Maritimes,06013,Belvédère,44.0615,7.3612,0.04,0.0,False,Inconnue,,
2009,2009-10-06 16:32:00,10,40,Landes de Gascogne,40295,Saugnac-et-Muret,44.3893,-0.8494,0.01,0.01,False,Inconnue,,
2009,2009-10-07 13:58:00,10,33,Landes de Gascogne,33005,Andernos-les-Bains,44.7529,-1.082,0.005,0.005,False,Accidentelle,,
2009,2009-10-07 15:33:00,10,33,Landes de Gascogne,33097,Carcans,45.0794,-1.0404,0.1,0.1,False,Inconnue,,
2009,2009-10-07 17:38:00,10,33,Landes de Gascogne,33229,Lanton,44.7719,-0.9799,0.001,0.001,False,Naturelle,,
2009,2009-10-07 19:53:00,10,40,Landes de Gascogne,40265,Saint-Julien-d'Armagnac,43.993,-0.1387,0.01,0.01,False,Inconnue,,
2009,2009-10-09 16:51:00,10,33,Landes de Gascogne,33214,Lacanau,44.9879,-1.096,0.003,0.003,False,Inconnue,,
2009,2009-10-14 15:28:00,10,33,Landes de Gascogne,33122,Cestas,44.7274,-0.7349,0.2,0.2,False,Inconnue,,
2009,2009-10-14 15:28:00,10,33,Landes de Gascogne,33162,Eysines,44.8779,-0.646,0.05,0.05,False,Involontaire (particulier),,
2009,2009-10-16 13:12:00,10,33,Landes de Gascogne,33251,Louchats,44.5104,-0.5691,0.35,0.35,False,Involontaire (particulier),,
2009,2009-10-16 15:34:00,10,33,Landes de Gascogne,33101,Cartelègue,45.1882,-0.5732,0.05,0.05,False,Involontaire (particulier),,
2009,2009-10-17 11:59:00,10,06,Alpes-Maritimes,06104,Roquebrune-Cap-Martin,43.7638,7.4576,0.15,0.0,False,Involontaire (particulier),,
2009,2009-10-17 16:06:00,10,06,Alpes-Maritimes,06023,Breil-sur-Roya,43.9379,7.4996,0.15,0.0,False,Accidentelle,,
2009,2009-10-17 17:33:00,10,06,Alpes-Maritimes,06113,Sainte-Agnès,43.8046,7.4605,0.03,0.0,False,Malveillance,,
2009,2009-10-19 06:55:00,10,33,Landes de Gascogne,33005,Andernos-les-Bains,44.7529,-1.082,0.05,0.05,False,Inconnue,,
2009,2009-10-19 16:58:00,10,33,Landes de Gascogne,33138,Coutras,45.0408,-0.1003,0.8,0.1,False,Involontaire (particulier),,
2009,2009-10-19 22:37:00,10,33,Landes de Gascogne,33471,Saint-Sauveur,45.1964,-0.8223,2.25,2.0,False,Accidentelle,,
2009,2009-10-20 13:13:00,10,33,Landes de Gascogne,33456,Saint-Palais,45.3078,-0.6007,0.3,0.3,False,Inconnue,,
2009,2009-10-28 15:57:00,10,40,Landes de Gascogne,40096,Estigarde,44.0431,-0.1165,0.001,0.001,False,Involontaire (travaux),,
2009,2009-11-15 13:52:00,11,06,Alpes-Maritimes,06077,Lucéram,43.8997,7.3506,0.05,0.0,False,Inconnue,,
2009,2009-11-25 08:21:00,11,06,Alpes-Maritimes,06077,Lucéram,43.8997,7.3506,0.05,0.0,False,Inconnue,,
2009,2009-12-10 13:15:00,12,06,Alpes-Maritimes,06023,Breil-sur-Roya,43.9379,7.4996,0.04,0.0,False,Involontaire (particulier),,
2010,2010-01-31 14:27:00,1,06,Alpes-Maritimes,06036,Castillon,43.8371,7.4627,0.8,0.0,False,Involontaire (particulier),,
2010,2010-02-24 16:22:00,2,33,Landes de Gascogne,33274,Martillac,44.7176,-0.558,0.001,0.001,False,Inconnue,,
2010,2010-02-28 00:55:00,2,40,Landes de Gascogne,40150,Léon,43.8474,-1.2768,0.5,0.5,False,Accidentelle,,
2010,2010-03-02 17:47:00,3,33,Landes de Gascogne,33229,Lanton,44.7719,-0.9799,0.25,0.25,False,Inconnue,,
2010,2010-03-05 13:50:00,3,33,Landes de Gascogne,33498,Salles,44.536,-0.8899,1.0,1.0,False,Inconnue,,
2010,2010-03-05 14:22:00,3,33,Landes de Gascogne,33494,Salaunes,44.9281,-0.8502,0.5,0.5,False,Inconnue,,
2010,2010-03-06 13:04:00,3,40,Landes de Gascogne,40152,Lesperon,43.9654,-1.0835,0.001,0.001,False,Inconnue,,
2010,2010-03-06 13:47:00,3,40,Landes de Gascogne,40187,Moliets-et-Maa,43.8626,-1.3589,0.5,0.5,False,Involontaire (travaux),,
2010,2010-03-06 15:44:00,3,40,Landes de Gascogne,40217,Parentis-en-Born,44.3527,-1.0879,0.15,0.1,False,Involontaire (travaux),,
2010,2010-03-07 17:45:00,3,33,Landes de Gascogne,33122,Cestas,44.7274,-0.7349,0.08,0.08,False,Inconnue,,
2010,2010-03-07 18:54:00,3,33,Landes de Gascogne,33122,Cestas,44.7274,-0.7349,0.15,0.15,False,Inconnue,,
2010,2010-03-07 18:55:00,3,33,Landes de Gascogne,33122,Cestas,44.7274,-0.7349,0.001,0.001,False,Inconnue,,
2010,2010-03-08 11:23:00,3,33,Landes de Gascogne,33449,Saint-Médard-en-Jalles,44.8861,-0.7823,10.0,10.0,False,Involontaire (particulier),,
2010,2010-03-08 13:36:00,3,06,Alpes-Maritimes,06162,La Brigue,44.0897,7.6496,7.2209,0.0,False,Malveillance,,
2010,2010-03-08 15:32:00,3,33,Landes de Gascogne,33471,Saint-Sauveur,45.1964,-0.8223,0.1,0.1,False,Involontaire (particulier),,
2010,2010-03-08 22:08:00,3,33,Landes de Gascogne,33376,Saint-Aubin-de-Médoc,44.9343,-0.7478,0.3,0.3,False,Accidentelle,,
2010,2010-03-09 12:38:00,3,33,Landes de Gascogne,33450,Saint-Michel-de-Castelnau,44.2882,-0.0939,0.01,0.01,False,Involontaire (travaux),,
2010,2010-03-09 12:50:00,3,33,Landes de Gascogne,33203,Hourtin,45.1831,-1.0534,5.29,2.645,False,Involontaire (particulier),,
2010,2010-03-09 13:54:00,3,33,Landes de Gascogne,33449,Saint-Médard-en-Jalles,44.8861,-0.7823,2.81,2.81,False,Inconnue,,
2010,2010-03-09 15:08:00,3,33,Landes de Gascogne,33051,Biganos,44.6599,-0.9582,11.26,11.26,False,Inconnue,,
2010,2010-03-09 15:41:00,3,33,Landes de Gascogne,33051,Biganos,44.6599,-0.9582,1.0,1.0,False,Inconnue,,
2010,2010-03-09 18:43:00,3,33,Landes de Gascogne,33527,Le Teich,44.5805,-1.0234,0.03,0.03,False,Inconnue,,
2010,2010-03-09 21:27:00,3,33,Landes de Gascogne,33051,Biganos,44.6599,-0.9582,0.005,0.005,False,Inconnue,,
2010,2010-03-10 09:08:00,3,33,Landes de Gascogne,33439,Saint-Mariens,45.1228,-0.4093,0.01,0.01,False,Inconnue,,
2010,2010-03-10 14:53:00,3,33,Landes de Gascogne,33273,Martignas-sur-Jalle,44.8451,-0.8006,0.15,0.15,False,Inconnue,,
2010,2010-03-10 15:00:00,3,40,Landes de Gascogne,40295,Saugnac-et-Muret,44.3893,-0.8494,1.0,1.0,False,Inconnue,,
2010,2010-03-11 11:28:00,3,06,Alpes-Maritimes,06136,Sospel,43.8872,7.4493,0.5,0.0,False,Involontaire (travaux),,
2010,2010-03-11 14:30:00,3,33,Landes de Gascogne,33322,Le Pian-Médoc,44.9555,-0.6737,0.004,0.004,False,Accidentelle,,
2010,2010-03-12 13:53:00,3,40,Landes de Gascogne,40028,Bastennes,43.6504,-0.7802,0.015,0.015,False,Inconnue,,
2010,2010-03-12 21:28:00,3,33,Landes de Gascogne,33233,Laruscade,45.1206,-0.3394,0.01,0.01,False,Accidentelle,,
2010,2010-03-12 22:45:00,3,06,Alpes-Maritimes,06023,Breil-sur-Roya,43.9379,7.4996,0.1045,0.0,False,Involontaire (particulier),,
2010,2010-03-13 07:16:00,3,33,Landes de Gascogne,33284,Mios,44.6105,-0.8913,1.0,1.0,False,Inconnue,,
2010,2010-03-13 13:59:00,3,40,Landes de Gascogne,40215,Ousse-Suzan,43.9492,-0.7523,0.6,0.6,False,Involontaire (particulier),,
2010,2010-03-13 14:09:00,3,06,Alpes-Maritimes,06090,Pégomas,43.5886,6.9213,0.1,0.0,False,Involontaire (particulier),,
2010,2010-03-13 14:37:00,3,33,Landes de Gascogne,33112,Caumont,44.6956,-0.0118,1.0,1.0,False,Involontaire (travaux),,
2010,2010-03-13 17:01:00,3,33,Landes de Gascogne,33506,Sauveterre-de-Guyenne,44.701,-0.0727,3.0,3.0,False,Involontaire (particulier),,
2010,2010-03-14 11:19:00,3,33,Landes de Gascogne,33229,Lanton,44.7719,-0.9799,2.9971,2.9971,False,Inconnue,,
2010,2010-03-14 12:51:00,3,33,Landes de Gascogne,33166,Le Fieu,45.0536,-0.0362,0.3,0.3,False,Inconnue,,
2010,2010-03-14 15:27:00,3,40,Landes de Gascogne,40167,Luxey,44.2382,-0.5061,0.3,0.3,False,Inconnue,,
2010,2010-03-14 16:09:00,3,33,Landes de Gascogne,33008,Porte-de-Benauge,44.6821,-0.2265,0.01,0.01,False,Involontaire (particulier),,
2010,2010-03-14 16:57:00,3,33,Landes de Gascogne,33281,Mérignac,44.8313,-0.682,0.15,0.15,False,Inconnue,,
2010,2010-03-14 17:15:00,3,33,Landes de Gascogne,33003,Ambarès-et-Lagrave,44.9517,-0.5,0.001,0.001,False,Involontaire (particulier),,
2010,2010-03-14 17:41:00,3,40,Landes de Gascogne,40214,Ossages,43.5582,-0.8788,0.015,0.015,False,Inconnue,,
2010,2010-03-14 20:21:00,3,33,Landes de Gascogne,33073,Braud-et-Saint-Louis,45.2569,-0.6581,0.02,0.02,False,Involontaire (particulier),,
2010,2010-03-15 13:55:00,3,33,Landes de Gascogne,33495,Salignac,,,0.7,0.2,False,Malveillance,,
2010,2010-03-15 14:16:00,3,40,Landes de Gascogne,40158,Losse,44.0948,-0.0933,17.68,17.68,False,Inconnue,,
2010,2010-03-15 15:34:00,3,40,Landes de Gascogne,40075,Castets,43.8806,-1.1487,0.4,0.4,False,Inconnue,,
2010,2010-03-15 18:15:00,3,33,Landes de Gascogne,33051,Biganos,44.6599,-0.9582,0.02,0.02,False,Inconnue,,
2010,2010-03-16 11:03:00,3,33,Landes de Gascogne,33097,Carcans,45.0794,-1.0404,1.5,1.5,False,Inconnue,,
2010,2010-03-16 12:07:00,3,40,Landes de Gascogne,40094,Escource,44.1639,-1.0361,2.44,2.44,False,Accidentelle,,
2010,2010-03-16 13:53:00,3,40,Landes de Gascogne,40229,Pontenx-les-Forges,44.2554,-1.0914,0.9,0.9,False,Involontaire (particulier),,
2010,2010-03-16 14:59:00,3,33,Landes de Gascogne,33205,Illats,44.6087,-0.3797,0.15,0.15,False,Involontaire (particulier),,
2010,2010-03-16 16:14:00,3,33,Landes de Gascogne,33051,Biganos,44.6599,-0.9582,0.01,0.01,False,Inconnue,,
2010,2010-03-16 17:31:00,3,33,Landes de Gascogne,33068,Bourideys,44.3614,-0.4769,0.02,0.02,False,Involontaire (particulier),,
2010,2010-03-16 19:29:00,3,33,Landes de Gascogne,33185,Génissac,44.8614,-0.2496,0.04,0.04,False,Inconnue,,
2010,2010-03-17 11:40:00,3,40,Landes de Gascogne,40307,Sore,44.3073,-0.6021,3.5,3.5,False,Accidentelle,,
2010,2010-03-17 12:10:00,3,40,Landes de Gascogne,40167,Luxey,44.2382,-0.5061,5.98,5.98,False,Involontaire (particulier),,
2010,2010-03-17 15:55:00,3,40,Landes de Gascogne,40267,Saint-Justin,43.9907,-0.2265,0.005,0.005,False,Accidentelle,,
2010,2010-03-17 16:19:00,3,33,Landes de Gascogne,33229,Lanton,44.7719,-0.9799,0.25,0.25,False,Accidentelle,,
2010,2010-03-17 16:31:00,3,33,Landes de Gascogne,33322,Le Pian-Médoc,44.9555,-0.6737,1.0,1.0,False,Involontaire (particulier),,
2010,2010-03-17 17:25:00,3,40,Landes de Gascogne,40296,Seignosse,43.7055,-1.3939,0.1,0.1,False,Inconnue,,
2010,2010-03-17 17:45:00,3,40,Landes de Gascogne,40296,Seignosse,43.7055,-1.3939,1.0,1.0,False,Inconnue,,
2010,2010-03-17 19:26:00,3,33,Landes de Gascogne,33324,Pineuilh,44.8242,0.2284,1.0,0.5,False,Involontaire (particulier),,
2010,2010-03-17 21:55:00,3,33,Landes de Gascogne,33376,Saint-Aubin-de-Médoc,44.9343,-0.7478,0.01,0.01,False,Accidentelle,,
2010,2010-03-18 00:16:00,3,33,Landes de Gascogne,33329,Pompéjac,44.3986,-0.2997,0.1,0.1,False,Inconnue,,
2010,2010-03-18 11:46:00,3,06,Alpes-Maritimes,06070,Gréolières,43.8037,6.9296,0.01,0.0,False,Involontaire (particulier),,
2010,2010-03-18 14:37:00,3,06,Alpes-Maritimes,06071,Guillaumes,44.1007,6.8673,0.6,0.0,False,Involontaire (travaux),,
2010,2010-03-18 16:43:00,3,40,Landes de Gascogne,40046,Biscarrosse,44.4077,-1.1525,0.1,0.1,False,Inconnue,,
2010,2010-03-18 17:45:00,3,33,Landes de Gascogne,33381,Saint-Caprais-de-Bordeaux,44.7544,-0.4262,1.0,1.0,False,Inconnue,,
2010,2010-03-18 18:20:00,3,40,Landes de Gascogne,40310,Soustons,43.754,-1.3305,0.8,0.8,False,Inconnue,,
2010,2010-03-18 20:40:00,3,33,Landes de Gascogne,33527,Le Teich,44.5805,-1.0234,0.04,0.04,False,Inconnue,,
2010,2010-03-19 09:51:00,3,33,Landes de Gascogne,33376,Saint-Aubin-de-Médoc,44.9343,-0.7478,0.4,0.4,False,Inconnue,,
2010,2010-03-19 11:44:00,3,06,Alpes-Maritimes,06008,Auvare,44.0062,6.9133,22.91,0.0,False,Involontaire (travaux),,
2010,2010-03-19 12:43:00,3,06,Alpes-Maritimes,06115,Saint-Antonin,43.9085,6.9739,0.1,0.0,False,Involontaire (particulier),,
2010,2010-03-19 14:14:00,3,33,Landes de Gascogne,33155,Escaudes,44.3174,-0.2043,0.15,0.15,False,Inconnue,,
2010,2010-03-19 14:43:00,3,33,Landes de Gascogne,33092,Cantois,,,0.15,0.15,False,Involontaire (particulier),,
2010,2010-03-19 14:53:00,3,40,Landes de Gascogne,40275,Saint-Maurice-sur-Adour,43.7932,-0.4691,3.5,3.5,False,Involontaire (particulier),,
2010,2010-03-20 23:11:00,3,40,Landes de Gascogne,40295,Saugnac-et-Muret,44.3893,-0.8494,0.1,0.1,False,Accidentelle,,
2010,2010-03-22 14:47:00,3,33,Landes de Gascogne,33051,Biganos,44.6599,-0.9582,2.0,2.0,False,Inconnue,,
2010,2010-03-23 10:02:00,3,33,Landes de Gascogne,33025,Baigneaux,44.7246,-0.1957,0.005,0.005,False,Involontaire (particulier),,
2010,2010-03-23 11:21:00,3,33,Landes de Gascogne,33042,Belin-Béliet,44.4959,-0.7989,5.62,5.62,False,Inconnue,,
2010,2010-03-23 15:09:00,3,33,Landes de Gascogne,33095,Captieux,44.2621,-0.2981,3.0,3.0,False,Inconnue,,
2010,2010-03-23 17:16:00,3,33,Landes de Gascogne,33051,Biganos,44.6599,-0.9582,0.3,0.3,False,Inconnue,,
2010,2010-03-24 00:27:00,3,33,Landes de Gascogne,33333,Le Porge,44.8649,-1.1351,8.21,8.21,False,Inconnue,,
2010,2010-03-24 12:02:00,3,33,Landes de Gascogne,33544,Le Verdon-sur-Mer,45.5481,-1.0826,0.2,0.2,False,Inconnue,,
2010,2010-03-24 13:46:00,3,40,Landes de Gascogne,40250,Saint-Avit,43.9439,-0.4527,5.0,5.0,False,Accidentelle,,
2010,2010-03-24 13:52:00,3,33,Landes de Gascogne,33506,Sauveterre-de-Guyenne,44.701,-0.0727,0.5,0.5,False,Inconnue,,
2010,2010-03-24 14:12:00,3,33,Landes de Gascogne,33011,Arès,44.7997,-1.0837,0.7,0.7,False,Inconnue,,
2010,2010-03-24 14:52:00,3,33,Landes de Gascogne,33193,Grayan-et-l'Hôpital,45.4324,-1.1057,0.1,0.1,False,Involontaire (particulier),,
2010,2010-03-27 15:50:00,3,06,Alpes-Maritimes,06134,Séranon,43.7655,6.6892,0.0015,0.0,False,Malveillance,,
2010,2010-03-27 16:00:00,3,06,Alpes-Maritimes,06130,Saint-Vallier-de-Thiey,43.6994,6.8516,0.04,0.0,False,Accidentelle,,
2010,2010-03-27 16:34:00,3,06,Alpes-Maritimes,06010,Le Bar-sur-Loup,43.6993,6.9674,0.04,0.0,False,Inconnue,,
2010,2010-03-31 22:11:00,3,06,Alpes-Maritimes,06070,Gréolières,43.8037,6.9296,0.3,0.0,False,Inconnue,,
2010,2010-04-02 14:18:00,4,40,Landes de Gascogne,40046,Biscarrosse,44.4077,-1.1525,2.0,2.0,False,Inconnue,,
2010,2010-04-03 10:59:00,4,06,Alpes-Maritimes,06022,Bouyon,43.8272,7.125,0.6568,0.0,False,Malveillance,,
2010,2010-04-05 16:23:00,4,06,Alpes-Maritimes,06098,Puget-Rostang,44.0056,6.9333,0.05,0.0,False,Involontaire (particulier),,
2010,2010-04-07 12:34:00,4,06,Alpes-Maritimes,06022,Bouyon,43.8272,7.125,11.67,0.0,False,Malveillance,,
2010,2010-04-07 14:15:00,4,06,Alpes-Maritimes,06058,Escragnolles,43.7236,6.7758,0.1,0.0,False,Involontaire (travaux),,
2010,2010-04-08 10:49:00,4,06,Alpes-Maritimes,06062,Fontan,44.0213,7.5527,0.2,0.0,False,Involontaire (particulier),,
2010,2010-04-09 14:22:00,4,06,Alpes-Maritimes,06118,Saint-Cézaire-sur-Siagne,43.6592,6.8049,0.25,0.0,False,Involontaire (particulier),,
2010,2010-04-09 15:20:00,4,06,Alpes-Maritimes,06031,Cantaron,43.7694,7.3147,0.05,0.0,False,Inconnue,,
2010,2010-04-09 17:43:00,4,06,Alpes-Maritimes,06013,Belvédère,44.0615,7.3612,0.1,0.0,False,Malveillance,,
2010,2010-04-10 08:43:00,4,33,Landes de Gascogne,33422,Saint-Jean-d'Illac,44.7973,-0.8156,2.0,2.0,False,Inconnue,,
2010,2010-04-10 14:50:00,4,06,Alpes-Maritimes,06101,Rigaud,43.9942,6.976,0.3,0.0,False,Inconnue,,
2010,2010-04-10 15:21:00,4,40,Landes de Gascogne,40144,Larbey,43.7038,-0.7288,3.0,3.0,False,Involontaire (particulier),,
2010,2010-04-10 15:29:00,4,33,Landes de Gascogne,33472,Saint-Sauveur-de-Puynormand,44.9958,-0.0308,2.0,2.0,False,Inconnue,,
2010,2010-04-10 15:58:00,4,33,Landes de Gascogne,33042,Belin-Béliet,44.4959,-0.7989,0.2,0.2,False,Inconnue,,
2010,2010-04-10 17:33:00,4,40,Landes de Gascogne,40229,Pontenx-les-Forges,44.2554,-1.0914,15.73,13.48,False,Involontaire (particulier),,
2010,2010-04-10 21:05:00,4,33,Landes de Gascogne,33213,La Brède,44.6777,-0.5396,0.5,0.5,False,Inconnue,,
2010,2010-04-11 15:48:00,4,33,Landes de Gascogne,33122,Cestas,44.7274,-0.7349,3.0,3.0,False,Inconnue,,
2010,2010-04-11 17:57:00,4,33,Landes de Gascogne,33547,Villandraut,44.4502,-0.381,0.3,0.3,False,Inconnue,,
2010,2010-04-12 15:11:00,4,40,Landes de Gascogne,40107,Garrosse,,,130.73,130.01,True,Inconnue,,
2010,2010-04-12 19:24:00,4,33,Landes de Gascogne,33005,Andernos-les-Bains,44.7529,-1.082,0.5,0.5,False,Inconnue,,
2010,2010-04-13 03:44:00,4,33,Landes de Gascogne,33205,Illats,44.6087,-0.3797,0.02,0.02,False,Accidentelle,,
2010,2010-04-13 17:33:00,4,33,Landes de Gascogne,33529,La Teste-de-Buch,44.586,-1.1809,0.01,0.01,False,Inconnue,,
2010,2010-04-13 18:52:00,4,40,Landes de Gascogne,40114,Gourbera,43.8068,-1.0422,1.5,1.5,False,Malveillance,,
2010,2010-04-14 18:52:00,4,33,Landes de Gascogne,33029,Le Barp,44.6297,-0.7437,1.5,1.5,False,Inconnue,,
2010,2010-04-15 16:43:00,4,33,Landes de Gascogne,33267,Marcillac,,,7.94,7.94,False,Inconnue,,
2010,2010-04-15 19:35:00,4,40,Landes de Gascogne,40033,Bélis,44.064,-0.4688,0.007,0.007,False,Involontaire (particulier),,
2010,2010-04-15 22:16:00,4,33,Landes de Gascogne,33229,Lanton,44.7719,-0.9799,1.0,1.0,False,Accidentelle,,
2010,2010-04-16 03:55:00,4,33,Landes de Gascogne,33019,Audenge,44.7133,-0.9533,2.5,2.5,False,Inconnue,,
2010,2010-04-16 05:22:00,4,33,Landes de Gascogne,33019,Audenge,44.7133,-0.9533,2.5,2.5,False,Inconnue,,
2010,2010-04-16 14:06:00,4,40,Landes de Gascogne,40037,Benquet,43.8207,-0.5069,0.8,0.8,False,Involontaire (particulier),,
2010,2010-04-16 18:21:00,4,33,Landes de Gascogne,33351,Reignac,45.2292,-0.5179,0.5,0.5,False,Involontaire (travaux),,
2010,2010-04-16 19:11:00,4,33,Landes de Gascogne,33529,La Teste-de-Buch,44.586,-1.1809,0.02,0.02,False,Inconnue,,
2010,2010-04-17 14:11:00,4,33,Landes de Gascogne,33532,Tizac-de-Lapouyade,45.0699,-0.3111,0.4,0.4,False,Inconnue,,
2010,2010-04-17 17:12:00,4,33,Landes de Gascogne,33417,Sainte-Hélène,44.9653,-0.9071,7.0,7.0,False,Inconnue,,
2010,2010-04-17 18:52:00,4,06,Alpes-Maritimes,06157,Vence,43.7373,7.0995,1.0467,0.0,False,Inconnue,,
2010,2010-04-17 19:10:00,4,33,Landes de Gascogne,33274,Martillac,44.7176,-0.558,0.3,0.3,False,Inconnue,,
2010,2010-04-17 23:17:00,4,33,Landes de Gascogne,33284,Mios,44.6105,-0.8913,2.0,2.0,False,Inconnue,,
2010,2010-04-18 12:45:00,4,33,Landes de Gascogne,33267,Marcillac,,,0.01,0.01,False,Involontaire (travaux),,
2010,2010-04-18 13:23:00,4,06,Alpes-Maritimes,06117,Saint-Blaise,43.8132,7.2283,0.5,0.0,False,Involontaire (travaux),,
2010,2010-04-18 13:33:00,4,40,Landes de Gascogne,40150,Léon,43.8474,-1.2768,0.05,0.05,False,Inconnue,,
2010,2010-04-18 14:50:00,4,40,Landes de Gascogne,40261,Saint-Geours-de-Maremne,43.6854,-1.2348,0.05,0.05,False,Inconnue,,
2010,2010-04-18 16:19:00,4,40,Landes de Gascogne,40019,Aureilhan,44.2094,-1.192,13.4,13.02,False,Inconnue,,
2010,2010-04-19 13:54:00,4,40,Landes de Gascogne,40085,Commensacq,44.2082,-0.8272,0.01,0.01,False,Naturelle,,
2010,2010-04-19 14:28:00,4,40,Landes de Gascogne,40307,Sore,44.3073,-0.6021,0.02,0.02,False,Inconnue,,
2010,2010-04-19 15:05:00,4,33,Landes de Gascogne,33023,Ayguemorte-les-Graves,44.7027,-0.4857,0.03,0.03,False,Naturelle,,
2010,2010-04-19 15:52:00,4,06,Alpes-Maritimes,06074,Lantosque,43.9787,7.3121,0.75,0.0,False,Malveillance,,
2010,2010-04-19 17:30:00,4,33,Landes de Gascogne,33051,Biganos,44.6599,-0.9582,20.0,20.0,False,Inconnue,,
2010,2010-04-20 16:33:00,4,33,Landes de Gascogne,33540,Vendays-Montalivet,45.3378,-1.0953,0.1,0.1,False,Inconnue,,
2010,2010-04-20 17:17:00,4,33,Landes de Gascogne,33188,Giscos,44.2625,-0.1747,0.01,0.01,False,Inconnue,,
2010,2010-04-21 12:00:00,4,40,Landes de Gascogne,40046,Biscarrosse,44.4077,-1.1525,0.3,0.3,False,Accidentelle,,
2010,2010-04-21 12:04:00,4,33,Landes de Gascogne,33422,Saint-Jean-d'Illac,44.7973,-0.8156,0.2,0.2,False,Inconnue,,
2010,2010-04-21 12:48:00,4,40,Landes de Gascogne,40319,Trensacq,44.232,-0.7015,0.5,0.5,False,Naturelle,,
2010,2010-04-21 13:46:00,4,33,Landes de Gascogne,33051,Biganos,44.6599,-0.9582,0.2,0.2,False,Inconnue,,
2010,2010-04-21 14:41:00,4,33,Landes de Gascogne,33503,Saumos,44.9119,-1.0029,0.5,0.5,False,Involontaire (particulier),,
2010,2010-04-21 15:10:00,4,33,Landes de Gascogne,33361,Ruch,44.7748,-0.0337,0.1,0.1,False,Inconnue,,
2010,2010-04-21 18:43:00,4,33,Landes de Gascogne,33145,Cursan,44.7963,-0.3339,0.05,0.05,False,Accidentelle,,
2010,2010-04-22 16:22:00,4,33,Landes de Gascogne,33130,Coimères,44.5004,-0.213,1.0,1.0,False,Inconnue,,
2010,2010-04-24 14:18:00,4,33,Landes de Gascogne,33051,Biganos,44.6599,-0.9582,0.005,0.005,False,Malveillance,,
2010,2010-04-24 22:46:00,4,33,Landes de Gascogne,33229,Lanton,44.7719,-0.9799,0.2,0.2,False,Inconnue,,
2010,2010-04-25 15:00:00,4,33,Landes de Gascogne,33019,Audenge,44.7133,-0.9533,0.35,0.35,False,Inconnue,,
2010,2010-04-25 18:46:00,4,33,Landes de Gascogne,33503,Saumos,44.9119,-1.0029,0.1,0.1,False,Accidentelle,,
2010,2010-04-25 19:57:00,4,33,Landes de Gascogne,33029,Le Barp,44.6297,-0.7437,0.3,0.3,False,Inconnue,,
2010,2010-04-26 08:30:00,4,06,Alpes-Maritimes,06020,La Bollène-Vésubie,43.9945,7.3749,0.06,0.0,False,Inconnue,,
2010,2010-04-26 14:25:00,4,40,Landes de Gascogne,40006,Arengosse,44.0299,-0.7811,0.5,0.5,False,Involontaire (travaux),,
2010,2010-04-26 16:28:00,4,33,Landes de Gascogne,33502,Saugon,45.1864,-0.5006,7.0,7.0,False,Inconnue,,
2010,2010-04-26 16:40:00,4,33,Landes de Gascogne,33090,Canéjan,44.7572,-0.659,0.25,0.25,False,Inconnue,,
2010,2010-04-26 16:47:00,4,33,Landes de Gascogne,33284,Mios,44.6105,-0.8913,0.01,0.01,False,Inconnue,,
2010,2010-04-26 19:48:00,4,33,Landes de Gascogne,33449,Saint-Médard-en-Jalles,44.8861,-0.7823,0.05,0.05,False,Inconnue,,
2010,2010-04-27 07:53:00,4,33,Landes de Gascogne,33047,Berson,45.1188,-0.5782,1.5,1.5,False,Inconnue,,
2010,2010-04-27 13:34:00,4,33,Landes de Gascogne,33253,Loupiac,44.6258,-0.2856,1.0,1.0,False,Inconnue,,
2010,2010-04-27 16:48:00,4,40,Landes de Gascogne,40246,Sabres,44.1532,-0.7332,0.15,0.15,False,Accidentelle,,
2010,2010-04-28 15:39:00,4,33,Landes de Gascogne,33005,Andernos-les-Bains,44.7529,-1.082,0.15,0.15,False,Inconnue,,
2010,2010-04-28 17:39:00,4,40,Landes de Gascogne,40246,Sabres,44.1532,-0.7332,3.7,3.7,False,Inconnue,,
2010,2010-04-28 18:03:00,4,33,Landes de Gascogne,33527,Le Teich,44.5805,-1.0234,0.3,0.3,False,Inconnue,,
2010,2010-04-29 14:07:00,4,33,Landes de Gascogne,33527,Le Teich,44.5805,-1.0234,111.1,111.1,True,Involontaire (travaux),,
2010,2010-04-29 15:44:00,4,40,Landes de Gascogne,40246,Sabres,44.1532,-0.7332,1.5,1.5,False,Inconnue,,
2010,2010-04-29 19:40:00,4,33,Landes de Gascogne,33122,Cestas,44.7274,-0.7349,0.005,0.005,False,Inconnue,,
2010,2010-04-30 21:32:00,4,33,Landes de Gascogne,33514,Soulac-sur-Mer,45.5057,-1.0694,0.05,0.05,False,Inconnue,,
2010,2010-05-01 12:01:00,5,06,Alpes-Maritimes,06034,Castagniers,43.79,7.2298,0.02,0.0,False,Inconnue,,
2010,2010-05-04 09:39:00,5,33,Landes de Gascogne,33203,Hourtin,45.1831,-1.0534,1.5,1.5,False,Inconnue,,
2010,2010-05-04 12:05:00,5,33,Landes de Gascogne,33260,Lugos,44.4782,-0.9241,0.15,0.15,False,Accidentelle,,
2010,2010-05-10 18:26:00,5,33,Landes de Gascogne,33233,Laruscade,45.1206,-0.3394,0.3,0.3,False,Inconnue,,
2010,2010-05-12 10:41:00,5,40,Landes de Gascogne,40227,Pissos,44.3012,-0.7906,0.0002,0.0002,False,Inconnue,,
2010,2010-05-12 15:54:00,5,33,Landes de Gascogne,33318,Pessac,44.786,-0.681,0.01,0.01,False,Inconnue,,
2010,2010-05-16 16:55:00,5,33,Landes de Gascogne,33097,Carcans,45.0794,-1.0404,0.3,0.3,False,Involontaire (travaux),,
2010,2010-05-17 15:24:00,5,06,Alpes-Maritimes,06141,Toudon,43.8857,7.1094,0.8,0.0,False,Involontaire (particulier),,
2010,2010-05-18 13:08:00,5,33,Landes de Gascogne,33540,Vendays-Montalivet,45.3378,-1.0953,0.3,0.3,False,Inconnue,,
2010,2010-05-19 16:34:00,5,33,Landes de Gascogne,33454,Saint-Morillon,44.6387,-0.5232,0.01,0.01,False,Inconnue,,
2010,2010-05-19 17:02:00,5,33,Landes de Gascogne,33081,Cadillac-sur-Garonne,44.6407,-0.3076,0.001,0.001,False,Inconnue,,
2010,2010-05-20 16:56:00,5,33,Landes de Gascogne,33297,Moulis-en-Médoc,45.0531,-0.7971,1.5,1.5,False,Inconnue,,
2010,2010-05-21 02:02:00,5,33,Landes de Gascogne,33200,Le Haillan,44.8713,-0.6903,1.5,1.5,False,Accidentelle,,
2010,2010-05-21 12:55:00,5,33,Landes de Gascogne,33200,Le Haillan,44.8713,-0.6903,0.005,0.005,False,Inconnue,,
2010,2010-05-21 19:05:00,5,33,Landes de Gascogne,33022,Avensan,45.0033,-0.7574,0.15,0.15,False,Inconnue,,
2010,2010-05-22 11:09:00,5,06,Alpes-Maritimes,06059,Èze,43.7299,7.3566,0.05,0.0,False,Involontaire (particulier),,
2010,2010-05-22 15:07:00,5,33,Landes de Gascogne,33351,Reignac,45.2292,-0.5179,0.3,0.3,False,Inconnue,,
2010,2010-05-22 15:23:00,5,40,Landes de Gascogne,40243,Rion-des-Landes,43.9318,-0.9436,0.06,0.06,False,Inconnue,,
2010,2010-05-23 11:20:00,5,06,Alpes-Maritimes,06088,Nice,43.7032,7.2528,0.05,0.0,False,Involontaire (travaux),,
2010,2010-05-23 13:11:00,5,33,Landes de Gascogne,33203,Hourtin,45.1831,-1.0534,2.5,1.5,False,Inconnue,,
2010,2010-05-23 17:13:00,5,33,Landes de Gascogne,33449,Saint-Médard-en-Jalles,44.8861,-0.7823,0.05,0.05,False,Inconnue,,
2010,2010-05-24 12:02:00,5,33,Landes de Gascogne,33046,Bernos-Beaulac,44.3641,-0.259,0.2,0.1,False,Involontaire (travaux),,
2010,2010-05-25 05:49:00,5,33,Landes de Gascogne,33529,La Teste-de-Buch,44.586,-1.1809,0.03,0.03,False,Inconnue,,
2010,2010-05-25 10:42:00,5,33,Landes de Gascogne,33255,Lucmau,44.2955,-0.3364,0.0003,0.0003,False,Involontaire (travaux),,
2010,2010-05-25 12:45:00,5,06,Alpes-Maritimes,06088,Nice,43.7032,7.2528,0.05,0.0,False,Involontaire (particulier),,
2010,2010-05-25 19:10:00,5,33,Landes de Gascogne,33155,Escaudes,44.3174,-0.2043,0.1,0.1,False,Naturelle,,
2010,2010-05-25 20:14:00,5,33,Landes de Gascogne,33203,Hourtin,45.1831,-1.0534,0.07,0.07,False,Naturelle,,
2010,2010-05-25 21:21:00,5,33,Landes de Gascogne,33528,Le Temple,44.8662,-0.9609,0.1,0.1,False,Naturelle,,
2010,2010-05-25 22:08:00,5,33,Landes de Gascogne,33498,Salles,44.536,-0.8899,0.3,0.3,False,Naturelle,,
2010,2010-05-25 22:16:00,5,06,Alpes-Maritimes,06088,Nice,43.7032,7.2528,0.05,0.0,False,Accidentelle,,
2010,2010-05-26 11:51:00,5,33,Landes de Gascogne,33019,Audenge,44.7133,-0.9533,0.001,0.001,False,Inconnue,,
2010,2010-05-26 12:18:00,5,33,Landes de Gascogne,33449,Saint-Médard-en-Jalles,44.8861,-0.7823,0.01,0.01,False,Inconnue,,
2010,2010-05-26 15:00:00,5,33,Landes de Gascogne,33197,Guillos,44.5507,-0.5235,0.5,0.5,False,Naturelle,,
2010,2010-05-26 16:10:00,5,33,Landes de Gascogne,33124,Chamadelle,45.0975,-0.0883,0.5,0.5,False,Inconnue,,
2010,2010-05-26 16:15:00,5,33,Landes de Gascogne,33494,Salaunes,44.9281,-0.8502,0.2,0.2,False,Naturelle,,
2010,2010-05-26 20:24:00,5,33,Landes de Gascogne,33300,Naujac-sur-Mer,45.2596,-1.0643,0.8,0.8,False,Naturelle,,
2010,2010-05-27 17:29:00,5,40,Landes de Gascogne,40327,Vielle-Soubiran,44.0549,-0.1715,1.1,1.1,False,Naturelle,,
2010,2010-05-28 23:04:00,5,40,Landes de Gascogne,40192,Mont-de-Marsan,43.8931,-0.5009,0.15,0.15,False,Inconnue,,
2010,2010-06-01 15:51:00,6,06,Alpes-Maritimes,06136,Sospel,43.8872,7.4493,0.01,0.0,False,Inconnue,,
2010,2010-06-01 16:55:00,6,06,Alpes-Maritimes,06027,Cagnes-sur-Mer,43.6712,7.1502,0.5,0.0,False,Involontaire (particulier),,
2010,2010-06-02 10:11:00,6,06,Alpes-Maritimes,06003,Andon,43.7755,6.8211,0.1,0.0,False,Involontaire (particulier),,
2010,2010-06-02 12:03:00,6,40,Landes de Gascogne,40111,Geloux,43.9784,-0.6374,1.5,1.5,False,Involontaire (travaux),,
2010,2010-06-03 17:03:00,6,33,Landes de Gascogne,33433,Saint-Loubès,44.9223,-0.4257,0.005,0.005,False,Inconnue,,
2010,2010-06-05 07:19:00,6,33,Landes de Gascogne,33452,Saint-Michel-de-Rieufret,44.6273,-0.4453,0.2,0.2,False,Accidentelle,,
2010,2010-06-05 10:47:00,6,40,Landes de Gascogne,40296,Seignosse,43.7055,-1.3939,0.001,0.001,False,Involontaire (particulier),,
2010,2010-06-05 14:36:00,6,06,Alpes-Maritimes,06122,Saint-Jeannet,43.7619,7.1477,0.2,0.0,False,Involontaire (particulier),,
2010,2010-06-05 15:43:00,6,40,Landes de Gascogne,40262,Saint-Gor,44.0752,-0.2367,0.572,0.572,False,Inconnue,,
2010,2010-06-05 18:50:00,6,40,Landes de Gascogne,40262,Saint-Gor,44.0752,-0.2367,0.0001,0.0001,False,Malveillance,,
2010,2010-06-05 22:22:00,6,33,Landes de Gascogne,33236,Lège-Cap-Ferret,44.7452,-1.174,0.08,0.08,False,Inconnue,,
2010,2010-06-05 23:32:00,6,33,Landes de Gascogne,33512,Sigalens,44.4567,-0.0324,0.25,0.25,False,Accidentelle,,
2010,2010-06-07 17:55:00,6,33,Landes de Gascogne,33101,Cartelègue,45.1882,-0.5732,0.02,0.02,False,Inconnue,,
2010,2010-06-10 10:06:00,6,06,Alpes-Maritimes,06090,Pégomas,43.5886,6.9213,0.06,0.0,False,Involontaire (travaux),,
2010,2010-06-10 14:05:00,6,06,Alpes-Maritimes,06083,Menton,43.7961,7.498,1.2985,0.0,False,Involontaire (particulier),,
2010,2010-06-10 16:29:00,6,06,Alpes-Maritimes,06033,Carros,43.785,7.1798,0.03,0.0,False,Malveillance,,
2010,2010-06-10 19:43:00,6,40,Landes de Gascogne,40149,Lencouacq,44.1482,-0.3856,0.03,0.03,False,Accidentelle,,
2010,2010-06-11 13:10:00,6,06,Alpes-Maritimes,06105,Roquefort-les-Pins,43.6723,7.0565,0.1,0.0,False,Involontaire (particulier),,
2010,2010-06-21 16:26:00,6,06,Alpes-Maritimes,06031,Cantaron,43.7694,7.3147,0.18,0.0,False,Involontaire (travaux),,
2010,2010-06-22 10:59:00,6,40,Landes de Gascogne,40320,Uchacq-et-Parentis,43.945,-0.5476,0.1,0.1,False,Accidentelle,,
2010,2010-06-23 10:12:00,6,40,Landes de Gascogne,40178,Mazerolles,43.8848,-0.4334,0.001,0.001,False,Involontaire (travaux),,
2010,2010-06-23 13:10:00,6,33,Landes de Gascogne,33527,Le Teich,44.5805,-1.0234,0.02,0.02,False,Inconnue,,
2010,2010-06-26 21:22:00,6,40,Landes de Gascogne,40125,Heugas,43.6416,-1.0848,0.4,0.4,False,Inconnue,,
2010,2010-06-28 03:48:00,6,33,Landes de Gascogne,33376,Saint-Aubin-de-Médoc,44.9343,-0.7478,1.0,1.0,False,Inconnue,,
2010,2010-06-29 15:39:00,6,33,Landes de Gascogne,33122,Cestas,44.7274,-0.7349,0.08,0.04,False,Accidentelle,,
2010,2010-07-01 13:49:00,7,06,Alpes-Maritimes,06027,Cagnes-sur-Mer,43.6712,7.1502,0.3,0.0,False,Inconnue,,
2010,2010-07-02 05:25:00,7,33,Landes de Gascogne,33034,Bayas,45.0736,-0.2048,0.04,0.04,False,Inconnue,,
2010,2010-07-02 11:08:00,7,06,Alpes-Maritimes,06010,Le Bar-sur-Loup,43.6993,6.9674,0.015,0.0,False,Involontaire (travaux),,
2010,2010-07-02 12:49:00,7,33,Landes de Gascogne,33527,Le Teich,44.5805,-1.0234,0.02,0.02,False,Inconnue,,
2010,2010-07-02 13:58:00,7,40,Landes de Gascogne,40274,Saint-Martin-d'Oney,43.9293,-0.6497,0.05,0.05,False,Naturelle,,
2010,2010-07-02 15:24:00,7,33,Landes de Gascogne,33498,Salles,44.536,-0.8899,0.001,0.001,False,Naturelle,,
2010,2010-07-02 15:42:00,7,40,Landes de Gascogne,40227,Pissos,44.3012,-0.7906,0.2,0.2,False,Naturelle,,
2010,2010-07-02 15:47:00,7,33,Landes de Gascogne,33122,Cestas,44.7274,-0.7349,0.002,0.002,False,Naturelle,,
2010,2010-07-02 16:05:00,7,40,Landes de Gascogne,40246,Sabres,44.1532,-0.7332,0.01,0.01,False,Naturelle,,
2010,2010-07-02 16:17:00,7,40,Landes de Gascogne,40307,Sore,44.3073,-0.6021,0.1,0.1,False,Naturelle,,
2010,2010-07-02 16:32:00,7,40,Landes de Gascogne,40200,Moustey,44.387,-0.7703,0.0002,0.0002,False,Naturelle,,
2010,2010-07-02 16:36:00,7,40,Landes de Gascogne,40307,Sore,44.3073,-0.6021,0.001,0.001,False,Naturelle,,
2010,2010-07-02 17:00:00,7,33,Landes de Gascogne,33122,Cestas,44.7274,-0.7349,0.002,0.002,False,Naturelle,,
2010,2010-07-02 17:03:00,7,33,Landes de Gascogne,33095,Captieux,44.2621,-0.2981,0.01,0.01,False,Naturelle,,
2010,2010-07-02 18:07:00,7,40,Landes de Gascogne,40171,Mano,44.4288,-0.6703,0.1,0.1,False,Naturelle,,
2010,2010-07-02 18:39:00,7,40,Landes de Gascogne,40075,Castets,43.8806,-1.1487,0.1,0.1,False,Inconnue,,
2010,2010-07-02 18:39:00,7,40,Landes de Gascogne,40075,Castets,43.8806,-1.1487,1.0,1.0,False,Naturelle,,
2010,2010-07-03 14:46:00,7,33,Landes de Gascogne,33029,Le Barp,44.6297,-0.7437,0.005,0.005,False,Inconnue,,
2010,2010-07-03 17:58:00,7,40,Landes de Gascogne,40094,Escource,44.1639,-1.0361,0.02,0.02,False,Naturelle,,
2010,2010-07-03 18:34:00,7,33,Landes de Gascogne,33536,Le Tuzan,44.4508,-0.6011,0.02,0.02,False,Naturelle,,
2010,2010-07-03 21:57:00,7,33,Landes de Gascogne,33376,Saint-Aubin-de-Médoc,44.9343,-0.7478,0.03,0.03,False,Naturelle,,
2010,2010-07-04 11:19:00,7,40,Landes de Gascogne,40165,Luglon,44.0807,-0.7306,0.005,0.005,False,Naturelle,,
2010,2010-07-04 11:31:00,7,40,Landes de Gascogne,40311,Taller,43.88,-1.0621,0.03,0.03,False,Naturelle,,
2010,2010-07-04 12:52:00,7,33,Landes de Gascogne,33498,Salles,44.536,-0.8899,0.2,0.2,False,Naturelle,,
2010,2010-07-04 15:02:00,7,40,Landes de Gascogne,40094,Escource,44.1639,-1.0361,1.0,1.0,False,Naturelle,,
2010,2010-07-04 15:28:00,7,06,Alpes-Maritimes,06150,La Turbie,43.7462,7.3973,0.05,0.0,False,Involontaire (particulier),,
2010,2010-07-04 16:44:00,7,33,Landes de Gascogne,33422,Saint-Jean-d'Illac,44.7973,-0.8156,0.1,0.1,False,Naturelle,,
2010,2010-07-04 16:48:00,7,40,Landes de Gascogne,40319,Trensacq,44.232,-0.7015,0.3,0.3,False,Naturelle,,
2010,2010-07-05 10:33:00,7,33,Landes de Gascogne,33536,Le Tuzan,44.4508,-0.6011,0.7,0.7,False,Naturelle,,
2010,2010-07-05 10:48:00,7,33,Landes de Gascogne,33248,Listrac-Médoc,45.0699,-0.827,0.1,0.1,False,Naturelle,,
2010,2010-07-05 13:38:00,7,40,Landes de Gascogne,40311,Taller,43.88,-1.0621,0.1,0.1,False,Involontaire (travaux),,
2010,2010-07-05 18:10:00,7,40,Landes de Gascogne,40046,Biscarrosse,44.4077,-1.1525,0.01,0.01,False,Inconnue,,
2010,2010-07-07 00:54:00,7,40,Landes de Gascogne,40180,Meilhan,43.8685,-0.6966,0.5,0.5,False,Inconnue,,
2010,2010-07-07 14:29:00,7,33,Landes de Gascogne,33122,Cestas,44.7274,-0.7349,1.0,1.0,False,Inconnue,,
2010,2010-07-08 12:49:00,7,33,Landes de Gascogne,33095,Captieux,44.2621,-0.2981,0.3,0.3,False,Involontaire (travaux),,
2010,2010-07-08 16:22:00,7,33,Landes de Gascogne,33095,Captieux,44.2621,-0.2981,0.2,0.2,False,Inconnue,,
2010,2010-07-08 17:35:00,7,33,Landes de Gascogne,33122,Cestas,44.7274,-0.7349,48.7,48.7,False,Inconnue,,
2010,2010-07-09 05:51:00,7,40,Landes de Gascogne,40274,Saint-Martin-d'Oney,43.9293,-0.6497,0.005,0.005,False,Involontaire (travaux),,
2010,2010-07-09 07:43:00,7,40,Landes de Gascogne,40155,Linxe,43.9287,-1.2195,0.0004,0.0004,False,Naturelle,,
2010,2010-07-09 08:15:00,7,33,Landes de Gascogne,33095,Captieux,44.2621,-0.2981,0.1,0.1,False,Inconnue,,
2010,2010-07-09 09:10:00,7,33,Landes de Gascogne,33424,Saint-Laurent-Médoc,45.1402,-0.8557,0.2,0.2,False,Naturelle,,
2010,2010-07-09 11:04:00,7,40,Landes de Gascogne,40150,Léon,43.8474,-1.2768,0.25,0.25,False,Naturelle,,
2010,2010-07-09 13:31:00,7,40,Landes de Gascogne,40142,Laluque,43.8533,-0.9816,0.5,0.5,False,Accidentelle,,
2010,2010-07-09 14:09:00,7,33,Landes de Gascogne,33555,Marcheprime,44.7033,-0.8557,0.05,0.05,False,Inconnue,,
2010,2010-07-09 17:19:00,7,40,Landes de Gascogne,40243,Rion-des-Landes,43.9318,-0.9436,0.5,0.5,False,Involontaire (travaux),,
2010,2010-07-10 16:08:00,7,33,Landes de Gascogne,33284,Mios,44.6105,-0.8913,1.0,1.0,False,Inconnue,,
2010,2010-07-10 17:43:00,7,33,Landes de Gascogne,33284,Mios,44.6105,-0.8913,0.6,0.6,False,Inconnue,,
2010,2010-07-11 13:33:00,7,40,Landes de Gascogne,40164,Retjons,44.1399,-0.2929,2.4,2.4,False,Naturelle,,
2010,2010-07-11 14:06:00,7,40,Landes de Gascogne,40332,Ychoux,44.3545,-0.9643,0.5,0.5,False,Inconnue,,
2010,2010-07-11 21:25:00,7,06,Alpes-Maritimes,06152,Valbonne,43.6267,7.0291,0.007,0.0,False,Malveillance,,
2010,2010-07-11 21:25:00,7,06,Alpes-Maritimes,06152,Valbonne,43.6267,7.0291,0.003,0.0,False,Malveillance,,
2010,2010-07-13 16:37:00,7,33,Landes de Gascogne,33260,Lugos,44.4782,-0.9241,0.15,0.15,False,Inconnue,,
2010,2010-07-13 16:56:00,7,06,Alpes-Maritimes,06088,Nice,43.7032,7.2528,0.15,0.0,False,Malveillance,,
2010,2010-07-14 16:10:00,7,33,Landes de Gascogne,33417,Sainte-Hélène,44.9653,-0.9071,0.03,0.03,False,Inconnue,,
2010,2010-07-15 13:39:00,7,33,Landes de Gascogne,33192,Gradignan,44.7681,-0.6163,0.05,0.05,False,Accidentelle,,
2010,2010-07-15 21:40:00,7,33,Landes de Gascogne,33199,Gujan-Mestras,44.5758,-1.0813,0.02,0.02,False,Inconnue,,
2010,2010-07-16 07:26:00,7,33,Landes de Gascogne,33529,La Teste-de-Buch,44.586,-1.1809,0.04,0.04,False,Inconnue,,
2010,2010-07-16 12:37:00,7,33,Landes de Gascogne,33214,Lacanau,44.9879,-1.096,0.05,0.05,False,Accidentelle,,
2010,2010-07-16 15:03:00,7,40,Landes de Gascogne,40227,Pissos,44.3012,-0.7906,4.2,4.2,False,Inconnue,,
2010,2010-07-16 15:40:00,7,06,Alpes-Maritimes,06088,Nice,43.7032,7.2528,0.3,0.0,False,Inconnue,,
2010,2010-07-16 15:40:00,7,33,Landes de Gascogne,33122,Cestas,44.7274,-0.7349,0.4,0.4,False,Inconnue,,
2010,2010-07-17 13:25:00,7,40,Landes de Gascogne,40296,Seignosse,43.7055,-1.3939,0.002,0.002,False,Inconnue,,
2010,2010-07-17 15:14:00,7,33,Landes de Gascogne,33529,La Teste-de-Buch,44.586,-1.1809,0.012,0.012,False,Inconnue,,
2010,2010-07-17 19:15:00,7,33,Landes de Gascogne,33225,Landiras,44.5696,-0.4333,0.1,0.1,False,Inconnue,,
2010,2010-07-18 02:24:00,7,06,Alpes-Maritimes,06068,Gourdon,43.7266,6.9622,0.5,0.0,False,Involontaire (particulier),,
2010,2010-07-18 13:38:00,7,33,Landes de Gascogne,33155,Escaudes,44.3174,-0.2043,0.5,0.5,False,Inconnue,,
2010,2010-07-18 15:34:00,7,33,Landes de Gascogne,33239,Lerm-et-Musset,44.3354,-0.1579,1.5,1.5,False,Accidentelle,,
2010,2010-07-18 17:37:00,7,33,Landes de Gascogne,33200,Le Haillan,44.8713,-0.6903,0.02,0.02,False,Inconnue,,
2010,2010-07-18 20:43:00,7,33,Landes de Gascogne,33214,Lacanau,44.9879,-1.096,0.015,0.015,False,Inconnue,,
2010,2010-07-18 23:37:00,7,33,Landes de Gascogne,33095,Captieux,44.2621,-0.2981,0.1,0.1,False,Inconnue,,
2010,2010-07-19 05:28:00,7,40,Landes de Gascogne,40046,Biscarrosse,44.4077,-1.1525,0.05,0.05,False,Inconnue,,
2010,2010-07-19 13:43:00,7,33,Landes de Gascogne,33214,Lacanau,44.9879,-1.096,0.5,0.5,False,Inconnue,,
2010,2010-07-19 16:56:00,7,33,Landes de Gascogne,33540,Vendays-Montalivet,45.3378,-1.0953,0.4,0.4,False,Inconnue,,
2010,2010-07-19 20:32:00,7,33,Landes de Gascogne,33498,Salles,44.536,-0.8899,0.5,0.5,False,Inconnue,,
2010,2010-07-20 00:15:00,7,33,Landes de Gascogne,33122,Cestas,44.7274,-0.7349,2.5,2.5,False,Accidentelle,,
2010,2010-07-20 04:18:00,7,33,Landes de Gascogne,33122,Cestas,44.7274,-0.7349,0.25,0.25,False,Inconnue,,
2010,2010-07-20 11:59:00,7,06,Alpes-Maritimes,06088,Nice,43.7032,7.2528,0.6,0.0,False,Inconnue,,
2010,2010-07-20 12:53:00,7,40,Landes de Gascogne,40046,Biscarrosse,44.4077,-1.1525,0.02,0.02,False,Inconnue,,
2010,2010-07-20 13:36:00,7,33,Landes de Gascogne,33351,Reignac,45.2292,-0.5179,2.0,1.0,False,Inconnue,,
2010,2010-07-20 18:08:00,7,33,Landes de Gascogne,33260,Lugos,44.4782,-0.9241,0.01,0.01,False,Inconnue,,
2010,2010-07-21 06:57:00,7,40,Landes de Gascogne,40266,Saint-Julien-en-Born,44.0854,-1.2551,0.0005,0.0005,False,Naturelle,,
2010,2010-07-23 14:53:00,7,33,Landes de Gascogne,33284,Mios,44.6105,-0.8913,0.2,0.2,False,Inconnue,,
2010,2010-07-23 17:15:00,7,33,Landes de Gascogne,33155,Escaudes,44.3174,-0.2043,0.1,0.1,False,Naturelle,,
2010,2010-07-24 02:44:00,7,33,Landes de Gascogne,33436,Saint-Magne,44.559,-0.6623,0.001,0.001,False,Inconnue,,
2010,2010-07-24 11:55:00,7,40,Landes de Gascogne,40200,Moustey,44.387,-0.7703,0.5,0.5,False,Naturelle,,
2010,2010-07-24 16:33:00,7,33,Landes de Gascogne,33214,Lacanau,44.9879,-1.096,1.0,1.0,False,Inconnue,,
2010,2010-07-24 17:18:00,7,33,Landes de Gascogne,33144,Cudos,44.3786,-0.1841,2.0,2.0,False,Naturelle,,
2010,2010-07-25 14:27:00,7,33,Landes de Gascogne,33155,Escaudes,44.3174,-0.2043,0.006,0.006,False,Inconnue,,
2010,2010-07-26 12:29:00,7,40,Landes de Gascogne,40281,Saint-Pierre-du-Mont,43.8725,-0.52,0.01,0.01,False,Inconnue,,
2010,2010-07-26 18:04:00,7,33,Landes de Gascogne,33011,Arès,44.7997,-1.0837,0.2,0.2,False,Inconnue,,
2010,2010-07-27 14:27:00,7,40,Landes de Gascogne,40043,Bias,44.1347,-1.2379,8.4,4.0,False,Inconnue,,
2010,2010-07-27 16:37:00,7,40,Landes de Gascogne,40296,Seignosse,43.7055,-1.3939,0.5,0.5,False,Naturelle,,
2010,2010-07-28 09:24:00,7,40,Landes de Gascogne,40317,Tosse,43.6952,-1.316,0.003,0.003,False,Inconnue,,
2010,2010-07-28 09:27:00,7,40,Landes de Gascogne,40158,Losse,44.0948,-0.0933,0.001,0.001,False,Naturelle,,
2010,2010-07-28 12:17:00,7,40,Landes de Gascogne,40217,Parentis-en-Born,44.3527,-1.0879,0.2,0.2,False,Inconnue,,
2010,2010-07-28 13:32:00,7,40,Landes de Gascogne,40080,Cazères-sur-l'Adour,43.7729,-0.2777,0.04,0.04,False,Inconnue,,
2010,2010-07-28 17:44:00,7,33,Landes de Gascogne,33155,Escaudes,44.3174,-0.2043,0.1,0.1,False,Involontaire (travaux),,
2010,2010-07-28 19:08:00,7,40,Landes de Gascogne,40134,Labouheyre,44.2243,-0.9107,0.03,0.03,False,Inconnue,,
2010,2010-07-28 19:59:00,7,40,Landes de Gascogne,40287,Sanguinet,44.4776,-1.0903,0.4,0.25,False,Involontaire (particulier),,
2010,2010-07-29 13:26:00,7,06,Alpes-Maritimes,06048,Contes,43.8133,7.3263,0.04,0.0,False,Involontaire (particulier),,
2010,2010-07-30 00:14:00,7,33,Landes de Gascogne,33351,Reignac,45.2292,-0.5179,0.3,0.3,False,Inconnue,,
2010,2010-07-30 04:18:00,7,33,Landes de Gascogne,33225,Landiras,44.5696,-0.4333,0.01,0.01,False,Accidentelle,,
2010,2010-07-30 18:43:00,7,33,Landes de Gascogne,33307,Noaillan,44.4812,-0.3698,0.001,0.001,False,Inconnue,,
2010,2010-07-31 12:58:00,7,33,Landes de Gascogne,33095,Captieux,44.2621,-0.2981,0.05,0.05,False,Inconnue,,
2010,2010-07-31 20:25:00,7,33,Landes de Gascogne,33095,Captieux,44.2621,-0.2981,0.25,0.25,False,Inconnue,,
2010,2010-08-01 10:06:00,8,33,Landes de Gascogne,33422,Saint-Jean-d'Illac,44.7973,-0.8156,0.01,0.01,False,Naturelle,,
2010,2010-08-01 10:31:00,8,33,Landes de Gascogne,33422,Saint-Jean-d'Illac,44.7973,-0.8156,0.005,0.005,False,Naturelle,,
2010,2010-08-01 11:04:00,8,33,Landes de Gascogne,33422,Saint-Jean-d'Illac,44.7973,-0.8156,0.002,0.002,False,Naturelle,,
2010,2010-08-01 12:25:00,8,40,Landes de Gascogne,40060,Callen,44.2743,-0.4688,0.075,0.075,False,Naturelle,,
2010,2010-08-01 12:42:00,8,40,Landes de Gascogne,40075,Castets,43.8806,-1.1487,0.02,0.02,False,Naturelle,,
2010,2010-08-01 13:39:00,8,40,Landes de Gascogne,40075,Castets,43.8806,-1.1487,0.4,0.4,False,Naturelle,,
2010,2010-08-01 13:51:00,8,40,Landes de Gascogne,40246,Sabres,44.1532,-0.7332,0.102,0.102,False,Naturelle,,
2010,2010-08-01 17:58:00,8,33,Landes de Gascogne,33417,Sainte-Hélène,44.9653,-0.9071,0.03,0.03,False,Naturelle,,
2010,2010-08-02 08:31:00,8,33,Landes de Gascogne,33436,Saint-Magne,44.559,-0.6623,0.03,0.03,False,Naturelle,,
2010,2010-08-02 08:40:00,8,40,Landes de Gascogne,40184,Mimizan,44.1996,-1.2323,0.0004,0.0004,False,Naturelle,,
2010,2010-08-02 11:03:00,8,33,Landes de Gascogne,33529,La Teste-de-Buch,44.586,-1.1809,0.005,0.005,False,Inconnue,,
2010,2010-08-02 12:30:00,8,40,Landes de Gascogne,40278,Saint-Paul-en-Born,44.2083,-1.155,0.0001,0.0001,False,Naturelle,,
2010,2010-08-02 15:18:00,8,33,Landes de Gascogne,33151,Donnezac,45.2397,-0.4468,0.01,0.01,False,Naturelle,,
2010,2010-08-02 20:07:00,8,40,Landes de Gascogne,40128,Horsarrieu,43.6908,-0.6025,0.005,0.005,False,Inconnue,,
2010,2010-08-03 09:39:00,8,33,Landes de Gascogne,33436,Saint-Magne,44.559,-0.6623,0.05,0.05,False,Naturelle,,
2010,2010-08-03 13:05:00,8,33,Landes de Gascogne,33484,Saint-Symphorien,44.4261,-0.5505,0.06,0.06,False,Naturelle,,
2010,2010-08-03 21:38:00,8,40,Landes de Gascogne,40149,Lencouacq,44.1482,-0.3856,1.034,1.034,False,Naturelle,,
2010,2010-08-05 16:18:00,8,40,Landes de Gascogne,40046,Biscarrosse,44.4077,-1.1525,0.06,0.06,False,Inconnue,,
2010,2010-08-06 14:46:00,8,40,Landes de Gascogne,40243,Rion-des-Landes,43.9318,-0.9436,0.5,0.5,False,Naturelle,,
2010,2010-08-06 15:06:00,8,33,Landes de Gascogne,33351,Reignac,45.2292,-0.5179,1.0,0.1,False,Inconnue,,
2010,2010-08-06 17:44:00,8,40,Landes de Gascogne,40149,Lencouacq,44.1482,-0.3856,0.01,0.01,False,Involontaire (travaux),,
2010,2010-08-07 03:48:00,8,33,Landes de Gascogne,33097,Carcans,45.0794,-1.0404,0.5,0.5,False,Inconnue,,
2010,2010-08-07 15:03:00,8,40,Landes de Gascogne,40307,Sore,44.3073,-0.6021,0.168,0.168,False,Inconnue,,
2010,2010-08-08 13:18:00,8,33,Landes de Gascogne,33376,Saint-Aubin-de-Médoc,44.9343,-0.7478,0.2,0.2,False,Inconnue,,
2010,2010-08-08 14:04:00,8,33,Landes de Gascogne,33527,Le Teich,44.5805,-1.0234,0.05,0.05,False,Inconnue,,
2010,2010-08-08 14:20:00,8,33,Landes de Gascogne,33389,Saint-Ciers-sur-Gironde,45.2947,-0.6648,0.12,0.12,False,Inconnue,,
2010,2010-08-08 18:55:00,8,40,Landes de Gascogne,40287,Sanguinet,44.4776,-1.0903,0.005,0.005,False,Inconnue,,
2010,2010-08-08 19:46:00,8,40,Landes de Gascogne,40168,Magescq,43.7753,-1.1841,0.005,0.005,False,Inconnue,,
2010,2010-08-09 02:48:00,8,33,Landes de Gascogne,33205,Illats,44.6087,-0.3797,0.005,0.005,False,Accidentelle,,
2010,2010-08-09 16:05:00,8,40,Landes de Gascogne,40046,Biscarrosse,44.4077,-1.1525,0.001,0.001,False,Inconnue,,
2010,2010-08-09 18:35:00,8,33,Landes de Gascogne,33225,Landiras,44.5696,-0.4333,0.8,0.8,False,Inconnue,,
2010,2010-08-11 05:52:00,8,33,Landes de Gascogne,33203,Hourtin,45.1831,-1.0534,4.0,4.0,False,Inconnue,,
2010,2010-08-11 07:00:00,8,33,Landes de Gascogne,33376,Saint-Aubin-de-Médoc,44.9343,-0.7478,0.003,0.003,False,Accidentelle,,
2010,2010-08-11 11:18:00,8,33,Landes de Gascogne,33248,Listrac-Médoc,45.0699,-0.827,0.02,0.02,False,Inconnue,,
2010,2010-08-11 13:50:00,8,33,Landes de Gascogne,33177,Gaillan-en-Médoc,45.3135,-0.9946,0.05,0.05,False,Inconnue,,
2010,2010-08-11 13:53:00,8,40,Landes de Gascogne,40157,Lit-et-Mixe,44.0273,-1.2704,0.3,0.3,False,Inconnue,,
2010,2010-08-12 15:29:00,8,33,Landes de Gascogne,33460,Saint-Pey-de-Castets,44.8207,-0.0667,0.003,0.003,False,Involontaire (travaux),,
2010,2010-08-12 18:45:00,8,33,Landes de Gascogne,33529,La Teste-de-Buch,44.586,-1.1809,0.005,0.005,False,Inconnue,,
2010,2010-08-13 19:26:00,8,06,Alpes-Maritimes,06039,Châteauneuf-Villevieille,43.8007,7.2951,0.004,0.0,False,Naturelle,,
2010,2010-08-13 21:40:00,8,33,Landes de Gascogne,33034,Bayas,45.0736,-0.2048,0.5,0.5,False,Inconnue,,
2010,2010-08-14 06:55:00,8,33,Landes de Gascogne,33095,Captieux,44.2621,-0.2981,2.0,2.0,False,Inconnue,,
2010,2010-08-14 11:49:00,8,33,Landes de Gascogne,33029,Le Barp,44.6297,-0.7437,0.005,0.005,False,Inconnue,,
2010,2010-08-14 12:24:00,8,33,Landes de Gascogne,33501,Saucats,44.6476,-0.6377,0.5,0.5,False,Inconnue,,
2010,2010-08-14 20:15:00,8,33,Landes de Gascogne,33090,Canéjan,44.7572,-0.659,0.4,0.4,False,Inconnue,,
2010,2010-08-17 13:08:00,8,33,Landes de Gascogne,33076,Budos,44.537,-0.4058,0.5,0.5,False,Involontaire (travaux),,
2010,2010-08-17 14:47:00,8,40,Landes de Gascogne,40167,Luxey,44.2382,-0.5061,1.9,1.13,False,Inconnue,,
2010,2010-08-17 14:52:00,8,40,Landes de Gascogne,40167,Luxey,44.2382,-0.5061,13.0,13.0,False,Inconnue,,
2010,2010-08-17 15:42:00,8,33,Landes de Gascogne,33541,Vensac,45.4039,-1.0821,0.08,0.08,False,Inconnue,,
2010,2010-08-17 15:53:00,8,40,Landes de Gascogne,40046,Biscarrosse,44.4077,-1.1525,0.001,0.001,False,Inconnue,,
2010,2010-08-17 17:14:00,8,40,Landes de Gascogne,40171,Mano,44.4288,-0.6703,0.001,0.001,False,Inconnue,,
2010,2010-08-17 17:52:00,8,40,Landes de Gascogne,40135,Labrit,44.1269,-0.5557,0.001,0.001,False,Inconnue,,
2010,2010-08-17 19:01:00,8,33,Landes de Gascogne,33412,Saint-Germain-d'Esteuil,45.2534,-0.8886,0.01,0.01,False,Inconnue,,
2010,2010-08-17 20:09:00,8,33,Landes de Gascogne,33095,Captieux,44.2621,-0.2981,0.2,0.2,False,Inconnue,,
2010,2010-08-19 16:44:00,8,33,Landes de Gascogne,33528,Le Temple,44.8662,-0.9609,3.0,3.0,False,Inconnue,,
2010,2010-08-20 16:52:00,8,33,Landes de Gascogne,33528,Le Temple,44.8662,-0.9609,0.001,0.001,False,Involontaire (travaux),,
2010,2010-08-20 18:19:00,8,33,Landes de Gascogne,33236,Lège-Cap-Ferret,44.7452,-1.174,0.003,0.003,False,Inconnue,,
2010,2010-08-20 20:41:00,8,33,Landes de Gascogne,33527,Le Teich,44.5805,-1.0234,0.02,0.02,False,Involontaire (particulier),,
2010,2010-08-21 15:15:00,8,33,Landes de Gascogne,33256,Ludon-Médoc,44.9814,-0.5903,0.003,0.003,False,Inconnue,,
2010,2010-08-21 15:48:00,8,40,Landes de Gascogne,40217,Parentis-en-Born,44.3527,-1.0879,0.5,0.1,False,Inconnue,,
2010,2010-08-21 23:46:00,8,33,Landes de Gascogne,33019,Audenge,44.7133,-0.9533,0.15,0.15,False,Inconnue,,
2010,2010-08-22 06:57:00,8,33,Landes de Gascogne,33273,Martignas-sur-Jalle,44.8451,-0.8006,0.02,0.02,False,Naturelle,,
2010,2010-08-22 07:07:00,8,33,Landes de Gascogne,33273,Martignas-sur-Jalle,44.8451,-0.8006,0.01,0.01,False,Inconnue,,
2010,2010-08-22 12:06:00,8,33,Landes de Gascogne,33449,Saint-Médard-en-Jalles,44.8861,-0.7823,0.05,0.05,False,Naturelle,,
2010,2010-08-22 12:51:00,8,33,Landes de Gascogne,33422,Saint-Jean-d'Illac,44.7973,-0.8156,0.07,0.07,False,Naturelle,,
2010,2010-08-22 14:47:00,8,33,Landes de Gascogne,33240,Lesparre-Médoc,45.2796,-0.9235,0.5,0.5,False,Inconnue,,
2010,2010-08-22 16:25:00,8,33,Landes de Gascogne,33233,Laruscade,45.1206,-0.3394,0.06,0.06,False,Inconnue,,
2010,2010-08-22 17:13:00,8,33,Landes de Gascogne,33406,Saint-Genès-de-Castillon,44.9008,-0.0628,0.03,0.03,False,Inconnue,,
2010,2010-08-22 21:07:00,8,40,Landes de Gascogne,40150,Léon,43.8474,-1.2768,0.002,0.002,False,Naturelle,,
2010,2010-08-22 22:55:00,8,33,Landes de Gascogne,33214,Lacanau,44.9879,-1.096,0.1,0.1,False,Inconnue,,
2010,2010-08-23 17:14:00,8,33,Landes de Gascogne,33019,Audenge,44.7133,-0.9533,0.2,0.2,False,Inconnue,,
2010,2010-08-23 23:35:00,8,40,Landes de Gascogne,40243,Rion-des-Landes,43.9318,-0.9436,0.05,0.05,False,Involontaire (particulier),,
2010,2010-08-24 14:10:00,8,06,Alpes-Maritimes,06050,Coursegoules,43.7898,7.0384,0.02,0.0,False,Inconnue,,
2010,2010-08-25 20:06:00,8,33,Landes de Gascogne,33506,Sauveterre-de-Guyenne,44.701,-0.0727,0.01,0.01,False,Inconnue,,
2010,2010-08-26 02:30:00,8,33,Landes de Gascogne,33019,Audenge,44.7133,-0.9533,0.05,0.05,False,Inconnue,,
2010,2010-08-26 04:49:00,8,33,Landes de Gascogne,33019,Audenge,44.7133,-0.9533,0.5,0.5,False,Malveillance,,
2010,2010-08-26 13:47:00,8,33,Landes de Gascogne,33414,Saint-Germain-de-la-Rivière,44.9442,-0.3292,0.2,0.2,False,Inconnue,,
2010,2010-08-26 15:04:00,8,33,Landes de Gascogne,33336,Préchac,44.3859,-0.3715,0.35,0.35,False,Inconnue,,
2010,2010-08-26 15:11:00,8,40,Landes de Gascogne,40137,Lacquy,43.9584,-0.2848,0.03,0.03,False,Inconnue,,
2010,2010-08-26 15:36:00,8,33,Landes de Gascogne,33187,Gironde-sur-Dropt,44.59,-0.0909,2.0,2.0,False,Inconnue,,
2010,2010-08-26 15:42:00,8,40,Landes de Gascogne,40075,Castets,43.8806,-1.1487,1.449,1.449,False,Malveillance,,
2010,2010-08-26 18:45:00,8,33,Landes de Gascogne,33183,Gauriaguet,45.0446,-0.3947,0.01,0.01,False,Inconnue,,
2010,2010-08-27 19:04:00,8,33,Landes de Gascogne,33068,Bourideys,44.3614,-0.4769,2.0,2.0,False,Inconnue,,
2010,2010-08-27 22:57:00,8,33,Landes de Gascogne,33484,Saint-Symphorien,44.4261,-0.5505,2.5,2.5,False,Inconnue,,
2010,2010-08-28 01:20:00,8,33,Landes de Gascogne,33236,Lège-Cap-Ferret,44.7452,-1.174,0.005,0.005,False,Inconnue,,
2010,2010-08-28 09:10:00,8,33,Landes de Gascogne,33529,La Teste-de-Buch,44.586,-1.1809,2.0,2.0,False,Inconnue,,
2010,2010-08-28 15:34:00,8,33,Landes de Gascogne,33336,Préchac,44.3859,-0.3715,1.05,1.05,False,Accidentelle,,
2010,2010-08-28 15:37:00,8,33,Landes de Gascogne,33336,Préchac,44.3859,-0.3715,0.03,0.03,False,Accidentelle,,
2010,2010-08-28 17:00:00,8,33,Landes de Gascogne,33529,La Teste-de-Buch,44.586,-1.1809,0.2,0.2,False,Inconnue,,
2010,2010-08-28 17:16:00,8,33,Landes de Gascogne,33042,Belin-Béliet,44.4959,-0.7989,0.25,0.05,False,Malveillance,,
2010,2010-08-28 18:34:00,8,33,Landes de Gascogne,33236,Lège-Cap-Ferret,44.7452,-1.174,0.01,0.01,False,Inconnue,,
2010,2010-08-29 03:12:00,8,06,Alpes-Maritimes,06141,Toudon,43.8857,7.1094,0.5,0.0,False,Accidentelle,,
2010,2010-08-29 14:02:00,8,33,Landes de Gascogne,33552,Virelade,44.6565,-0.3981,0.4,0.4,False,Inconnue,,
2010,2010-08-29 16:28:00,8,33,Landes de Gascogne,33318,Pessac,44.786,-0.681,0.1,0.1,False,Inconnue,,
2010,2010-08-29 16:59:00,8,33,Landes de Gascogne,33225,Landiras,44.5696,-0.4333,0.1,0.1,False,Inconnue,,
2010,2010-08-29 20:35:00,8,33,Landes de Gascogne,33122,Cestas,44.7274,-0.7349,0.008,0.008,False,Accidentelle,,
2010,2010-08-30 01:13:00,8,06,Alpes-Maritimes,06104,Roquebrune-Cap-Martin,43.7638,7.4576,0.04,0.0,False,Inconnue,,
2010,2010-08-30 03:05:00,8,33,Landes de Gascogne,33236,Lège-Cap-Ferret,44.7452,-1.174,0.02,0.02,False,Inconnue,,
2010,2010-08-30 14:48:00,8,33,Landes de Gascogne,33238,Léognan,44.7236,-0.6172,0.1,0.1,False,Inconnue,,
2010,2010-08-30 18:20:00,8,33,Landes de Gascogne,33345,Le Puy,44.6602,0.0632,0.05,0.025,False,Involontaire (particulier),,
2010,2010-08-30 20:20:00,8,33,Landes de Gascogne,33034,Bayas,45.0736,-0.2048,2.8,0.3,False,Inconnue,,
2010,2010-08-30 22:29:00,8,33,Landes de Gascogne,33529,La Teste-de-Buch,44.586,-1.1809,0.05,0.05,False,Inconnue,,
2010,2010-08-30 23:26:00,8,33,Landes de Gascogne,33529,La Teste-de-Buch,44.586,-1.1809,0.06,0.06,False,Inconnue,,
2010,2010-08-30 23:32:00,8,33,Landes de Gascogne,33529,La Teste-de-Buch,44.586,-1.1809,0.04,0.04,False,Inconnue,,
2010,2010-08-31 02:06:00,8,33,Landes de Gascogne,33529,La Teste-de-Buch,44.586,-1.1809,4.0,4.0,False,Inconnue,,
2010,2010-08-31 04:09:00,8,33,Landes de Gascogne,33199,Gujan-Mestras,44.5758,-1.0813,1.5,1.5,False,Inconnue,,
2010,2010-08-31 05:22:00,8,33,Landes de Gascogne,33545,Vertheuil,45.2543,-0.8476,0.001,0.001,False,Inconnue,,
2010,2010-08-31 07:36:00,8,33,Landes de Gascogne,33529,La Teste-de-Buch,44.586,-1.1809,2.0,2.0,False,Inconnue,,
2010,2010-08-31 15:01:00,8,33,Landes de Gascogne,33296,Mouliets-et-Villemartin,44.8311,-0.0223,0.3,0.3,False,Involontaire (travaux),,
2010,2010-08-31 15:56:00,8,33,Landes de Gascogne,33011,Arès,44.7997,-1.0837,0.1,0.1,False,Inconnue,,
2010,2010-08-31 16:13:00,8,33,Landes de Gascogne,33236,Lège-Cap-Ferret,44.7452,-1.174,0.03,0.03,False,Inconnue,,
2010,2010-09-01 00:00:00,9,33,Landes de Gascogne,33229,Lanton,44.7719,-0.9799,4.0,4.0,False,Inconnue,,
2010,2010-09-01 00:37:00,9,33,Landes de Gascogne,33527,Le Teich,44.5805,-1.0234,1.0,1.0,False,Inconnue,,
2010,2010-09-01 00:50:00,9,40,Landes de Gascogne,40217,Parentis-en-Born,44.3527,-1.0879,1.0,1.0,False,Inconnue,,
2010,2010-09-01 02:24:00,9,33,Landes de Gascogne,33029,Le Barp,44.6297,-0.7437,0.8,0.8,False,Accidentelle,,
2010,2010-09-01 02:37:00,9,33,Landes de Gascogne,33199,Gujan-Mestras,44.5758,-1.0813,0.4,0.4,False,Inconnue,,
2010,2010-09-01 04:28:00,9,33,Landes de Gascogne,33527,Le Teich,44.5805,-1.0234,1.0,1.0,False,Inconnue,,
2010,2010-09-01 11:11:00,9,33,Landes de Gascogne,33529,La Teste-de-Buch,44.586,-1.1809,0.5,0.5,False,Inconnue,,
2010,2010-09-01 12:01:00,9,40,Landes de Gascogne,40096,Estigarde,44.0431,-0.1165,6.5,4.0,False,Involontaire (travaux),,
2010,2010-09-01 13:39:00,9,33,Landes de Gascogne,33097,Carcans,45.0794,-1.0404,0.15,0.15,False,Inconnue,,
2010,2010-09-01 14:44:00,9,40,Landes de Gascogne,40331,Villeneuve-de-Marsan,43.9087,-0.3057,0.5,0.5,False,Inconnue,,
2010,2010-09-01 14:59:00,9,40,Landes de Gascogne,40168,Magescq,43.7753,-1.1841,0.162,0.16,False,Inconnue,,
2010,2010-09-01 16:40:00,9,33,Landes de Gascogne,33529,La Teste-de-Buch,44.586,-1.1809,6.0,6.0,False,Inconnue,,
2010,2010-09-01 17:01:00,9,33,Landes de Gascogne,33529,La Teste-de-Buch,44.586,-1.1809,0.05,0.05,False,Inconnue,,
2010,2010-09-01 17:18:00,9,33,Landes de Gascogne,33321,Peujard,45.0472,-0.4313,0.05,0.05,False,Inconnue,,
2010,2010-09-01 18:26:00,9,33,Landes de Gascogne,33314,Pauillac,45.1983,-0.755,0.01,0.01,False,Inconnue,,
2010,2010-09-01 23:19:00,9,33,Landes de Gascogne,33019,Audenge,44.7133,-0.9533,3.0,3.0,False,Inconnue,,
2010,2010-09-01 23:20:00,9,33,Landes de Gascogne,33527,Le Teich,44.5805,-1.0234,0.25,0.25,False,Inconnue,,
2010,2010-09-02 01:04:00,9,33,Landes de Gascogne,33229,Lanton,44.7719,-0.9799,0.15,0.15,False,Inconnue,,
2010,2010-09-02 03:00:00,9,33,Landes de Gascogne,33012,Arsac,44.9869,-0.7018,1.0,1.0,False,Accidentelle,,
2010,2010-09-02 04:32:00,9,33,Landes de Gascogne,33236,Lège-Cap-Ferret,44.7452,-1.174,0.2,0.2,False,Accidentelle,,
2010,2010-09-02 11:46:00,9,40,Landes de Gascogne,40046,Biscarrosse,44.4077,-1.1525,0.03,0.03,False,Involontaire (travaux),,
2010,2010-09-02 15:17:00,9,33,Landes de Gascogne,33218,Lagorce,45.0813,-0.1606,4.0,4.0,False,Inconnue,,
2010,2010-09-02 15:20:00,9,33,Landes de Gascogne,33101,Cartelègue,45.1882,-0.5732,0.2,0.2,False,Accidentelle,,
2010,2010-09-02 16:29:00,9,33,Landes de Gascogne,33393,Saint-Denis-de-Pile,44.9893,-0.1833,0.7,0.7,False,Inconnue,,
2010,2010-09-03 09:54:00,9,33,Landes de Gascogne,33449,Saint-Médard-en-Jalles,44.8861,-0.7823,0.02,0.02,False,Inconnue,,
2010,2010-09-03 14:04:00,9,40,Landes de Gascogne,40287,Sanguinet,44.4776,-1.0903,170.8,135.69,True,Inconnue,,
2010,2010-09-03 14:29:00,9,33,Landes de Gascogne,33019,Audenge,44.7133,-0.9533,0.5,0.5,False,Inconnue,,
2010,2010-09-03 14:50:00,9,40,Landes de Gascogne,40333,Ygos-Saint-Saturnin,43.9934,-0.7297,0.69,0.1,False,Involontaire (particulier),,
2010,2010-09-03 15:44:00,9,33,Landes de Gascogne,33529,La Teste-de-Buch,44.586,-1.1809,0.01,0.01,False,Involontaire (travaux),,
2010,2010-09-03 17:19:00,9,33,Landes de Gascogne,33218,Lagorce,45.0813,-0.1606,0.03,0.03,False,Inconnue,,
2010,2010-09-03 23:36:00,9,33,Landes de Gascogne,33122,Cestas,44.7274,-0.7349,0.03,0.03,False,Accidentelle,,
2010,2010-09-04 08:35:00,9,33,Landes de Gascogne,33185,Génissac,44.8614,-0.2496,0.01,0.01,False,Involontaire (particulier),,
2010,2010-09-04 09:12:00,9,40,Landes de Gascogne,40137,Lacquy,43.9584,-0.2848,0.003,0.003,False,Inconnue,,
2010,2010-09-04 12:16:00,9,33,Landes de Gascogne,33084,Cambes,44.7408,-0.4644,0.005,0.005,False,Involontaire (particulier),,
2010,2010-09-04 15:21:00,9,33,Landes de Gascogne,33012,Arsac,44.9869,-0.7018,0.1,0.1,False,Inconnue,,
2010,2010-09-04 15:25:00,9,40,Landes de Gascogne,40134,Labouheyre,44.2243,-0.9107,0.03,0.03,False,Malveillance,,
2010,2010-09-04 18:16:00,9,33,Landes de Gascogne,33318,Pessac,44.786,-0.681,0.2,0.2,False,Inconnue,,
2010,2010-09-04 21:00:00,9,40,Landes de Gascogne,40139,Laglorieuse,43.8632,-0.3957,0.005,0.005,False,Inconnue,,
2010,2010-09-04 21:04:00,9,33,Landes de Gascogne,33214,Lacanau,44.9879,-1.096,0.001,0.001,False,Inconnue,,
2010,2010-09-04 21:49:00,9,40,Landes de Gascogne,40101,Gaas,43.6103,-1.042,0.1,0.1,False,Inconnue,,
2010,2010-09-04 22:09:00,9,33,Landes de Gascogne,33422,Saint-Jean-d'Illac,44.7973,-0.8156,0.3,0.3,False,Accidentelle,,
2010,2010-09-05 08:30:00,9,40,Landes de Gascogne,40287,Sanguinet,44.4776,-1.0903,0.05,0.05,False,Inconnue,,
2010,2010-09-05 11:15:00,9,33,Landes de Gascogne,33214,Lacanau,44.9879,-1.096,0.01,0.01,False,Inconnue,,
2010,2010-09-05 12:37:00,9,33,Landes de Gascogne,33478,Saint-Seurin-sur-l'Isle,45.0093,-0.004,0.001,0.001,False,Involontaire (particulier),,
2010,2010-09-05 13:04:00,9,33,Landes de Gascogne,33214,Lacanau,44.9879,-1.096,0.0015,0.0015,False,Inconnue,,
2010,2010-09-05 13:31:00,9,40,Landes de Gascogne,40046,Biscarrosse,44.4077,-1.1525,0.25,0.25,False,Inconnue,,
2010,2010-09-05 13:39:00,9,06,Alpes-Maritimes,06058,Escragnolles,43.7236,6.7758,2.3177,0.0,False,Malveillance,,
2010,2010-09-05 15:22:00,9,33,Landes de Gascogne,33233,Laruscade,45.1206,-0.3394,1.0,1.0,False,Inconnue,,
2010,2010-09-05 16:45:00,9,33,Landes de Gascogne,33422,Saint-Jean-d'Illac,44.7973,-0.8156,0.16,0.16,False,Involontaire (travaux),,
2010,2010-09-06 11:55:00,9,33,Landes de Gascogne,33005,Andernos-les-Bains,44.7529,-1.082,0.25,0.2,False,Involontaire (particulier),,
2010,2010-09-06 22:43:00,9,33,Landes de Gascogne,33529,La Teste-de-Buch,44.586,-1.1809,0.01,0.01,False,Inconnue,,
2010,2010-09-07 15:02:00,9,40,Landes de Gascogne,40333,Ygos-Saint-Saturnin,43.9934,-0.7297,0.405,0.405,False,Naturelle,,
2010,2010-09-11 13:43:00,9,40,Landes de Gascogne,40323,Vert,44.0955,-0.6138,0.14,0.14,False,Involontaire (travaux),,
2010,2010-09-11 14:48:00,9,33,Landes de Gascogne,33023,Ayguemorte-les-Graves,44.7027,-0.4857,0.06,0.06,False,Involontaire (particulier),,
2010,2010-09-11 17:18:00,9,40,Landes de Gascogne,40105,Garein,44.0521,-0.6514,0.1,0.1,False,Inconnue,,
2010,2010-09-11 18:54:00,9,33,Landes de Gascogne,33341,Pugnac,45.0825,-0.5003,0.2,0.2,False,Inconnue,,
2010,2010-09-12 15:19:00,9,33,Landes de Gascogne,33527,Le Teich,44.5805,-1.0234,0.5,0.5,False,Accidentelle,,
2010,2010-09-12 15:28:00,9,33,Landes de Gascogne,33429,Saint-Léger-de-Balson,44.43,-0.4416,0.8,0.8,False,Inconnue,,
2010,2010-09-13 13:03:00,9,33,Landes de Gascogne,33437,Saint-Magne-de-Castillon,44.8542,-0.0716,0.005,0.005,False,Inconnue,,
2010,2010-09-14 11:26:00,9,33,Landes de Gascogne,33537,Uzeste,44.4304,-0.3269,4.0,4.0,False,Inconnue,,
2010,2010-09-14 12:35:00,9,40,Landes de Gascogne,40108,Gastes,44.3117,-1.1996,0.105,0.1,False,Accidentelle,,
2010,2010-09-14 15:23:00,9,33,Landes de Gascogne,33529,La Teste-de-Buch,44.586,-1.1809,0.01,0.01,False,Inconnue,,
2010,2010-09-14 15:49:00,9,33,Landes de Gascogne,33285,Mombrier,45.0778,-0.5471,0.05,0.05,False,Involontaire (particulier),,
2010,2010-09-15 15:09:00,9,33,Landes de Gascogne,33393,Saint-Denis-de-Pile,44.9893,-0.1833,0.25,0.25,False,Inconnue,,
2010,2010-09-15 16:15:00,9,40,Landes de Gascogne,40067,Carcen-Ponson,43.8668,-0.8182,0.15,0.15,False,Accidentelle,,
2010,2010-09-15 16:42:00,9,40,Landes de Gascogne,40163,Lüe,44.2337,-0.9858,1.5,1.5,False,Involontaire (travaux),,
2010,2010-09-17 22:26:00,9,33,Landes de Gascogne,33213,La Brède,44.6777,-0.5396,0.2,0.2,False,Inconnue,,
2010,2010-09-18 00:25:00,9,33,Landes de Gascogne,33452,Saint-Michel-de-Rieufret,44.6273,-0.4453,0.1,0.1,False,Inconnue,,
2010,2010-09-18 18:17:00,9,40,Landes de Gascogne,40063,Candresse,43.7108,-0.9775,0.1,0.1,False,Malveillance,,
2010,2010-09-18 18:49:00,9,33,Landes de Gascogne,33527,Le Teich,44.5805,-1.0234,0.5,0.5,False,Accidentelle,,
2010,2010-09-18 21:45:00,9,33,Landes de Gascogne,33389,Saint-Ciers-sur-Gironde,45.2947,-0.6648,0.05,0.05,False,Inconnue,,
2010,2010-09-20 16:12:00,9,06,Alpes-Maritimes,06075,Levens,43.8501,7.2358,1.2894,0.0,False,Malveillance,,
2010,2010-09-20 17:58:00,9,40,Landes de Gascogne,40266,Saint-Julien-en-Born,44.0854,-1.2551,0.02,0.02,False,Involontaire (travaux),,
2010,2010-09-20 23:11:00,9,33,Landes de Gascogne,33529,La Teste-de-Buch,44.586,-1.1809,1.5,1.5,False,Inconnue,,
2010,2010-09-21 00:59:00,9,33,Landes de Gascogne,33529,La Teste-de-Buch,44.586,-1.1809,0.03,0.03,False,Inconnue,,
2010,2010-09-21 09:31:00,9,33,Landes de Gascogne,33387,Saint-Ciers-d'Abzac,45.0343,-0.2907,0.01,0.01,False,Inconnue,,
2010,2010-09-21 14:56:00,9,40,Landes de Gascogne,40246,Sabres,44.1532,-0.7332,0.1,0.1,False,Involontaire (travaux),,
2010,2010-09-22 15:36:00,9,33,Landes de Gascogne,33014,Les Artigues-de-Lussac,44.9735,-0.1427,0.3,0.3,False,Inconnue,,
2010,2010-09-23 05:29:00,9,33,Landes de Gascogne,33068,Bourideys,44.3614,-0.4769,2.0,2.0,False,Inconnue,,
2010,2010-09-23 08:33:00,9,33,Landes de Gascogne,33529,La Teste-de-Buch,44.586,-1.1809,1.5,1.5,False,Inconnue,,
2010,2010-09-23 09:20:00,9,33,Landes de Gascogne,33122,Cestas,44.7274,-0.7349,0.004,0.004,False,Naturelle,,
2010,2010-09-23 10:58:00,9,33,Landes de Gascogne,33322,Le Pian-Médoc,44.9555,-0.6737,0.5,0.5,False,Inconnue,,
2010,2010-09-23 14:06:00,9,33,Landes de Gascogne,33229,Lanton,44.7719,-0.9799,0.002,0.002,False,Inconnue,,
2010,2010-09-23 15:15:00,9,40,Landes de Gascogne,40307,Sore,44.3073,-0.6021,0.2,0.2,False,Naturelle,,
2010,2010-09-23 16:00:00,9,33,Landes de Gascogne,33284,Mios,44.6105,-0.8913,0.002,0.002,False,Inconnue,,
2010,2010-09-23 16:40:00,9,33,Landes de Gascogne,33422,Saint-Jean-d'Illac,44.7973,-0.8156,0.07,0.07,False,Naturelle,,
2010,2010-09-26 14:12:00,9,33,Landes de Gascogne,33281,Mérignac,44.8313,-0.682,1.0,0.7,False,Inconnue,,
2010,2010-09-26 17:11:00,9,33,Landes de Gascogne,33540,Vendays-Montalivet,45.3378,-1.0953,0.02,0.02,False,Inconnue,,
2010,2010-09-27 09:24:00,9,33,Landes de Gascogne,33229,Lanton,44.7719,-0.9799,0.002,0.002,False,Inconnue,,
2010,2010-09-28 03:11:00,9,33,Landes de Gascogne,33503,Saumos,44.9119,-1.0029,0.4,0.4,False,Accidentelle,,
2010,2010-09-28 16:17:00,9,33,Landes de Gascogne,33498,Salles,44.536,-0.8899,0.05,0.05,False,Inconnue,,
2010,2010-09-28 16:22:00,9,40,Landes de Gascogne,40266,Saint-Julien-en-Born,44.0854,-1.2551,1.0,1.0,False,Involontaire (travaux),,
2010,2010-09-29 18:35:00,9,33,Landes de Gascogne,33122,Cestas,44.7274,-0.7349,0.01,0.01,False,Inconnue,,
2010,2010-09-29 21:50:00,9,33,Landes de Gascogne,33484,Saint-Symphorien,44.4261,-0.5505,0.5,0.5,False,Involontaire (travaux),,
2010,2010-09-30 18:02:00,9,06,Alpes-Maritimes,06158,Villars-sur-Var,43.9564,7.076,0.08,0.0,False,Inconnue,,
2010,2010-10-01 15:21:00,10,06,Alpes-Maritimes,06126,Saint-Martin-du-Var,43.8168,7.2012,0.15,0.0,False,Involontaire (travaux),,
2010,2010-10-02 09:21:00,10,33,Landes de Gascogne,33202,Hostens,44.4834,-0.6616,0.01,0.01,False,Inconnue,,
2010,2010-10-02 14:50:00,10,06,Alpes-Maritimes,06075,Levens,43.8501,7.2358,0.3,0.0,False,Involontaire (particulier),,
2010,2010-10-02 17:02:00,10,33,Landes de Gascogne,33318,Pessac,44.786,-0.681,0.1,0.1,False,Inconnue,,
2010,2010-10-02 18:16:00,10,33,Landes de Gascogne,33555,Marcheprime,44.7033,-0.8557,0.05,0.025,False,Inconnue,,
2010,2010-10-08 15:38:00,10,33,Landes de Gascogne,33436,Saint-Magne,44.559,-0.6623,0.001,0.001,False,Involontaire (travaux),,
2010,2010-10-09 12:26:00,10,33,Landes de Gascogne,33259,Lugon-et-l'Île-du-Carnay,44.9546,-0.3586,0.015,0.015,False,Involontaire (particulier),,
2010,2010-10-09 13:05:00,10,33,Landes de Gascogne,33218,Lagorce,45.0813,-0.1606,0.001,0.001,False,Involontaire (particulier),,
2010,2010-10-09 13:59:00,10,33,Landes de Gascogne,33222,Lalande-de-Pomerol,44.9552,-0.2036,0.005,0.005,False,Involontaire (particulier),,
2010,2010-10-09 14:33:00,10,33,Landes de Gascogne,33393,Saint-Denis-de-Pile,44.9893,-0.1833,4.0,1.0,False,Inconnue,,
2010,2010-10-12 11:31:00,10,33,Landes de Gascogne,33213,La Brède,44.6777,-0.5396,0.01,0.01,False,Accidentelle,,
2010,2010-10-13 10:28:00,10,33,Landes de Gascogne,33203,Hourtin,45.1831,-1.0534,0.002,0.002,False,Inconnue,,
2010,2010-10-19 18:54:00,10,33,Landes de Gascogne,33097,Carcans,45.0794,-1.0404,0.1,0.1,False,Inconnue,,
2010,2010-10-20 15:57:00,10,40,Landes de Gascogne,40181,Messanges,43.8086,-1.3629,0.0001,0.0001,False,Malveillance,,
2010,2010-10-21 12:27:00,10,06,Alpes-Maritimes,06147,Tourrette-Levens,43.7882,7.275,0.15,0.0,False,Naturelle,,
2010,2010-10-22 14:40:00,10,33,Landes de Gascogne,33019,Audenge,44.7133,-0.9533,0.25,0.25,False,Malveillance,,
2010,2010-10-27 14:22:00,10,40,Landes de Gascogne,40021,Azur,43.7996,-1.2919,0.001,0.001,False,Involontaire (particulier),,
2010,2010-10-31 12:41:00,10,40,Landes de Gascogne,40070,Castandet,43.8127,-0.3582,0.01,0.01,False,Involontaire (particulier),,
2010,2010-11-13 14:10:00,11,06,Alpes-Maritimes,06120,Saint-Étienne-de-Tinée,44.2597,6.9252,0.035,0.0,False,Involontaire (particulier),,
2011,2011-01-08 08:48:00,1,40,Landes de Gascogne,40113,Goos,43.7316,-0.9182,0.2,0.2,False,Involontaire (particulier),,
2011,2011-01-17 16:00:00,1,40,Landes de Gascogne,40310,Soustons,43.754,-1.3305,0.02,0.02,False,Involontaire (travaux),,
2011,2011-01-18 14:22:00,1,06,Alpes-Maritimes,06050,Coursegoules,43.7898,7.0384,0.9,0.0,False,Inconnue,,
2011,2011-01-24 11:31:00,1,06,Alpes-Maritimes,06162,La Brigue,44.0897,7.6496,35.1148,10.0,False,Malveillance,,
2011,2011-01-24 14:56:00,1,40,Landes de Gascogne,40246,Sabres,44.1532,-0.7332,1.602,1.602,False,Inconnue,,
2011,2011-01-25 12:36:00,1,06,Alpes-Maritimes,06050,Coursegoules,43.7898,7.0384,14.5909,0.0,False,Inconnue,,
2011,2011-01-26 13:25:00,1,33,Landes de Gascogne,33090,Canéjan,44.7572,-0.659,0.003,0.003,False,Malveillance,,
2011,2011-01-27 22:54:00,1,06,Alpes-Maritimes,06023,Breil-sur-Roya,43.9379,7.4996,1.0,1.0,False,Inconnue,,
2011,2011-01-28 14:27:00,1,06,Alpes-Maritimes,06053,Daluis,44.0426,6.8045,0.5,0.0,False,Involontaire (particulier),,
2011,2011-01-28 15:18:00,1,06,Alpes-Maritimes,06050,Coursegoules,43.7898,7.0384,0.03,0.0,False,Malveillance,,
2011,2011-01-28 16:49:00,1,33,Landes de Gascogne,33188,Giscos,44.2625,-0.1747,0.5,0.5,False,Involontaire (particulier),,
2011,2011-02-05 13:00:00,2,06,Alpes-Maritimes,06058,Escragnolles,43.7236,6.7758,0.04,0.0,False,Involontaire (particulier),,
2011,2011-02-05 15:37:00,2,06,Alpes-Maritimes,06132,Saorge,43.9935,7.5403,0.5,0.0,False,Involontaire (particulier),,
2011,2011-02-06 11:48:00,2,06,Alpes-Maritimes,06023,Breil-sur-Roya,43.9379,7.4996,90.4382,0.0,False,Involontaire (particulier),,
2011,2011-02-06 15:05:00,2,06,Alpes-Maritimes,06162,La Brigue,44.0897,7.6496,0.6,0.0,False,Involontaire (particulier),,
2011,2011-02-07 11:37:00,2,06,Alpes-Maritimes,06127,Saint-Martin-Vésubie,44.0944,7.307,0.4,0.0,False,Inconnue,,
2011,2011-02-07 12:37:00,2,06,Alpes-Maritimes,06013,Belvédère,44.0615,7.3612,0.09,0.0,False,Involontaire (travaux),,
2011,2011-02-07 13:13:00,2,06,Alpes-Maritimes,06151,Utelle,43.9392,7.2458,0.2,0.0,False,Inconnue,,
2011,2011-02-08 13:34:00,2,06,Alpes-Maritimes,06073,Isola,44.1903,7.0835,70.5555,39.0,False,Involontaire (particulier),,
2011,2011-02-08 16:09:00,2,06,Alpes-Maritimes,06050,Coursegoules,43.7898,7.0384,2.3993,0.0,False,Inconnue,,
2011,2011-02-09 11:55:00,2,06,Alpes-Maritimes,06120,Saint-Étienne-de-Tinée,44.2597,6.9252,0.8,0.0,False,Involontaire (particulier),,
2011,2011-02-09 13:56:00,2,40,Landes de Gascogne,40017,Audignon,43.7242,-0.5935,0.15,0.15,False,Involontaire (travaux),,
2011,2011-02-10 03:44:00,2,40,Landes de Gascogne,40284,Saint-Vincent-de-Tyrosse,43.663,-1.3013,0.02,0.02,False,Inconnue,,
2011,2011-02-10 13:30:00,2,33,Landes de Gascogne,33255,Lucmau,44.2955,-0.3364,0.5,0.5,False,Accidentelle,,
2011,2011-02-10 17:15:00,2,33,Landes de Gascogne,33336,Préchac,44.3859,-0.3715,0.05,0.05,False,Inconnue,,
2011,2011-02-11 14:28:00,2,40,Landes de Gascogne,40172,Mant,43.5931,-0.5027,0.5,0.5,False,Inconnue,,
2011,2011-02-11 15:46:00,2,33,Landes de Gascogne,33417,Sainte-Hélène,44.9653,-0.9071,0.57,0.57,False,Inconnue,,
2011,2011-02-11 17:01:00,2,40,Landes de Gascogne,40036,Bénesse-Maremne,43.634,-1.3679,0.03,0.03,False,Accidentelle,,
2011,2011-02-18 14:26:00,2,33,Landes de Gascogne,33122,Cestas,44.7274,-0.7349,0.03,0.03,False,Inconnue,,
2011,2011-02-18 16:19:00,2,33,Landes de Gascogne,33457,Saint-Pardon-de-Conques,44.5501,-0.1898,1.0,1.0,False,Involontaire (particulier),,
2011,2011-03-02 15:56:00,3,33,Landes de Gascogne,33333,Le Porge,44.8649,-1.1351,1.0,1.0,False,Accidentelle,,
2011,2011-03-03 14:26:00,3,33,Landes de Gascogne,33229,Lanton,44.7719,-0.9799,1.5,1.5,False,Accidentelle,,
2011,2011-03-04 14:44:00,3,06,Alpes-Maritimes,06106,Roquestéron,43.8696,7.0232,0.3,0.0,False,Involontaire (particulier),,
2011,2011-03-05 11:38:00,3,06,Alpes-Maritimes,06141,Toudon,43.8857,7.1094,6.3117,2.0,False,Involontaire (travaux),,
2011,2011-03-05 15:12:00,3,33,Landes de Gascogne,33251,Louchats,44.5104,-0.5691,0.15,0.15,False,Accidentelle,,
2011,2011-03-06 12:34:00,3,33,Landes de Gascogne,33165,Fargues-Saint-Hilaire,44.8202,-0.4399,0.3,0.3,False,Involontaire (travaux),,
2011,2011-03-06 14:43:00,3,06,Alpes-Maritimes,06050,Coursegoules,43.7898,7.0384,0.58,0.0,False,Inconnue,,
2011,2011-03-06 16:27:00,3,33,Landes de Gascogne,33478,Saint-Seurin-sur-l'Isle,45.0093,-0.004,0.25,0.25,False,Inconnue,,
2011,2011-03-08 12:26:00,3,33,Landes de Gascogne,33203,Hourtin,45.1831,-1.0534,0.25,0.25,False,Involontaire (particulier),,
2011,2011-03-08 15:19:00,3,06,Alpes-Maritimes,06013,Belvédère,44.0615,7.3612,5.6885,0.0,False,Inconnue,,
2011,2011-03-08 16:02:00,3,40,Landes de Gascogne,40155,Linxe,43.9287,-1.2195,0.012,0.012,False,Involontaire (particulier),,
2011,2011-03-08 16:05:00,3,33,Landes de Gascogne,33223,Landerrouat,44.7422,0.1608,2.0,2.0,False,Involontaire (particulier),,
2011,2011-03-09 12:28:00,3,40,Landes de Gascogne,40158,Losse,44.0948,-0.0933,0.02,0.02,False,Involontaire (particulier),,
2011,2011-03-09 12:29:00,3,40,Landes de Gascogne,40333,Ygos-Saint-Saturnin,43.9934,-0.7297,3.64,0.64,False,Involontaire (travaux),,
2011,2011-03-09 18:33:00,3,33,Landes de Gascogne,33090,Canéjan,44.7572,-0.659,1.0,1.0,False,Inconnue,,
2011,2011-03-10 16:21:00,3,33,Landes de Gascogne,33281,Mérignac,44.8313,-0.682,0.01,0.01,False,Involontaire (particulier),,
2011,2011-03-11 20:24:00,3,06,Alpes-Maritimes,06017,Bézaudun-les-Alpes,43.8026,7.0908,1.0405,0.0,False,Inconnue,,
2011,2011-03-12 16:25:00,3,33,Landes de Gascogne,33021,Auros,44.5117,-0.159,3.0,3.0,False,Inconnue,,
2011,2011-03-12 20:49:00,3,33,Landes de Gascogne,33115,Cazalis,44.3304,-0.3875,3.0,3.0,False,Accidentelle,,
2011,2011-03-14 12:48:00,3,33,Landes de Gascogne,33534,Le Tourne,44.7182,-0.3974,0.03,0.03,False,Involontaire (particulier),,
2011,2011-03-15 11:39:00,3,33,Landes de Gascogne,33526,Tayac,44.9608,-0.0249,0.402,0.2,False,Inconnue,,
2011,2011-03-16 21:56:00,3,33,Landes de Gascogne,33541,Vensac,45.4039,-1.0821,0.0015,0.0015,False,Inconnue,,
2011,2011-03-19 16:19:00,3,33,Landes de Gascogne,33436,Saint-Magne,44.559,-0.6623,1.0,1.0,False,Inconnue,,
2011,2011-03-19 16:45:00,3,33,Landes de Gascogne,33318,Pessac,44.786,-0.681,0.001,0.001,False,Inconnue,,
2011,2011-03-20 13:30:00,3,33,Landes de Gascogne,33108,Castillon-la-Bataille,44.8622,-0.0244,0.0015,0.0015,False,Inconnue,,
2011,2011-03-20 18:53:00,3,33,Landes de Gascogne,33213,La Brède,44.6777,-0.5396,0.002,0.002,False,Inconnue,,
2011,2011-03-21 10:25:00,3,33,Landes de Gascogne,33240,Lesparre-Médoc,45.2796,-0.9235,0.1,0.1,False,Involontaire (travaux),,
2011,2011-03-22 11:04:00,3,40,Landes de Gascogne,40261,Saint-Geours-de-Maremne,43.6854,-1.2348,0.01,0.01,False,Involontaire (travaux),,
2011,2011-03-22 12:07:00,3,33,Landes de Gascogne,33456,Saint-Palais,45.3078,-0.6007,0.3,0.3,False,Accidentelle,,
2011,2011-03-22 13:56:00,3,33,Landes de Gascogne,33307,Noaillan,44.4812,-0.3698,0.3,0.3,False,Accidentelle,,
2011,2011-03-22 14:57:00,3,33,Landes de Gascogne,33218,Lagorce,45.0813,-0.1606,0.3,0.3,False,Involontaire (particulier),,
2011,2011-03-22 16:43:00,3,33,Landes de Gascogne,33192,Gradignan,44.7681,-0.6163,0.02,0.02,False,Inconnue,,
2011,2011-03-22 17:23:00,3,33,Landes de Gascogne,33505,La Sauve,44.7643,-0.316,2.0,0.8,False,Involontaire (travaux),,
2011,2011-03-22 17:50:00,3,40,Landes de Gascogne,40197,Morcenx-la-Nouvelle,44.0318,-0.9147,3.08,3.0,False,Involontaire (particulier),,
2011,2011-03-22 19:14:00,3,33,Landes de Gascogne,33095,Captieux,44.2621,-0.2981,0.02,0.02,False,Inconnue,,
2011,2011-03-23 14:13:00,3,33,Landes de Gascogne,33284,Mios,44.6105,-0.8913,2.0,2.0,False,Involontaire (particulier),,
2011,2011-03-23 15:33:00,3,33,Landes de Gascogne,33491,Saint-Vivien-de-Monségur,44.6167,0.1208,2.0,2.0,False,Involontaire (particulier),,
2011,2011-03-23 15:42:00,3,33,Landes de Gascogne,33496,Sallebœuf,44.8423,-0.392,3.0,3.0,False,Involontaire (particulier),,
2011,2011-03-23 15:46:00,3,33,Landes de Gascogne,33164,Fargues,44.5362,-0.2926,1.0,1.0,False,Inconnue,,
2011,2011-03-23 16:28:00,3,33,Landes de Gascogne,33555,Marcheprime,44.7033,-0.8557,0.3,0.3,False,Inconnue,,
2011,2011-03-23 16:53:00,3,40,Landes de Gascogne,40281,Saint-Pierre-du-Mont,43.8725,-0.52,0.25,0.25,False,Involontaire (particulier),,
2011,2011-03-23 17:41:00,3,33,Landes de Gascogne,33498,Salles,44.536,-0.8899,0.1,0.1,False,Inconnue,,
2011,2011-03-23 19:17:00,3,33,Landes de Gascogne,33117,Cazaugitat,44.7125,0.01,0.5,0.5,False,Involontaire (particulier),,
2011,2011-03-24 16:42:00,3,33,Landes de Gascogne,33314,Pauillac,45.1983,-0.755,0.0015,0.0015,False,Inconnue,,
2011,2011-03-24 17:11:00,3,33,Landes de Gascogne,33177,Gaillan-en-Médoc,45.3135,-0.9946,0.08,0.08,False,Involontaire (particulier),,
2011,2011-03-24 18:42:00,3,40,Landes de Gascogne,40287,Sanguinet,44.4776,-1.0903,1.374,1.374,False,Involontaire (travaux),,
2011,2011-03-26 13:46:00,3,33,Landes de Gascogne,33244,Lignan-de-Bazas,44.433,-0.2745,0.01,0.01,False,Inconnue,,
2011,2011-03-26 14:47:00,3,33,Landes de Gascogne,33555,Marcheprime,44.7033,-0.8557,0.02,0.02,False,Involontaire (particulier),,
2011,2011-03-26 15:22:00,3,40,Landes de Gascogne,40192,Mont-de-Marsan,43.8931,-0.5009,0.2,0.2,False,Inconnue,,
2011,2011-03-26 16:44:00,3,33,Landes de Gascogne,33122,Cestas,44.7274,-0.7349,0.04,0.04,False,Inconnue,,
2011,2011-03-26 17:40:00,3,33,Landes de Gascogne,33122,Cestas,44.7274,-0.7349,0.4,0.4,False,Inconnue,,
2011,2011-03-26 18:34:00,3,33,Landes de Gascogne,33051,Biganos,44.6599,-0.9582,0.03,0.03,False,Inconnue,,
2011,2011-03-27 15:19:00,3,40,Landes de Gascogne,40021,Azur,43.7996,-1.2919,0.3,0.3,False,Malveillance,,
2011,2011-04-01 16:20:00,4,06,Alpes-Maritimes,06094,Péone,44.1333,6.925,0.2,0.0,False,Involontaire (particulier),,
2011,2011-04-01 16:48:00,4,40,Landes de Gascogne,40030,Baudignan,44.0913,0.0404,0.7,0.7,False,Accidentelle,,
2011,2011-04-01 17:34:00,4,40,Landes de Gascogne,40287,Sanguinet,44.4776,-1.0903,0.84,0.84,False,Inconnue,,
2011,2011-04-02 13:18:00,4,33,Landes de Gascogne,33529,La Teste-de-Buch,44.586,-1.1809,0.006,0.006,False,Inconnue,,
2011,2011-04-05 19:55:00,4,06,Alpes-Maritimes,06074,Lantosque,43.9787,7.3121,1.7703,0.0,False,Inconnue,,
2011,2011-04-06 15:34:00,4,33,Landes de Gascogne,33199,Gujan-Mestras,44.5758,-1.0813,0.2,0.2,False,Inconnue,,
2011,2011-04-06 16:08:00,4,33,Landes de Gascogne,33452,Saint-Michel-de-Rieufret,44.6273,-0.4453,3.5,3.5,False,Inconnue,,
2011,2011-04-06 16:27:00,4,33,Landes de Gascogne,33214,Lacanau,44.9879,-1.096,0.002,0.002,False,Malveillance,,
2011,2011-04-06 17:04:00,4,33,Landes de Gascogne,33199,Gujan-Mestras,44.5758,-1.0813,1.0,1.0,False,Inconnue,,
2011,2011-04-06 22:21:00,4,33,Landes de Gascogne,33122,Cestas,44.7274,-0.7349,0.4,0.4,False,Accidentelle,,
2011,2011-04-07 14:30:00,4,40,Landes de Gascogne,40009,Arjuzanx,,,1.0,1.0,False,Inconnue,,
2011,2011-04-07 14:53:00,4,40,Landes de Gascogne,40266,Saint-Julien-en-Born,44.0854,-1.2551,1.3,1.0,False,Involontaire (travaux),,
2011,2011-04-07 16:13:00,4,40,Landes de Gascogne,40217,Parentis-en-Born,44.3527,-1.0879,0.35,0.35,False,Involontaire (particulier),,
2011,2011-04-07 17:39:00,4,33,Landes de Gascogne,33523,Targon,44.7375,-0.2691,0.2,0.2,False,Inconnue,,
2011,2011-04-07 22:00:00,4,40,Landes de Gascogne,40046,Biscarrosse,44.4077,-1.1525,0.03,0.03,False,Accidentelle,,
2011,2011-04-09 12:03:00,4,33,Landes de Gascogne,33326,Pleine-Selve,45.3277,-0.5819,0.2,0.2,False,Inconnue,,
2011,2011-04-09 14:02:00,4,33,Landes de Gascogne,33051,Biganos,44.6599,-0.9582,0.25,0.25,False,Inconnue,,
2011,2011-04-09 14:26:00,4,40,Landes de Gascogne,40052,Bourdalat,43.8321,-0.2191,0.9,0.9,False,Inconnue,,
2011,2011-04-09 17:11:00,4,33,Landes de Gascogne,33472,Saint-Sauveur-de-Puynormand,44.9958,-0.0308,0.025,0.025,False,Inconnue,,
2011,2011-04-10 14:10:00,4,33,Landes de Gascogne,33164,Fargues,44.5362,-0.2926,0.025,0.025,False,Inconnue,,
2011,2011-04-10 19:07:00,4,33,Landes de Gascogne,33472,Saint-Sauveur-de-Puynormand,44.9958,-0.0308,0.15,0.15,False,Inconnue,,
2011,2011-04-11 14:25:00,4,06,Alpes-Maritimes,06127,Saint-Martin-Vésubie,44.0944,7.307,0.04,0.0,False,Inconnue,,
2011,2011-04-11 18:40:00,4,33,Landes de Gascogne,33112,Caumont,44.6956,-0.0118,1.0,1.0,False,Involontaire (travaux),,
2011,2011-04-12 15:01:00,4,33,Landes de Gascogne,33273,Martignas-sur-Jalle,44.8451,-0.8006,1.0,1.0,False,Inconnue,,
2011,2011-04-13 13:09:00,4,06,Alpes-Maritimes,06162,La Brigue,44.0897,7.6496,4.6684,3.1684,False,Involontaire (particulier),,
2011,2011-04-13 14:04:00,4,40,Landes de Gascogne,40296,Seignosse,43.7055,-1.3939,0.3,0.3,False,Malveillance,,
2011,2011-04-13 15:39:00,4,33,Landes de Gascogne,33474,Saint-Selve,44.6574,-0.4726,4.0,4.0,False,Inconnue,,
2011,2011-04-13 15:46:00,4,06,Alpes-Maritimes,06063,Gars,43.8612,6.8202,0.05,0.0,False,Involontaire (particulier),,
2011,2011-04-13 18:21:00,4,40,Landes de Gascogne,40037,Benquet,43.8207,-0.5069,0.05,0.05,False,Inconnue,,
2011,2011-04-14 15:20:00,4,33,Landes de Gascogne,33214,Lacanau,44.9879,-1.096,0.0009,0.0009,False,Accidentelle,,
2011,2011-04-14 15:52:00,4,06,Alpes-Maritimes,06048,Contes,43.8133,7.3263,0.2,0.0,False,Involontaire (particulier),,
2011,2011-04-14 18:25:00,4,33,Landes de Gascogne,33529,La Teste-de-Buch,44.586,-1.1809,0.2,0.2,False,Inconnue,,
2011,2011-04-14 18:28:00,4,33,Landes de Gascogne,33498,Salles,44.536,-0.8899,0.4,0.4,False,Inconnue,,
2011,2011-04-15 12:56:00,4,33,Landes de Gascogne,33090,Canéjan,44.7572,-0.659,0.03,0.03,False,Inconnue,,
2011,2011-04-16 15:18:00,4,33,Landes de Gascogne,33131,Coirac,44.6853,-0.1735,0.05,0.05,False,Involontaire (particulier),,
2011,2011-04-16 18:15:00,4,33,Landes de Gascogne,33288,Monprimblanc,44.6321,-0.2537,0.2,0.15,False,Involontaire (particulier),,
2011,2011-04-16 18:30:00,4,33,Landes de Gascogne,33138,Coutras,45.0408,-0.1003,0.05,0.05,False,Inconnue,,
2011,2011-04-16 18:55:00,4,33,Landes de Gascogne,33203,Hourtin,45.1831,-1.0534,0.25,0.25,False,Inconnue,,
2011,2011-04-17 04:07:00,4,40,Landes de Gascogne,40169,Maillas,44.212,-0.1786,7.5,7.5,False,Inconnue,,
2011,2011-04-17 05:57:00,4,40,Landes de Gascogne,40210,Onesse-Laharie,44.063,-1.0224,0.61,0.61,False,Inconnue,,
2011,2011-04-17 14:02:00,4,33,Landes de Gascogne,33503,Saumos,44.9119,-1.0029,0.05,0.05,False,Inconnue,,
2011,2011-04-17 15:13:00,4,06,Alpes-Maritimes,06083,Menton,43.7961,7.498,0.05,0.0,False,Involontaire (particulier),,
2011,2011-04-17 15:46:00,4,06,Alpes-Maritimes,06163,Tende,44.0971,7.5499,0.03,0.0,False,Involontaire (particulier),,
2011,2011-04-17 19:20:00,4,33,Landes de Gascogne,33529,La Teste-de-Buch,44.586,-1.1809,0.45,0.45,False,Inconnue,,
2011,2011-04-17 22:54:00,4,33,Landes de Gascogne,33300,Naujac-sur-Mer,45.2596,-1.0643,0.06,0.06,False,Involontaire (travaux),,
2011,2011-04-18 11:56:00,4,40,Landes de Gascogne,40167,Luxey,44.2382,-0.5061,0.005,0.005,False,Inconnue,,
2011,2011-04-18 13:18:00,4,40,Landes de Gascogne,40243,Rion-des-Landes,43.9318,-0.9436,0.5,0.5,False,Involontaire (travaux),,
2011,2011-04-18 18:53:00,4,40,Landes de Gascogne,40281,Saint-Pierre-du-Mont,43.8725,-0.52,3.6,3.6,False,Malveillance,,
2011,2011-04-18 19:08:00,4,33,Landes de Gascogne,33266,Marcenais,45.0629,-0.3424,0.2,0.2,False,Inconnue,,
2011,2011-04-19 07:01:00,4,33,Landes de Gascogne,33452,Saint-Michel-de-Rieufret,44.6273,-0.4453,0.5,0.5,False,Inconnue,,
2011,2011-04-20 11:34:00,4,40,Landes de Gascogne,40229,Pontenx-les-Forges,44.2554,-1.0914,0.065,0.065,False,Involontaire (particulier),,
2011,2011-04-20 16:34:00,4,33,Landes de Gascogne,33424,Saint-Laurent-Médoc,45.1402,-0.8557,0.25,0.2,False,Involontaire (particulier),,
2011,2011-04-20 19:57:00,4,33,Landes de Gascogne,33540,Vendays-Montalivet,45.3378,-1.0953,0.1,0.05,False,Inconnue,,
2011,2011-04-20 21:10:00,4,33,Landes de Gascogne,33012,Arsac,44.9869,-0.7018,0.04,0.04,False,Inconnue,,
2011,2011-04-21 14:20:00,4,33,Landes de Gascogne,33318,Pessac,44.786,-0.681,4.0,4.0,False,Malveillance,,
2011,2011-04-21 14:33:00,4,40,Landes de Gascogne,40167,Luxey,44.2382,-0.5061,0.04,0.04,False,Involontaire (particulier),,
2011,2011-04-21 16:27:00,4,33,Landes de Gascogne,33021,Auros,44.5117,-0.159,0.6,0.6,False,Inconnue,,
2011,2011-04-22 12:25:00,4,06,Alpes-Maritimes,06130,Saint-Vallier-de-Thiey,43.6994,6.8516,0.1,0.0,False,Involontaire (particulier),,
2011,2011-04-22 16:03:00,4,33,Landes de Gascogne,33498,Salles,44.536,-0.8899,0.1,0.1,False,Inconnue,,
2011,2011-04-22 17:38:00,4,33,Landes de Gascogne,33233,Laruscade,45.1206,-0.3394,0.75,0.25,False,Inconnue,,
2011,2011-04-25 17:29:00,4,40,Landes de Gascogne,40135,Labrit,44.1269,-0.5557,0.5,0.5,False,Naturelle,,
2011,2011-04-27 08:07:00,4,33,Landes de Gascogne,33452,Saint-Michel-de-Rieufret,44.6273,-0.4453,0.01,0.01,False,Inconnue,,
2011,2011-04-27 10:52:00,4,33,Landes de Gascogne,33536,Le Tuzan,44.4508,-0.6011,1.5,1.5,False,Inconnue,,
2011,2011-04-27 16:11:00,4,33,Landes de Gascogne,33203,Hourtin,45.1831,-1.0534,0.03,0.03,False,Inconnue,,
2011,2011-04-28 13:13:00,4,33,Landes de Gascogne,33337,Preignac,44.5719,-0.3106,0.005,0.005,False,Inconnue,,
2011,2011-04-28 15:15:00,4,33,Landes de Gascogne,33439,Saint-Mariens,45.1228,-0.4093,0.03,0.03,False,Inconnue,,
2011,2011-04-28 17:27:00,4,33,Landes de Gascogne,33011,Arès,44.7997,-1.0837,0.01,0.01,False,Inconnue,,
2011,2011-04-28 17:27:00,4,40,Landes de Gascogne,40154,Lévignacq,44.0128,-1.1452,1.0,1.0,False,Naturelle,,
2011,2011-04-28 18:32:00,4,40,Landes de Gascogne,40075,Castets,43.8806,-1.1487,0.01,0.01,False,Naturelle,,
2011,2011-04-28 23:38:00,4,33,Landes de Gascogne,33042,Belin-Béliet,44.4959,-0.7989,0.05,0.05,False,Inconnue,,
2011,2011-04-30 12:58:00,4,33,Landes de Gascogne,33417,Sainte-Hélène,44.9653,-0.9071,34.0,34.0,False,Accidentelle,,
2011,2011-04-30 21:13:00,4,33,Landes de Gascogne,33544,Le Verdon-sur-Mer,45.5481,-1.0826,0.15,0.15,False,Inconnue,,
2011,2011-05-01 17:50:00,5,40,Landes de Gascogne,40133,Labenne,43.5982,-1.4371,2.0,2.0,False,Inconnue,,
2011,2011-05-02 15:35:00,5,40,Landes de Gascogne,40210,Onesse-Laharie,44.063,-1.0224,0.003,0.003,False,Naturelle,,
2011,2011-05-02 16:45:00,5,33,Landes de Gascogne,33205,Illats,44.6087,-0.3797,0.5,0.5,False,Naturelle,,
2011,2011-05-02 17:01:00,5,40,Landes de Gascogne,40135,Labrit,44.1269,-0.5557,2.5,1.0,False,Naturelle,,
2011,2011-05-02 21:55:00,5,33,Landes de Gascogne,33009,Arcachon,44.6515,-1.1718,0.0015,0.0015,False,Involontaire (particulier),,
2011,2011-05-03 18:10:00,5,33,Landes de Gascogne,33203,Hourtin,45.1831,-1.0534,0.03,0.03,False,Inconnue,,
2011,2011-05-04 16:54:00,5,40,Landes de Gascogne,40162,Lucbardez-et-Bargues,43.9746,-0.4143,0.01,0.01,False,Inconnue,,
2011,2011-05-04 17:44:00,5,40,Landes de Gascogne,40307,Sore,44.3073,-0.6021,0.27,0.27,False,Inconnue,,
2011,2011-05-05 13:43:00,5,40,Landes de Gascogne,40133,Labenne,43.5982,-1.4371,5.5,5.5,False,Inconnue,,
2011,2011-05-06 16:57:00,5,33,Landes de Gascogne,33540,Vendays-Montalivet,45.3378,-1.0953,0.03,0.03,False,Naturelle,,
2011,2011-05-06 17:41:00,5,33,Landes de Gascogne,33436,Saint-Magne,44.559,-0.6623,0.003,0.003,False,Naturelle,,
2011,2011-05-06 17:53:00,5,33,Landes de Gascogne,33122,Cestas,44.7274,-0.7349,0.005,0.005,False,Naturelle,,
2011,2011-05-06 18:08:00,5,33,Landes de Gascogne,33213,La Brède,44.6777,-0.5396,0.1,0.1,False,Naturelle,,
2011,2011-05-06 18:15:00,5,33,Landes de Gascogne,33494,Salaunes,44.9281,-0.8502,0.003,0.003,False,Naturelle,,
2011,2011-05-06 18:15:00,5,33,Landes de Gascogne,33494,Salaunes,44.9281,-0.8502,0.003,0.003,False,Naturelle,,
2011,2011-05-07 08:51:00,5,33,Landes de Gascogne,33484,Saint-Symphorien,44.4261,-0.5505,0.05,0.05,False,Naturelle,,
2011,2011-05-07 12:17:00,5,06,Alpes-Maritimes,06064,Gattières,43.769,7.1675,0.4,0.0,False,Involontaire (particulier),,
2011,2011-05-07 17:29:00,5,06,Alpes-Maritimes,06142,Touët-de-l'Escarène,43.8516,7.3799,54.8443,4.5,False,Involontaire (particulier),,
2011,2011-05-08 10:54:00,5,06,Alpes-Maritimes,06088,Nice,43.7032,7.2528,0.05,0.0,False,Involontaire (particulier),,
2011,2011-05-08 13:03:00,5,40,Landes de Gascogne,40200,Moustey,44.387,-0.7703,2.0,2.0,False,Naturelle,,
2011,2011-05-08 16:01:00,5,33,Landes de Gascogne,33439,Saint-Mariens,45.1228,-0.4093,0.04,0.04,False,Inconnue,,
2011,2011-05-08 18:42:00,5,33,Landes de Gascogne,33093,Capian,44.7179,-0.3277,0.006,0.006,False,Malveillance,,
2011,2011-05-08 20:46:00,5,33,Landes de Gascogne,33417,Sainte-Hélène,44.9653,-0.9071,0.03,0.03,False,Inconnue,,
2011,2011-05-09 11:34:00,5,33,Landes de Gascogne,33333,Le Porge,44.8649,-1.1351,0.001,0.001,False,Involontaire (travaux),,
2011,2011-05-10 17:41:00,5,40,Landes de Gascogne,40158,Losse,44.0948,-0.0933,1.06,1.06,False,Inconnue,,
2011,2011-05-10 23:19:00,5,40,Landes de Gascogne,40200,Moustey,44.387,-0.7703,2.2,0.5,False,Involontaire (travaux),,
2011,2011-05-11 11:29:00,5,33,Landes de Gascogne,33417,Sainte-Hélène,44.9653,-0.9071,0.005,0.005,False,Inconnue,,
2011,2011-05-11 16:28:00,5,40,Landes de Gascogne,40065,Capbreton,43.6311,-1.4289,0.01,0.01,False,Inconnue,,
2011,2011-05-12 03:56:00,5,33,Landes de Gascogne,33412,Saint-Germain-d'Esteuil,45.2534,-0.8886,1.0,0.3,False,Accidentelle,,
2011,2011-05-12 11:16:00,5,40,Landes de Gascogne,40167,Luxey,44.2382,-0.5061,0.001,0.001,False,Naturelle,,
2011,2011-05-12 16:01:00,5,40,Landes de Gascogne,40227,Pissos,44.3012,-0.7906,2.5,0.5,False,Naturelle,,
2011,2011-05-12 16:52:00,5,33,Landes de Gascogne,33514,Soulac-sur-Mer,45.5057,-1.0694,0.02,0.02,False,Inconnue,,
2011,2011-05-12 17:56:00,5,33,Landes de Gascogne,33529,La Teste-de-Buch,44.586,-1.1809,0.35,0.35,False,Inconnue,,
2011,2011-05-13 11:37:00,5,40,Landes de Gascogne,40163,Lüe,44.2337,-0.9858,1.0,0.2,False,Naturelle,,
2011,2011-05-13 18:15:00,5,40,Landes de Gascogne,40234,Pouydesseaux,43.9882,-0.352,0.25,0.25,False,Naturelle,,
2011,2011-05-14 05:35:00,5,40,Landes de Gascogne,40326,Vielle-Saint-Girons,43.9429,-1.3219,0.0001,0.0001,False,Naturelle,,
2011,2011-05-14 07:10:00,5,40,Landes de Gascogne,40164,Retjons,44.1399,-0.2929,0.001,0.001,False,Naturelle,,
2011,2011-05-14 10:36:00,5,33,Landes de Gascogne,33042,Belin-Béliet,44.4959,-0.7989,0.0002,0.0002,False,Naturelle,,
2011,2011-05-14 17:22:00,5,33,Landes de Gascogne,33019,Audenge,44.7133,-0.9533,0.3,0.3,False,Naturelle,,
2011,2011-05-14 18:52:00,5,40,Landes de Gascogne,40163,Lüe,44.2337,-0.9858,0.2,0.2,False,Naturelle,,
2011,2011-05-15 04:27:00,5,33,Landes de Gascogne,33240,Lesparre-Médoc,45.2796,-0.9235,0.3,0.15,False,Inconnue,,
2011,2011-05-15 15:54:00,5,33,Landes de Gascogne,33422,Saint-Jean-d'Illac,44.7973,-0.8156,0.2,0.2,False,Inconnue,,
2011,2011-05-15 16:57:00,5,40,Landes de Gascogne,40167,Luxey,44.2382,-0.5061,0.001,0.001,False,Naturelle,,
2011,2011-05-16 20:57:00,5,33,Landes de Gascogne,33192,Gradignan,44.7681,-0.6163,0.002,0.002,False,Inconnue,,
2011,2011-05-18 13:20:00,5,33,Landes de Gascogne,33449,Saint-Médard-en-Jalles,44.8861,-0.7823,0.5,0.5,False,Inconnue,,
2011,2011-05-18 18:14:00,5,33,Landes de Gascogne,33256,Ludon-Médoc,44.9814,-0.5903,0.001,0.001,False,Involontaire (travaux),,
2011,2011-05-18 20:07:00,5,33,Landes de Gascogne,33042,Belin-Béliet,44.4959,-0.7989,0.1,0.1,False,Inconnue,,
2011,2011-05-18 22:47:00,5,40,Landes de Gascogne,40134,Labouheyre,44.2243,-0.9107,0.04,0.04,False,Inconnue,,
2011,2011-05-20 02:08:00,5,33,Landes de Gascogne,33056,Blanquefort,44.9216,-0.61,0.006,0.006,False,Malveillance,,
2011,2011-05-20 14:30:00,5,33,Landes de Gascogne,33106,Castets et Castillon,44.5544,-0.1366,0.001,0.001,False,Inconnue,,
2011,2011-05-20 17:36:00,5,33,Landes de Gascogne,33300,Naujac-sur-Mer,45.2596,-1.0643,0.1,0.1,False,Inconnue,,
2011,2011-05-21 01:50:00,5,33,Landes de Gascogne,33122,Cestas,44.7274,-0.7349,0.003,0.003,False,Accidentelle,,
2011,2011-05-21 16:56:00,5,06,Alpes-Maritimes,06069,Grasse,43.656,6.937,0.7,0.0,False,Involontaire (particulier),,
2011,2011-05-21 17:25:00,5,33,Landes de Gascogne,33318,Pessac,44.786,-0.681,0.03,0.03,False,Malveillance,,
2011,2011-05-22 12:13:00,5,06,Alpes-Maritimes,06068,Gourdon,43.7266,6.9622,1.1557,0.0,False,Involontaire (particulier),,
2011,2011-05-22 14:56:00,5,33,Landes de Gascogne,33529,La Teste-de-Buch,44.586,-1.1809,0.15,0.05,False,Inconnue,,
2011,2011-05-22 18:32:00,5,33,Landes de Gascogne,33233,Laruscade,45.1206,-0.3394,0.2,0.2,False,Inconnue,,
2011,2011-05-22 20:13:00,5,06,Alpes-Maritimes,06054,Drap,43.7587,7.3395,0.005,0.0,False,Involontaire (particulier),,
2011,2011-05-23 11:12:00,5,33,Landes de Gascogne,33005,Andernos-les-Bains,44.7529,-1.082,0.1,0.1,False,Inconnue,,
2011,2011-05-23 12:15:00,5,40,Landes de Gascogne,40119,Hagetmau,43.6498,-0.5866,3.1,3.1,False,Inconnue,,
2011,2011-05-23 16:52:00,5,06,Alpes-Maritimes,06018,Biot,43.6273,7.0821,0.3,0.0,False,Involontaire (particulier),,
2011,2011-05-23 20:49:00,5,33,Landes de Gascogne,33233,Laruscade,45.1206,-0.3394,0.3,0.3,False,Inconnue,,
2011,2011-05-24 12:06:00,5,40,Landes de Gascogne,40184,Mimizan,44.1996,-1.2323,0.15,0.15,False,Inconnue,,
2011,2011-05-24 12:49:00,5,40,Landes de Gascogne,40163,Lüe,44.2337,-0.9858,0.1,0.1,False,Accidentelle,,
2011,2011-05-24 13:53:00,5,06,Alpes-Maritimes,06118,Saint-Cézaire-sur-Siagne,43.6592,6.8049,0.2,0.0,False,Involontaire (travaux),,
2011,2011-05-25 00:37:00,5,40,Landes de Gascogne,40119,Hagetmau,43.6498,-0.5866,0.01,0.01,False,Inconnue,,
2011,2011-05-25 17:20:00,5,33,Landes de Gascogne,33019,Audenge,44.7133,-0.9533,0.4,0.4,False,Inconnue,,
2011,2011-05-26 15:00:00,5,33,Landes de Gascogne,33449,Saint-Médard-en-Jalles,44.8861,-0.7823,1.012,1.012,False,Inconnue,,
2011,2011-05-26 19:39:00,5,33,Landes de Gascogne,33009,Arcachon,44.6515,-1.1718,0.02,0.02,False,Inconnue,,
2011,2011-05-27 14:39:00,5,06,Alpes-Maritimes,06105,Roquefort-les-Pins,43.6723,7.0565,0.15,0.0,False,Involontaire (particulier),,
2011,2011-05-27 14:57:00,5,33,Landes de Gascogne,33255,Lucmau,44.2955,-0.3364,0.8,0.8,False,Involontaire (travaux),,
2011,2011-05-28 00:40:00,5,33,Landes de Gascogne,33417,Sainte-Hélène,44.9653,-0.9071,0.3,0.3,False,Inconnue,,
2011,2011-05-28 11:20:00,5,33,Landes de Gascogne,33417,Sainte-Hélène,44.9653,-0.9071,0.2,0.2,False,Inconnue,,
2011,2011-05-28 14:06:00,5,06,Alpes-Maritimes,06126,Saint-Martin-du-Var,43.8168,7.2012,0.2,0.0,False,Involontaire (particulier),,
2011,2011-05-28 15:41:00,5,06,Alpes-Maritimes,06075,Levens,43.8501,7.2358,0.005,0.0,False,Involontaire (particulier),,
2011,2011-05-28 17:58:00,5,06,Alpes-Maritimes,06147,Tourrette-Levens,43.7882,7.275,0.14,0.0,False,Involontaire (particulier),,
2011,2011-05-28 18:56:00,5,06,Alpes-Maritimes,06091,Peille,43.8043,7.4088,0.05,0.0,False,Involontaire (particulier),,
2011,2011-05-29 00:48:00,5,33,Landes de Gascogne,33417,Sainte-Hélène,44.9653,-0.9071,1.0,1.0,False,Inconnue,,
2011,2011-05-29 05:54:00,5,33,Landes de Gascogne,33417,Sainte-Hélène,44.9653,-0.9071,1.0,1.0,False,Inconnue,,
2011,2011-05-29 15:44:00,5,33,Landes de Gascogne,33417,Sainte-Hélène,44.9653,-0.9071,1.0,1.0,False,Inconnue,,
2011,2011-05-30 10:50:00,5,33,Landes de Gascogne,33322,Le Pian-Médoc,44.9555,-0.6737,0.1,0.1,False,Inconnue,,
2011,2011-05-30 11:20:00,5,06,Alpes-Maritimes,06021,Bonson,43.8613,7.1786,0.05,0.0,False,Involontaire (particulier),,
2011,2011-05-30 12:44:00,5,40,Landes de Gascogne,40297,Le Sen,44.139,-0.5067,0.12,0.12,False,Inconnue,,
2011,2011-05-30 13:16:00,5,06,Alpes-Maritimes,06060,Falicon,43.7533,7.266,0.5,0.0,False,Involontaire (particulier),,
2011,2011-05-30 14:30:00,5,33,Landes de Gascogne,33009,Arcachon,44.6515,-1.1718,0.03,0.03,False,Malveillance,,
2011,2011-05-30 14:50:00,5,33,Landes de Gascogne,33271,Marions,44.373,-0.0881,0.5,0.5,False,Naturelle,,
2011,2011-05-30 15:03:00,5,40,Landes de Gascogne,40133,Labenne,43.5982,-1.4371,0.04,0.01,False,Inconnue,,
2011,2011-05-31 16:28:00,5,33,Landes de Gascogne,33122,Cestas,44.7274,-0.7349,0.08,0.08,False,Inconnue,,
2011,2011-05-31 17:19:00,5,06,Alpes-Maritimes,06122,Saint-Jeannet,43.7619,7.1477,0.15,0.0,False,Involontaire (particulier),,
2011,2011-05-31 19:42:00,5,33,Landes de Gascogne,33434,Saint-Louis-de-Montferrand,44.957,-0.5335,0.7,0.2,False,Inconnue,,
2011,2011-06-01 14:00:00,6,06,Alpes-Maritimes,06033,Carros,43.785,7.1798,0.08,0.0,False,Involontaire (particulier),,
2011,2011-06-01 14:15:00,6,33,Landes de Gascogne,33192,Gradignan,44.7681,-0.6163,0.06,0.03,False,Inconnue,,
2011,2011-06-01 15:14:00,6,33,Landes de Gascogne,33063,Bordeaux,44.8624,-0.5848,0.06,0.03,False,Inconnue,,
2011,2011-06-01 17:54:00,6,33,Landes de Gascogne,33424,Saint-Laurent-Médoc,45.1402,-0.8557,0.05,0.05,False,Malveillance,,
2011,2011-06-01 20:00:00,6,33,Landes de Gascogne,33034,Bayas,45.0736,-0.2048,3.91,0.01,False,Inconnue,,
2011,2011-06-01 20:47:00,6,33,Landes de Gascogne,33229,Lanton,44.7719,-0.9799,0.15,0.15,False,Inconnue,,
2011,2011-06-02 09:47:00,6,33,Landes de Gascogne,33339,Prignac-et-Marcamps,45.0279,-0.4991,0.025,0.015,False,Inconnue,,
2011,2011-06-02 11:50:00,6,33,Landes de Gascogne,33144,Cudos,44.3786,-0.1841,1.0,1.0,False,Accidentelle,,
2011,2011-06-02 16:43:00,6,33,Landes de Gascogne,33022,Avensan,45.0033,-0.7574,0.25,0.25,False,Inconnue,,
2011,2011-06-03 12:34:00,6,33,Landes de Gascogne,33248,Listrac-Médoc,45.0699,-0.827,0.4,0.4,False,Inconnue,,
2011,2011-06-03 15:41:00,6,33,Landes de Gascogne,33005,Andernos-les-Bains,44.7529,-1.082,0.08,0.08,False,Inconnue,,
2011,2011-06-04 14:33:00,6,40,Landes de Gascogne,40184,Mimizan,44.1996,-1.2323,0.05,0.05,False,Inconnue,,
2011,2011-06-04 15:12:00,6,40,Landes de Gascogne,40056,Brocas,44.0533,-0.5446,1.0,1.0,False,Naturelle,,
2011,2011-06-04 16:13:00,6,06,Alpes-Maritimes,06059,Èze,43.7299,7.3566,0.8,0.0,False,Involontaire (travaux),,
2011,2011-06-04 16:31:00,6,40,Landes de Gascogne,40217,Parentis-en-Born,44.3527,-1.0879,0.0001,0.0001,False,Naturelle,,
2011,2011-06-04 16:36:00,6,33,Landes de Gascogne,33484,Saint-Symphorien,44.4261,-0.5505,0.005,0.005,False,Naturelle,,
2011,2011-06-04 16:44:00,6,33,Landes de Gascogne,33095,Captieux,44.2621,-0.2981,0.02,0.02,False,Inconnue,,
2011,2011-06-04 16:54:00,6,33,Landes de Gascogne,33484,Saint-Symphorien,44.4261,-0.5505,0.2,0.2,False,Naturelle,,
2011,2011-06-04 16:57:00,6,33,Landes de Gascogne,33233,Laruscade,45.1206,-0.3394,0.02,0.02,False,Naturelle,,
2011,2011-06-04 17:15:00,6,33,Landes de Gascogne,33202,Hostens,44.4834,-0.6616,0.03,0.03,False,Naturelle,,
2011,2011-06-04 17:27:00,6,33,Landes de Gascogne,33484,Saint-Symphorien,44.4261,-0.5505,0.001,0.001,False,Inconnue,,
2011,2011-06-04 20:08:00,6,40,Landes de Gascogne,40217,Parentis-en-Born,44.3527,-1.0879,0.001,0.001,False,Inconnue,,
2011,2011-06-05 10:03:00,6,40,Landes de Gascogne,40229,Pontenx-les-Forges,44.2554,-1.0914,0.01,0.01,False,Naturelle,,
2011,2011-06-05 13:02:00,6,33,Landes de Gascogne,33449,Saint-Médard-en-Jalles,44.8861,-0.7823,46.35,46.35,False,Inconnue,,
2011,2011-06-05 15:55:00,6,33,Landes de Gascogne,33503,Saumos,44.9119,-1.0029,0.02,0.02,False,Naturelle,,
2011,2011-06-05 15:57:00,6,33,Landes de Gascogne,33536,Le Tuzan,44.4508,-0.6011,0.2,0.2,False,Naturelle,,
2011,2011-06-05 16:58:00,6,33,Landes de Gascogne,33555,Marcheprime,44.7033,-0.8557,1.0,1.0,False,Naturelle,,
2011,2011-06-05 17:37:00,6,33,Landes de Gascogne,33019,Audenge,44.7133,-0.9533,0.5,0.5,False,Inconnue,,
2011,2011-06-05 17:39:00,6,33,Landes de Gascogne,33097,Carcans,45.0794,-1.0404,2.5,2.5,False,Naturelle,,
2011,2011-06-05 18:42:00,6,33,Landes de Gascogne,33333,Le Porge,44.8649,-1.1351,0.2,0.2,False,Inconnue,,
2011,2011-06-05 18:43:00,6,40,Landes de Gascogne,40278,Saint-Paul-en-Born,44.2083,-1.155,0.65,0.65,False,Naturelle,,
2011,2011-06-05 18:59:00,6,40,Landes de Gascogne,40149,Lencouacq,44.1482,-0.3856,0.005,0.005,False,Naturelle,,
2011,2011-06-06 13:19:00,6,33,Landes de Gascogne,33097,Carcans,45.0794,-1.0404,0.7,0.7,False,Naturelle,,
2011,2011-06-06 15:10:00,6,33,Landes de Gascogne,33333,Le Porge,44.8649,-1.1351,0.002,0.002,False,Inconnue,,
2011,2011-06-06 18:22:00,6,33,Landes de Gascogne,33553,Virsac,45.0256,-0.4368,0.005,0.005,False,Accidentelle,,
2011,2011-06-09 12:53:00,6,33,Landes de Gascogne,33422,Saint-Jean-d'Illac,44.7973,-0.8156,0.002,0.002,False,Inconnue,,
2011,2011-06-11 19:43:00,6,33,Landes de Gascogne,33251,Louchats,44.5104,-0.5691,0.3,0.3,False,Inconnue,,
2011,2011-06-13 14:44:00,6,06,Alpes-Maritimes,06007,Auribeau-sur-Siagne,43.6105,6.9118,0.4,0.0,False,Involontaire (particulier),,
2011,2011-06-15 09:03:00,6,33,Landes de Gascogne,33009,Arcachon,44.6515,-1.1718,0.04,0.04,False,Inconnue,,
2011,2011-06-15 18:42:00,6,33,Landes de Gascogne,33122,Cestas,44.7274,-0.7349,0.6,0.6,False,Inconnue,,
2011,2011-06-17 14:40:00,6,33,Landes de Gascogne,33449,Saint-Médard-en-Jalles,44.8861,-0.7823,0.2,0.2,False,Inconnue,,
2011,2011-06-21 14:33:00,6,33,Landes de Gascogne,33527,Le Teich,44.5805,-1.0234,0.12,0.12,False,Involontaire (travaux),,
2011,2011-06-21 17:37:00,6,33,Landes de Gascogne,33544,Le Verdon-sur-Mer,45.5481,-1.0826,0.002,0.002,False,Inconnue,,
2011,2011-06-22 03:44:00,6,33,Landes de Gascogne,33503,Saumos,44.9119,-1.0029,0.1,0.1,False,Naturelle,,
2011,2011-06-22 08:11:00,6,33,Landes de Gascogne,33248,Listrac-Médoc,45.0699,-0.827,1.0,1.0,False,Naturelle,,
2011,2011-06-22 10:08:00,6,33,Landes de Gascogne,33417,Sainte-Hélène,44.9653,-0.9071,2.0,2.0,False,Naturelle,,
2011,2011-06-22 21:13:00,6,33,Landes de Gascogne,33552,Virelade,44.6565,-0.3981,0.3,0.3,False,Inconnue,,
2011,2011-06-22 22:23:00,6,33,Landes de Gascogne,33474,Saint-Selve,44.6574,-0.4726,0.1,0.1,False,Inconnue,,
2011,2011-06-23 15:45:00,6,40,Landes de Gascogne,40075,Castets,43.8806,-1.1487,3.96,3.96,False,Inconnue,,
2011,2011-06-24 04:54:00,6,33,Landes de Gascogne,33422,Saint-Jean-d'Illac,44.7973,-0.8156,3.0,3.0,False,Accidentelle,,
2011,2011-06-24 12:54:00,6,33,Landes de Gascogne,33424,Saint-Laurent-Médoc,45.1402,-0.8557,1.0,1.0,False,Inconnue,,
2011,2011-06-24 16:00:00,6,33,Landes de Gascogne,33008,Porte-de-Benauge,44.6821,-0.2265,0.7,0.35,False,Inconnue,,
2011,2011-06-24 16:13:00,6,33,Landes de Gascogne,33333,Le Porge,44.8649,-1.1351,0.001,0.001,False,Inconnue,,
2011,2011-06-24 17:12:00,6,33,Landes de Gascogne,33449,Saint-Médard-en-Jalles,44.8861,-0.7823,0.03,0.03,False,Inconnue,,
2011,2011-06-25 12:44:00,6,40,Landes de Gascogne,40065,Capbreton,43.6311,-1.4289,1.0,1.0,False,Inconnue,,
2011,2011-06-25 15:45:00,6,40,Landes de Gascogne,40060,Callen,44.2743,-0.4688,0.2,0.2,False,Inconnue,,
2011,2011-06-25 20:56:00,6,40,Landes de Gascogne,40184,Mimizan,44.1996,-1.2323,0.05,0.05,False,Inconnue,,
2011,2011-06-26 00:10:00,6,40,Landes de Gascogne,40065,Capbreton,43.6311,-1.4289,4.0,4.0,False,Malveillance,,
2011,2011-06-26 14:48:00,6,40,Landes de Gascogne,40021,Azur,43.7996,-1.2919,0.2,0.2,False,Inconnue,,
2011,2011-06-27 15:46:00,6,40,Landes de Gascogne,40310,Soustons,43.754,-1.3305,0.03,0.03,False,Inconnue,,
2011,2011-06-27 20:43:00,6,40,Landes de Gascogne,40155,Linxe,43.9287,-1.2195,0.003,0.003,False,Accidentelle,,
2011,2011-06-27 20:54:00,6,33,Landes de Gascogne,33236,Lège-Cap-Ferret,44.7452,-1.174,2.0,2.0,False,Naturelle,,
2011,2011-06-27 20:58:00,6,33,Landes de Gascogne,33097,Carcans,45.0794,-1.0404,0.25,0.25,False,Naturelle,,
2011,2011-06-27 22:11:00,6,33,Landes de Gascogne,33214,Lacanau,44.9879,-1.096,1.0,1.0,False,Naturelle,,
2011,2011-06-27 22:24:00,6,33,Landes de Gascogne,33214,Lacanau,44.9879,-1.096,0.8,0.8,False,Naturelle,,
2011,2011-06-27 23:00:00,6,33,Landes de Gascogne,33540,Vendays-Montalivet,45.3378,-1.0953,0.5,0.5,False,Inconnue,,
2011,2011-06-27 23:37:00,6,33,Landes de Gascogne,33281,Mérignac,44.8313,-0.682,0.1,0.1,False,Inconnue,,
2011,2011-06-27 23:58:00,6,33,Landes de Gascogne,33540,Vendays-Montalivet,45.3378,-1.0953,0.15,0.15,False,Naturelle,,
2011,2011-06-28 00:31:00,6,33,Landes de Gascogne,33540,Vendays-Montalivet,45.3378,-1.0953,0.01,0.01,False,Inconnue,,
2011,2011-06-28 17:01:00,6,33,Landes de Gascogne,33236,Lège-Cap-Ferret,44.7452,-1.174,0.2,0.2,False,Naturelle,,
2011,2011-06-29 00:08:00,6,40,Landes de Gascogne,40123,Herm,43.8013,-1.1332,0.6,0.6,False,Naturelle,,
2011,2011-06-29 02:33:00,6,33,Landes de Gascogne,33527,Le Teich,44.5805,-1.0234,0.05,0.05,False,Inconnue,,
2011,2011-06-29 05:46:00,6,33,Landes de Gascogne,33336,Préchac,44.3859,-0.3715,4.5,4.5,False,Naturelle,,
2011,2011-06-29 09:06:00,6,40,Landes de Gascogne,40114,Gourbera,43.8068,-1.0422,0.1,0.1,False,Naturelle,,
2011,2011-06-29 11:49:00,6,33,Landes de Gascogne,33540,Vendays-Montalivet,45.3378,-1.0953,0.05,0.05,False,Inconnue,,
2011,2011-06-29 12:10:00,6,33,Landes de Gascogne,33097,Carcans,45.0794,-1.0404,0.3,0.3,False,Inconnue,,
2011,2011-06-29 13:19:00,6,33,Landes de Gascogne,33473,Saint-Savin,45.1611,-0.4449,0.005,0.005,False,Inconnue,,
2011,2011-06-29 15:18:00,6,33,Landes de Gascogne,33492,Saint-Yzan-de-Soudiac,45.1548,-0.4047,0.1,0.1,False,Inconnue,,
2011,2011-06-29 16:24:00,6,40,Landes de Gascogne,40133,Labenne,43.5982,-1.4371,0.02,0.02,False,Inconnue,,
2011,2011-06-29 20:49:00,6,40,Landes de Gascogne,40046,Biscarrosse,44.4077,-1.1525,0.02,0.02,False,Inconnue,,
2011,2011-06-29 22:26:00,6,33,Landes de Gascogne,33284,Mios,44.6105,-0.8913,0.005,0.005,False,Malveillance,,
2011,2011-06-30 01:40:00,6,33,Landes de Gascogne,33122,Cestas,44.7274,-0.7349,0.1,0.1,False,Inconnue,,
2011,2011-06-30 04:48:00,6,33,Landes de Gascogne,33329,Pompéjac,44.3986,-0.2997,0.05,0.05,False,Inconnue,,
2011,2011-06-30 05:04:00,6,33,Landes de Gascogne,33424,Saint-Laurent-Médoc,45.1402,-0.8557,4.0,4.0,False,Inconnue,,
2011,2011-06-30 10:58:00,6,33,Landes de Gascogne,33203,Hourtin,45.1831,-1.0534,0.005,0.005,False,Inconnue,,
2011,2011-06-30 13:21:00,6,40,Landes de Gascogne,40065,Capbreton,43.6311,-1.4289,0.4,0.4,False,Inconnue,,
2011,2011-06-30 13:27:00,6,33,Landes de Gascogne,33498,Salles,44.536,-0.8899,0.3,0.3,False,Inconnue,,
2011,2011-06-30 15:39:00,6,33,Landes de Gascogne,33289,Monségur,44.647,0.0861,4.5,4.5,False,Accidentelle,,
2011,2011-06-30 16:17:00,6,40,Landes de Gascogne,40309,Souprosse,43.7927,-0.7195,3.0,3.0,False,Involontaire (travaux),,
2011,2011-06-30 19:08:00,6,40,Landes de Gascogne,40046,Biscarrosse,44.4077,-1.1525,0.3,0.3,False,Inconnue,,
2011,2011-06-30 21:21:00,6,33,Landes de Gascogne,33042,Belin-Béliet,44.4959,-0.7989,0.03,0.03,False,Inconnue,,
2011,2011-06-30 23:36:00,6,33,Landes de Gascogne,33218,Lagorce,45.0813,-0.1606,0.03,0.03,False,Inconnue,,
2011,2011-07-01 12:52:00,7,40,Landes de Gascogne,40154,Lévignacq,44.0128,-1.1452,0.1,0.1,False,Involontaire (travaux),,
2011,2011-07-01 18:05:00,7,33,Landes de Gascogne,33422,Saint-Jean-d'Illac,44.7973,-0.8156,0.1,0.1,False,Inconnue,,
2011,2011-07-01 19:04:00,7,33,Landes de Gascogne,33214,Lacanau,44.9879,-1.096,0.2,0.2,False,Inconnue,,
2011,2011-07-02 13:29:00,7,33,Landes de Gascogne,33214,Lacanau,44.9879,-1.096,306.47,150.0,True,Inconnue,,
2011,2011-07-02 13:46:00,7,33,Landes de Gascogne,33422,Saint-Jean-d'Illac,44.7973,-0.8156,0.3,0.3,False,Inconnue,,
2011,2011-07-02 16:00:00,7,33,Landes de Gascogne,33236,Lège-Cap-Ferret,44.7452,-1.174,0.03,0.03,False,Inconnue,,
2011,2011-07-02 20:36:00,7,33,Landes de Gascogne,33540,Vendays-Montalivet,45.3378,-1.0953,1.0,1.0,False,Inconnue,,
2011,2011-07-03 00:15:00,7,40,Landes de Gascogne,40046,Biscarrosse,44.4077,-1.1525,0.3,0.3,False,Inconnue,,
2011,2011-07-03 07:18:00,7,40,Landes de Gascogne,40154,Lévignacq,44.0128,-1.1452,0.05,0.05,False,Naturelle,,
2011,2011-07-03 12:29:00,7,40,Landes de Gascogne,40154,Lévignacq,44.0128,-1.1452,0.1,0.1,False,Naturelle,,
2011,2011-07-03 15:23:00,7,33,Landes de Gascogne,33266,Marcenais,45.0629,-0.3424,2.0,1.7,False,Inconnue,,
2011,2011-07-03 17:40:00,7,33,Landes de Gascogne,33233,Laruscade,45.1206,-0.3394,0.25,0.25,False,Inconnue,,
2011,2011-07-03 19:41:00,7,33,Landes de Gascogne,33001,Abzac,45.0123,-0.1281,0.01,0.01,False,Inconnue,,
2011,2011-07-04 12:20:00,7,33,Landes de Gascogne,33090,Canéjan,44.7572,-0.659,0.002,0.002,False,Inconnue,,
2011,2011-07-04 15:32:00,7,40,Landes de Gascogne,40167,Luxey,44.2382,-0.5061,108.06,101.56,True,Inconnue,,
2011,2011-07-04 19:23:00,7,33,Landes de Gascogne,33318,Pessac,44.786,-0.681,0.1,0.1,False,Inconnue,,
2011,2011-07-04 21:51:00,7,33,Landes de Gascogne,33382,Saint-Christoly-de-Blaye,45.1499,-0.4967,0.1,0.1,False,Inconnue,,
2011,2011-07-04 21:58:00,7,33,Landes de Gascogne,33273,Martignas-sur-Jalle,44.8451,-0.8006,1.0,1.0,False,Inconnue,,
2011,2011-07-05 01:02:00,7,33,Landes de Gascogne,33273,Martignas-sur-Jalle,44.8451,-0.8006,0.15,0.15,False,Malveillance,,
2011,2011-07-05 07:43:00,7,33,Landes de Gascogne,33273,Martignas-sur-Jalle,44.8451,-0.8006,0.3,0.3,False,Inconnue,,
2011,2011-07-05 13:00:00,7,33,Landes de Gascogne,33204,Hure,44.538,-0.0044,1.3,1.3,False,Involontaire (travaux),,
2011,2011-07-05 15:26:00,7,40,Landes de Gascogne,40326,Vielle-Saint-Girons,43.9429,-1.3219,0.05,0.05,False,Inconnue,,
2011,2011-07-05 15:43:00,7,33,Landes de Gascogne,33318,Pessac,44.786,-0.681,0.05,0.025,False,Accidentelle,,
2011,2011-07-06 10:15:00,7,33,Landes de Gascogne,33214,Lacanau,44.9879,-1.096,0.005,0.005,False,Inconnue,,
2011,2011-07-06 14:19:00,7,40,Landes de Gascogne,40309,Souprosse,43.7927,-0.7195,1.0,1.0,False,Inconnue,,
2011,2011-07-06 16:51:00,7,40,Landes de Gascogne,40253,Saint-Cricq-Chalosse,43.6561,-0.6737,0.05,0.05,False,Involontaire (travaux),,
2011,2011-07-06 18:36:00,7,40,Landes de Gascogne,40326,Vielle-Saint-Girons,43.9429,-1.3219,0.005,0.005,False,Inconnue,,
2011,2011-07-06 18:51:00,7,33,Landes de Gascogne,33236,Lège-Cap-Ferret,44.7452,-1.174,0.1,0.1,False,Inconnue,,
2011,2011-07-07 11:34:00,7,33,Landes de Gascogne,33030,Barsac,44.6036,-0.3259,0.01,0.005,False,Inconnue,,
2011,2011-07-07 16:57:00,7,33,Landes de Gascogne,33214,Lacanau,44.9879,-1.096,0.4,0.4,False,Inconnue,,
2011,2011-07-08 09:17:00,7,33,Landes de Gascogne,33229,Lanton,44.7719,-0.9799,0.006,0.006,False,Naturelle,,
2011,2011-07-08 15:36:00,7,33,Landes de Gascogne,33138,Coutras,45.0408,-0.1003,0.1,0.1,False,Involontaire (particulier),,
2011,2011-07-08 15:46:00,7,40,Landes de Gascogne,40169,Maillas,44.212,-0.1786,3.0,3.0,False,Inconnue,,
2011,2011-07-08 20:25:00,7,33,Landes de Gascogne,33091,Cantenac,,,0.02,0.02,False,Inconnue,,
2011,2011-07-11 14:04:00,7,40,Landes de Gascogne,40108,Gastes,44.3117,-1.1996,0.2,0.2,False,Inconnue,,
2011,2011-07-11 18:09:00,7,33,Landes de Gascogne,33051,Biganos,44.6599,-0.9582,0.03,0.03,False,Inconnue,,
2011,2011-07-11 19:58:00,7,33,Landes de Gascogne,33382,Saint-Christoly-de-Blaye,45.1499,-0.4967,0.05,0.05,False,Inconnue,,
2011,2011-07-11 22:00:00,7,33,Landes de Gascogne,33248,Listrac-Médoc,45.0699,-0.827,0.8,0.8,False,Inconnue,,
2011,2011-07-12 19:32:00,7,40,Landes de Gascogne,40046,Biscarrosse,44.4077,-1.1525,0.02,0.02,False,Naturelle,,
2011,2011-07-12 22:06:00,7,33,Landes de Gascogne,33382,Saint-Christoly-de-Blaye,45.1499,-0.4967,0.1,0.1,False,Inconnue,,
2011,2011-07-13 15:01:00,7,33,Landes de Gascogne,33260,Lugos,44.4782,-0.9241,5.96,5.96,False,Inconnue,,
2011,2011-07-13 19:30:00,7,40,Landes de Gascogne,40287,Sanguinet,44.4776,-1.0903,0.01,0.01,False,Naturelle,,
2011,2011-07-13 23:21:00,7,33,Landes de Gascogne,33322,Le Pian-Médoc,44.9555,-0.6737,0.02,0.02,False,Malveillance,,
2011,2011-07-14 14:42:00,7,33,Landes de Gascogne,33019,Audenge,44.7133,-0.9533,1.0,1.0,False,Accidentelle,,
2011,2011-07-14 19:10:00,7,33,Landes de Gascogne,33376,Saint-Aubin-de-Médoc,44.9343,-0.7478,0.01,0.01,False,Inconnue,,
2011,2011-07-15 07:12:00,7,33,Landes de Gascogne,33236,Lège-Cap-Ferret,44.7452,-1.174,0.06,0.06,False,Involontaire (particulier),,
2011,2011-07-15 11:15:00,7,33,Landes de Gascogne,33248,Listrac-Médoc,45.0699,-0.827,0.08,0.08,False,Involontaire (travaux),,
2011,2011-07-15 13:26:00,7,33,Landes de Gascogne,33322,Le Pian-Médoc,44.9555,-0.6737,0.3,0.3,False,Inconnue,,
2011,2011-07-15 15:25:00,7,33,Landes de Gascogne,33300,Naujac-sur-Mer,45.2596,-1.0643,0.5,0.5,False,Inconnue,,
2011,2011-07-15 15:59:00,7,06,Alpes-Maritimes,06027,Cagnes-sur-Mer,43.6712,7.1502,0.04,0.0,False,Inconnue,,
2011,2011-07-15 17:32:00,7,06,Alpes-Maritimes,06006,Aspremont,43.7772,7.2423,1.4396,0.0,False,Involontaire (particulier),,
2011,2011-07-15 19:57:00,7,33,Landes de Gascogne,33260,Lugos,44.4782,-0.9241,4.5,4.5,False,Involontaire (travaux),,
2011,2011-07-15 21:28:00,7,33,Landes de Gascogne,33248,Listrac-Médoc,45.0699,-0.827,0.005,0.005,False,Malveillance,,
2011,2011-07-15 22:04:00,7,33,Landes de Gascogne,33248,Listrac-Médoc,45.0699,-0.827,0.005,0.005,False,Malveillance,,
2011,2011-07-16 00:40:00,7,33,Landes de Gascogne,33260,Lugos,44.4782,-0.9241,0.1,0.1,False,Inconnue,,
2011,2011-07-22 16:07:00,7,40,Landes de Gascogne,40181,Messanges,43.8086,-1.3629,0.02,0.02,False,Malveillance,,
2011,2011-07-28 15:16:00,7,33,Landes de Gascogne,33322,Le Pian-Médoc,44.9555,-0.6737,0.2,0.2,False,Accidentelle,,
2011,2011-07-29 09:26:00,7,33,Landes de Gascogne,33374,Saint-Aubin-de-Blaye,45.2591,-0.5763,0.03,0.03,False,Inconnue,,
2011,2011-07-30 14:46:00,7,40,Landes de Gascogne,40181,Messanges,43.8086,-1.3629,0.004,0.002,False,Inconnue,,
2011,2011-08-01 17:20:00,8,40,Landes de Gascogne,40034,Bélus,43.5922,-1.1184,0.04,0.04,False,Inconnue,,
2011,2011-08-02 04:26:00,8,33,Landes de Gascogne,33273,Martignas-sur-Jalle,44.8451,-0.8006,0.2,0.2,False,Inconnue,,
2011,2011-08-02 10:34:00,8,33,Landes de Gascogne,33300,Naujac-sur-Mer,45.2596,-1.0643,0.005,0.002,False,Naturelle,,
2011,2011-08-02 12:27:00,8,40,Landes de Gascogne,40182,Mézos,44.0848,-1.141,1.5,1.5,False,Naturelle,,
2011,2011-08-02 12:53:00,8,33,Landes de Gascogne,33214,Lacanau,44.9879,-1.096,0.1,0.1,False,Naturelle,,
2011,2011-08-02 16:37:00,8,33,Landes de Gascogne,33422,Saint-Jean-d'Illac,44.7973,-0.8156,0.005,0.005,False,Naturelle,,
2011,2011-08-02 17:13:00,8,33,Landes de Gascogne,33422,Saint-Jean-d'Illac,44.7973,-0.8156,0.001,0.001,False,Naturelle,,
2011,2011-08-02 17:25:00,8,33,Landes de Gascogne,33122,Cestas,44.7274,-0.7349,0.0002,0.0002,False,Naturelle,,
2011,2011-08-02 17:54:00,8,40,Landes de Gascogne,40229,Pontenx-les-Forges,44.2554,-1.0914,1.0,1.0,False,Inconnue,,
2011,2011-08-03 11:55:00,8,33,Landes de Gascogne,33203,Hourtin,45.1831,-1.0534,1.0,0.3,False,Inconnue,,
2011,2011-08-03 16:17:00,8,40,Landes de Gascogne,40111,Geloux,43.9784,-0.6374,1.0,1.0,False,Naturelle,,
2011,2011-08-03 17:32:00,8,33,Landes de Gascogne,33503,Saumos,44.9119,-1.0029,0.2,0.2,False,Naturelle,,
2011,2011-08-03 17:33:00,8,40,Landes de Gascogne,40094,Escource,44.1639,-1.0361,0.25,0.25,False,Naturelle,,
2011,2011-08-03 17:53:00,8,40,Landes de Gascogne,40161,Lubbon,44.1097,-0.0127,0.1,0.1,False,Naturelle,,
2011,2011-08-04 14:20:00,8,06,Alpes-Maritimes,06048,Contes,43.8133,7.3263,0.06,0.0,False,Involontaire (particulier),,
2011,2011-08-04 14:59:00,8,33,Landes de Gascogne,33203,Hourtin,45.1831,-1.0534,0.2,0.2,False,Involontaire (travaux),,
2011,2011-08-04 22:04:00,8,33,Landes de Gascogne,33203,Hourtin,45.1831,-1.0534,0.15,0.15,False,Inconnue,,
2011,2011-08-04 23:41:00,8,33,Landes de Gascogne,33199,Gujan-Mestras,44.5758,-1.0813,0.05,0.025,False,Inconnue,,
2011,2011-08-07 20:47:00,8,40,Landes de Gascogne,40310,Soustons,43.754,-1.3305,0.1,0.1,False,Inconnue,,
2011,2011-08-09 08:40:00,8,40,Landes de Gascogne,40157,Lit-et-Mixe,44.0273,-1.2704,1.5,1.5,False,Inconnue,,
2011,2011-08-09 13:02:00,8,06,Alpes-Maritimes,06069,Grasse,43.656,6.937,0.01,0.0,False,Accidentelle,,
2011,2011-08-10 15:55:00,8,33,Landes de Gascogne,33385,Saint-Christophe-de-Double,45.0838,0.0233,0.5,0.5,False,Inconnue,,
2011,2011-08-10 20:05:00,8,40,Landes de Gascogne,40217,Parentis-en-Born,44.3527,-1.0879,0.15,0.15,False,Inconnue,,
2011,2011-08-11 13:42:00,8,33,Landes de Gascogne,33205,Illats,44.6087,-0.3797,0.04,0.04,False,Inconnue,,
2011,2011-08-11 17:57:00,8,40,Landes de Gascogne,40309,Souprosse,43.7927,-0.7195,0.1,0.1,False,Involontaire (travaux),,
2011,2011-08-15 16:08:00,8,40,Landes de Gascogne,40296,Seignosse,43.7055,-1.3939,0.06,0.06,False,Inconnue,,
2011,2011-08-16 12:44:00,8,06,Alpes-Maritimes,06088,Nice,43.7032,7.2528,0.006,0.0,False,Malveillance,,
2011,2011-08-17 10:09:00,8,40,Landes de Gascogne,40137,Lacquy,43.9584,-0.2848,0.0001,0.0001,False,Inconnue,,
2011,2011-08-18 16:30:00,8,33,Landes de Gascogne,33109,Castres-Gironde,44.6866,-0.4566,0.02,0.02,False,Inconnue,,
2011,2011-08-18 21:44:00,8,33,Landes de Gascogne,33014,Les Artigues-de-Lussac,44.9735,-0.1427,0.02,0.02,False,Inconnue,,
2011,2011-08-18 22:04:00,8,33,Landes de Gascogne,33393,Saint-Denis-de-Pile,44.9893,-0.1833,0.005,0.005,False,Inconnue,,
2011,2011-08-19 10:38:00,8,40,Landes de Gascogne,40167,Luxey,44.2382,-0.5061,0.001,0.001,False,Naturelle,,
2011,2011-08-21 02:20:00,8,40,Landes de Gascogne,40167,Luxey,44.2382,-0.5061,0.5,0.5,False,Accidentelle,,
2011,2011-08-21 05:45:00,8,40,Landes de Gascogne,40296,Seignosse,43.7055,-1.3939,0.12,0.12,False,Inconnue,,
2011,2011-08-21 12:51:00,8,33,Landes de Gascogne,33494,Salaunes,44.9281,-0.8502,0.5,0.25,False,Naturelle,,
2011,2011-08-21 13:16:00,8,33,Landes de Gascogne,33412,Saint-Germain-d'Esteuil,45.2534,-0.8886,0.3,0.3,False,Inconnue,,
2011,2011-08-21 14:06:00,8,33,Landes de Gascogne,33214,Lacanau,44.9879,-1.096,0.3,0.3,False,Inconnue,,
2011,2011-08-21 14:16:00,8,33,Landes de Gascogne,33070,Brach,45.0409,-0.9468,1.0,1.0,False,Naturelle,,
2011,2011-08-21 15:26:00,8,33,Landes de Gascogne,33214,Lacanau,44.9879,-1.096,0.05,0.05,False,Naturelle,,
2011,2011-08-21 17:38:00,8,33,Landes de Gascogne,33503,Saumos,44.9119,-1.0029,0.8,0.8,False,Inconnue,,
2011,2011-08-21 18:03:00,8,40,Landes de Gascogne,40053,Bourriot-Bergonce,44.153,-0.2091,2.0,2.0,False,Inconnue,,
2011,2011-08-21 18:43:00,8,33,Landes de Gascogne,33333,Le Porge,44.8649,-1.1351,0.06,0.06,False,Naturelle,,
2011,2011-08-22 08:56:00,8,33,Landes de Gascogne,33070,Brach,45.0409,-0.9468,3.5,3.5,False,Naturelle,,
2011,2011-08-22 11:16:00,8,06,Alpes-Maritimes,06012,Beausoleil,43.7471,7.4227,0.05,0.0,False,Involontaire (travaux),,
2011,2011-08-22 14:58:00,8,33,Landes de Gascogne,33412,Saint-Germain-d'Esteuil,45.2534,-0.8886,0.6,0.6,False,Involontaire (travaux),,
2011,2011-08-22 16:09:00,8,33,Landes de Gascogne,33503,Saumos,44.9119,-1.0029,0.5,0.5,False,Naturelle,,
2011,2011-08-22 17:23:00,8,33,Landes de Gascogne,33529,La Teste-de-Buch,44.586,-1.1809,0.06,0.06,False,Inconnue,,
2011,2011-08-22 20:43:00,8,33,Landes de Gascogne,33494,Salaunes,44.9281,-0.8502,0.2,0.2,False,Naturelle,,
2011,2011-08-23 06:48:00,8,06,Alpes-Maritimes,06141,Toudon,43.8857,7.1094,0.015,0.0,False,Involontaire (particulier),,
2011,2011-08-23 15:10:00,8,06,Alpes-Maritimes,06074,Lantosque,43.9787,7.3121,0.25,0.0,False,Involontaire (particulier),,
2011,2011-08-23 18:36:00,8,33,Landes de Gascogne,33307,Noaillan,44.4812,-0.3698,0.005,0.005,False,Accidentelle,,
2011,2011-08-23 21:33:00,8,33,Landes de Gascogne,33001,Abzac,45.0123,-0.1281,0.05,0.025,False,Inconnue,,
2011,2011-08-24 16:48:00,8,40,Landes de Gascogne,40168,Magescq,43.7753,-1.1841,0.01,0.01,False,Malveillance,,
2011,2011-08-25 13:40:00,8,33,Landes de Gascogne,33555,Marcheprime,44.7033,-0.8557,1.0,1.0,False,Naturelle,,
2011,2011-08-25 16:38:00,8,40,Landes de Gascogne,40184,Mimizan,44.1996,-1.2323,0.5,0.5,False,Naturelle,,
2011,2011-08-28 15:37:00,8,06,Alpes-Maritimes,06053,Daluis,44.0426,6.8045,0.02,0.0,False,Malveillance,,
2011,2011-08-29 15:26:00,8,06,Alpes-Maritimes,06111,Roure,44.1139,7.0603,0.06,0.0,False,Involontaire (travaux),,
2011,2011-08-29 17:35:00,8,06,Alpes-Maritimes,06053,Daluis,44.0426,6.8045,0.06,0.0,False,Malveillance,,
2011,2011-08-30 13:17:00,8,06,Alpes-Maritimes,06023,Breil-sur-Roya,43.9379,7.4996,0.1,0.0,False,Involontaire (particulier),,
2011,2011-08-31 16:04:00,8,33,Landes de Gascogne,33424,Saint-Laurent-Médoc,45.1402,-0.8557,0.006,0.006,False,Naturelle,,
2011,2011-08-31 22:37:00,8,40,Landes de Gascogne,40053,Bourriot-Bergonce,44.153,-0.2091,2.0,2.0,False,Inconnue,,
2011,2011-09-01 11:39:00,9,33,Landes de Gascogne,33436,Saint-Magne,44.559,-0.6623,0.001,0.001,False,Naturelle,,
2011,2011-09-01 13:10:00,9,40,Landes de Gascogne,40266,Saint-Julien-en-Born,44.0854,-1.2551,0.05,0.05,False,Naturelle,,
2011,2011-09-02 13:48:00,9,40,Landes de Gascogne,40111,Geloux,43.9784,-0.6374,0.2,0.15,False,Inconnue,,
2011,2011-09-02 15:10:00,9,40,Landes de Gascogne,40158,Losse,44.0948,-0.0933,0.5,0.5,False,Naturelle,,
2011,2011-09-02 16:25:00,9,33,Landes de Gascogne,33229,Lanton,44.7719,-0.9799,0.5,0.5,False,Naturelle,,
2011,2011-09-08 14:48:00,9,33,Landes de Gascogne,33471,Saint-Sauveur,45.1964,-0.8223,0.001,0.001,False,Inconnue,,
2011,2011-09-08 21:33:00,9,40,Landes de Gascogne,40222,Pey,43.6176,-1.2044,0.5,0.5,False,Inconnue,,
2011,2011-09-13 09:44:00,9,06,Alpes-Maritimes,06059,Èze,43.7299,7.3566,0.3,0.0,False,Involontaire (travaux),,
2011,2011-09-13 17:45:00,9,40,Landes de Gascogne,40107,Garrosse,,,0.002,0.002,False,Inconnue,,
2011,2011-09-14 16:07:00,9,33,Landes de Gascogne,33555,Marcheprime,44.7033,-0.8557,0.15,0.15,False,Inconnue,,
2011,2011-09-15 01:10:00,9,40,Landes de Gascogne,40243,Rion-des-Landes,43.9318,-0.9436,0.03,0.03,False,Accidentelle,,
2011,2011-09-16 00:14:00,9,40,Landes de Gascogne,40046,Biscarrosse,44.4077,-1.1525,0.15,0.15,False,Inconnue,,
2011,2011-09-16 00:58:00,9,40,Landes de Gascogne,40015,Arx,44.1087,0.0843,0.0002,0.0002,False,Naturelle,,
2011,2011-09-16 15:54:00,9,33,Landes de Gascogne,33527,Le Teich,44.5805,-1.0234,0.2,0.2,False,Inconnue,,
2011,2011-09-16 16:10:00,9,40,Landes de Gascogne,40046,Biscarrosse,44.4077,-1.1525,0.05,0.05,False,Inconnue,,
2011,2011-09-17 15:51:00,9,06,Alpes-Maritimes,06019,Blausasc,43.7938,7.357,0.08,0.0,False,Inconnue,,
2011,2011-09-19 09:55:00,9,06,Alpes-Maritimes,06073,Isola,44.1903,7.0835,0.007,0.0,False,Naturelle,,
2011,2011-09-21 17:07:00,9,40,Landes de Gascogne,40250,Saint-Avit,43.9439,-0.4527,1.0,1.0,False,Naturelle,,
2011,2011-09-22 16:36:00,9,40,Landes de Gascogne,40246,Sabres,44.1532,-0.7332,0.03,0.03,False,Involontaire (travaux),,
2011,2011-09-27 14:25:00,9,06,Alpes-Maritimes,06140,Le Tignet,43.6257,6.8538,0.02,0.0,False,Involontaire (particulier),,
2011,2011-09-27 22:40:00,9,33,Landes de Gascogne,33019,Audenge,44.7133,-0.9533,0.05,0.05,False,Accidentelle,,
2011,2011-09-28 08:40:00,9,06,Alpes-Maritimes,06073,Isola,44.1903,7.0835,0.0025,0.0,False,Inconnue,,
2011,2011-09-28 12:38:00,9,33,Landes de Gascogne,33214,Lacanau,44.9879,-1.096,0.003,0.003,False,Inconnue,,
2011,2011-09-28 13:31:00,9,06,Alpes-Maritimes,06019,Blausasc,43.7938,7.357,0.25,0.0,False,Inconnue,,
2011,2011-09-28 15:16:00,9,06,Alpes-Maritimes,06139,Thiéry,43.9759,7.0365,3.1597,1.5,False,Naturelle,,
2011,2011-09-28 15:52:00,9,33,Landes de Gascogne,33449,Saint-Médard-en-Jalles,44.8861,-0.7823,108.17,108.17,True,Accidentelle,,
2011,2011-09-29 02:42:00,9,33,Landes de Gascogne,33529,La Teste-de-Buch,44.586,-1.1809,0.1,0.1,False,Accidentelle,,
2011,2011-09-29 14:56:00,9,33,Landes de Gascogne,33446,Saint-Martin-du-Puy,44.6751,-0.0367,0.03,0.03,False,Involontaire (particulier),,
2011,2011-09-29 22:02:00,9,06,Alpes-Maritimes,06088,Nice,43.7032,7.2528,0.8,0.0,False,Inconnue,,
2011,2011-09-30 16:18:00,9,33,Landes de Gascogne,33159,Étauliers,45.2221,-0.5851,0.2,0.2,False,Involontaire (particulier),,
2011,2011-09-30 16:57:00,9,33,Landes de Gascogne,33473,Saint-Savin,45.1611,-0.4449,0.3,0.3,False,Inconnue,,
2011,2011-09-30 18:46:00,9,40,Landes de Gascogne,40310,Soustons,43.754,-1.3305,3.0,3.0,False,Inconnue,,
2011,2011-10-01 23:33:00,10,06,Alpes-Maritimes,06006,Aspremont,43.7772,7.2423,0.03,0.0,False,Involontaire (particulier),,
2011,2011-10-02 01:38:00,10,33,Landes de Gascogne,33122,Cestas,44.7274,-0.7349,0.005,0.005,False,Accidentelle,,
2011,2011-10-02 14:16:00,10,33,Landes de Gascogne,33414,Saint-Germain-de-la-Rivière,44.9442,-0.3292,1.5,1.5,False,Inconnue,,
2011,2011-10-02 16:08:00,10,33,Landes de Gascogne,33172,Fours,45.1745,-0.6392,0.01,0.01,False,Accidentelle,,
2011,2011-10-02 17:45:00,10,06,Alpes-Maritimes,06127,Saint-Martin-Vésubie,44.0944,7.307,0.03,0.0,False,Involontaire (particulier),,
2011,2011-10-02 21:04:00,10,33,Landes de Gascogne,33002,Aillas,44.4848,-0.0673,0.1,0.1,False,Accidentelle,,
2011,2011-10-03 12:46:00,10,06,Alpes-Maritimes,06112,Le Rouret,43.6803,7.0081,0.1,0.0,False,Involontaire (particulier),,
2011,2011-10-03 18:51:00,10,40,Landes de Gascogne,40030,Baudignan,44.0913,0.0404,0.1,0.1,False,Inconnue,,
2011,2011-10-04 11:14:00,10,33,Landes de Gascogne,33193,Grayan-et-l'Hôpital,45.4324,-1.1057,0.001,0.001,False,Inconnue,,
2011,2011-10-04 17:42:00,10,40,Landes de Gascogne,40261,Saint-Geours-de-Maremne,43.6854,-1.2348,0.05,0.05,False,Accidentelle,,
2011,2011-10-05 15:05:00,10,40,Landes de Gascogne,40246,Sabres,44.1532,-0.7332,12.4,12.4,False,Involontaire (travaux),,
2011,2011-10-05 23:21:00,10,33,Landes de Gascogne,33540,Vendays-Montalivet,45.3378,-1.0953,0.3,0.3,False,Inconnue,,
2011,2011-10-06 12:45:00,10,33,Landes de Gascogne,33393,Saint-Denis-de-Pile,44.9893,-0.1833,0.1,0.1,False,Involontaire (particulier),,
2011,2011-10-06 13:30:00,10,33,Landes de Gascogne,33449,Saint-Médard-en-Jalles,44.8861,-0.7823,0.05,0.05,False,Inconnue,,
2011,2011-10-07 08:35:00,10,06,Alpes-Maritimes,06050,Coursegoules,43.7898,7.0384,0.04,0.0,False,Inconnue,,
2011,2011-10-07 19:38:00,10,06,Alpes-Maritimes,06099,Puget-Théniers,43.9498,6.9049,1.1905,1.1905,False,Involontaire (particulier),,
2011,2011-10-08 14:48:00,10,06,Alpes-Maritimes,06088,Nice,43.7032,7.2528,0.2,0.0,False,Involontaire (particulier),,
2011,2011-10-08 16:57:00,10,06,Alpes-Maritimes,06067,Gorbio,43.787,7.4476,0.1,0.0,False,Involontaire (particulier),,
2011,2011-10-09 13:51:00,10,06,Alpes-Maritimes,06016,Beuil,44.1176,6.9693,1.2576,0.0,False,Involontaire (particulier),,
2011,2011-10-09 16:35:00,10,33,Landes de Gascogne,33336,Préchac,44.3859,-0.3715,0.05,0.05,False,Inconnue,,
2011,2011-10-11 12:53:00,10,33,Landes de Gascogne,33207,Izon,44.9188,-0.3561,0.003,0.003,False,Malveillance,,
2011,2011-10-12 15:46:00,10,33,Landes de Gascogne,33003,Ambarès-et-Lagrave,44.9517,-0.5,0.02,0.02,False,Inconnue,,
2011,2011-10-14 13:11:00,10,33,Landes de Gascogne,33284,Mios,44.6105,-0.8913,3.0,1.5,False,Inconnue,,
2011,2011-10-14 13:20:00,10,33,Landes de Gascogne,33036,Bazas,44.4409,-0.2177,0.001,0.001,False,Involontaire (particulier),,
2011,2011-10-14 17:24:00,10,06,Alpes-Maritimes,06049,Courmes,43.7514,7.0196,0.04,0.0,False,Malveillance,,
2011,2011-10-14 23:05:00,10,33,Landes de Gascogne,33376,Saint-Aubin-de-Médoc,44.9343,-0.7478,0.3,0.3,False,Inconnue,,
2011,2011-10-15 17:56:00,10,33,Landes de Gascogne,33473,Saint-Savin,45.1611,-0.4449,1.0,1.0,False,Inconnue,,
2011,2011-10-17 16:23:00,10,33,Landes de Gascogne,33051,Biganos,44.6599,-0.9582,0.05,0.05,False,Inconnue,,
2011,2011-10-18 22:15:00,10,33,Landes de Gascogne,33005,Andernos-les-Bains,44.7529,-1.082,0.003,0.003,False,Accidentelle,,
2011,2011-10-21 15:23:00,10,40,Landes de Gascogne,40006,Arengosse,44.0299,-0.7811,1.03,0.03,False,Involontaire (particulier),,
2011,2011-10-23 09:13:00,10,33,Landes de Gascogne,33009,Arcachon,44.6515,-1.1718,0.3,0.3,False,Inconnue,,
2011,2011-10-23 20:07:00,10,40,Landes de Gascogne,40257,Sainte-Eulalie-en-Born,44.2725,-1.2121,5.0,0.1,False,Inconnue,,
2011,2011-10-24 00:57:00,10,33,Landes de Gascogne,33503,Saumos,44.9119,-1.0029,13.42,13.42,False,Inconnue,,
2011,2011-10-28 14:40:00,10,06,Alpes-Maritimes,06092,Peillon,43.7727,7.3668,1.3441,0.5,False,Involontaire (particulier),,
2011,2011-11-14 16:16:00,11,33,Landes de Gascogne,33318,Pessac,44.786,-0.681,0.0005,0.0005,False,Inconnue,,
2011,2011-11-22 13:38:00,11,33,Landes de Gascogne,33422,Saint-Jean-d'Illac,44.7973,-0.8156,0.5,0.5,False,Inconnue,,
2011,2011-11-27 17:55:00,11,06,Alpes-Maritimes,06037,Caussols,43.7387,6.9071,0.03,0.0,False,Involontaire (travaux),,
2011,2011-11-29 16:56:00,11,33,Landes de Gascogne,33498,Salles,44.536,-0.8899,0.01,0.01,False,Inconnue,,
2011,2011-12-09 14:43:00,12,06,Alpes-Maritimes,06020,La Bollène-Vésubie,43.9945,7.3749,0.1,0.0,False,Inconnue,,
2011,2011-12-19 13:57:00,12,06,Alpes-Maritimes,06035,Castellar,43.8227,7.4989,0.15,0.0,False,Inconnue,,
2011,2011-12-25 00:12:00,12,06,Alpes-Maritimes,06148,Tourrettes-sur-Loup,43.718,7.0353,0.02,0.0,False,Involontaire (particulier),,
2011,2011-12-25 17:05:00,12,06,Alpes-Maritimes,06099,Puget-Théniers,43.9498,6.9049,0.35,0.0,False,Inconnue,,
2012,2012-01-01 00:29:00,1,06,Alpes-Maritimes,06148,Tourrettes-sur-Loup,43.718,7.0353,0.05,0.0,False,Involontaire (particulier),,
2012,2012-01-07 12:39:00,1,06,Alpes-Maritimes,06074,Lantosque,43.9787,7.3121,0.2,0.0,False,Inconnue,,
2012,2012-01-07 16:26:00,1,06,Alpes-Maritimes,06152,Valbonne,43.6267,7.0291,0.2,0.0,False,Involontaire (particulier),,
2012,2012-01-08 15:44:00,1,06,Alpes-Maritimes,06101,Rigaud,43.9942,6.976,0.1,0.0,False,Malveillance,,
2012,2012-01-09 11:22:00,1,06,Alpes-Maritimes,06075,Levens,43.8501,7.2358,0.15,0.0,False,Involontaire (travaux),,
2012,2012-01-09 14:30:00,1,06,Alpes-Maritimes,06081,Le Mas,43.8388,6.8572,0.25,0.0,False,Inconnue,,
2012,2012-01-17 13:15:00,1,06,Alpes-Maritimes,06042,Clans,44.003,7.1827,51.8181,27.4,False,Involontaire (travaux),,
2012,2012-01-20 15:16:00,1,06,Alpes-Maritimes,06148,Tourrettes-sur-Loup,43.718,7.0353,0.3,0.0,False,Involontaire (particulier),,
2012,2012-01-20 15:32:00,1,06,Alpes-Maritimes,06015,Berre-les-Alpes,43.8342,7.3306,0.15,0.0,False,Involontaire (particulier),,
2012,2012-01-22 12:30:00,1,06,Alpes-Maritimes,06163,Tende,44.0971,7.5499,2.603,0.0,False,Involontaire (particulier),,
2012,2012-01-24 11:37:00,1,06,Alpes-Maritimes,06053,Daluis,44.0426,6.8045,1.6736,0.0,False,Malveillance,,
2012,2012-01-24 23:14:00,1,06,Alpes-Maritimes,06122,Saint-Jeannet,43.7619,7.1477,0.5,0.0,False,Involontaire (travaux),,
2012,2012-01-25 15:07:00,1,06,Alpes-Maritimes,06041,Cipières,43.7665,6.9229,0.03,0.0,False,Malveillance,,
2012,2012-01-26 07:14:00,1,06,Alpes-Maritimes,06089,Opio,43.6574,7.0094,0.025,0.0,False,Malveillance,,
2012,2012-02-04 18:09:00,2,40,Landes de Gascogne,40171,Mano,44.4288,-0.6703,0.3,0.3,False,Inconnue,,
2012,2012-02-06 17:40:00,2,06,Alpes-Maritimes,06059,Èze,43.7299,7.3566,0.3,0.0,False,Involontaire (particulier),,
2012,2012-02-12 12:46:00,2,06,Alpes-Maritimes,06150,La Turbie,43.7462,7.3973,0.01,0.0,False,Inconnue,,
2012,2012-02-14 14:24:00,2,06,Alpes-Maritimes,06083,Menton,43.7961,7.498,0.035,0.0,False,Inconnue,,
2012,2012-02-14 14:47:00,2,06,Alpes-Maritimes,06066,Gilette,43.8436,7.1602,0.05,0.0,False,Involontaire (particulier),,
2012,2012-02-15 18:19:00,2,06,Alpes-Maritimes,06074,Lantosque,43.9787,7.3121,0.05,0.0,False,Inconnue,,
2012,2012-02-19 18:26:00,2,06,Alpes-Maritimes,06074,Lantosque,43.9787,7.3121,0.1,0.0,False,Inconnue,,
2012,2012-02-20 13:49:00,2,06,Alpes-Maritimes,06057,L'Escarène,43.8303,7.3665,5.24,0.0,False,Involontaire (travaux),,
2012,2012-02-20 15:30:00,2,33,Landes de Gascogne,33126,Civrac-de-Blaye,45.1124,-0.4574,0.35,0.35,False,Involontaire (particulier),,
2012,2012-02-20 15:34:00,2,40,Landes de Gascogne,40319,Trensacq,44.232,-0.7015,0.9,0.9,False,Inconnue,,
2012,2012-02-20 17:46:00,2,06,Alpes-Maritimes,06066,Gilette,43.8436,7.1602,0.02,0.0,False,Involontaire (particulier),,
2012,2012-02-20 18:03:00,2,06,Alpes-Maritimes,06062,Fontan,44.0213,7.5527,0.05,0.0,False,Inconnue,,
2012,2012-02-20 18:09:00,2,33,Landes de Gascogne,33192,Gradignan,44.7681,-0.6163,0.002,0.002,False,Inconnue,,
2012,2012-02-23 12:11:00,2,06,Alpes-Maritimes,06013,Belvédère,44.0615,7.3612,0.3,0.0,False,Involontaire (particulier),,
2012,2012-02-23 16:28:00,2,40,Landes de Gascogne,40295,Saugnac-et-Muret,44.3893,-0.8494,0.02,0.02,False,Involontaire (travaux),,
2012,2012-02-25 02:41:00,2,06,Alpes-Maritimes,06088,Nice,43.7032,7.2528,0.05,0.0,False,Inconnue,,
2012,2012-02-26 06:07:00,2,06,Alpes-Maritimes,06074,Lantosque,43.9787,7.3121,37.7,27.0,False,Inconnue,,
2012,2012-02-26 15:18:00,2,06,Alpes-Maritimes,06071,Guillaumes,44.1007,6.8673,0.16,0.0,False,Involontaire (particulier),,
2012,2012-02-27 15:35:00,2,33,Landes de Gascogne,33006,Anglade,45.2123,-0.6414,0.06,0.06,False,Inconnue,,
2012,2012-02-27 16:56:00,2,33,Landes de Gascogne,33122,Cestas,44.7274,-0.7349,0.04,0.04,False,Accidentelle,,
2012,2012-02-28 14:40:00,2,40,Landes de Gascogne,40040,Beylongue,43.9201,-0.82,15.3,3.0,False,Involontaire (particulier),,
2012,2012-02-29 11:56:00,2,33,Landes de Gascogne,33076,Budos,44.537,-0.4058,0.002,0.002,False,Inconnue,,
2012,2012-02-29 16:19:00,2,33,Landes de Gascogne,33273,Martignas-sur-Jalle,44.8451,-0.8006,0.05,0.05,False,Inconnue,,
2012,2012-03-01 12:57:00,3,33,Landes de Gascogne,33484,Saint-Symphorien,44.4261,-0.5505,0.05,0.05,False,Inconnue,,
2012,2012-03-01 14:18:00,3,06,Alpes-Maritimes,06086,Moulinet,43.9503,7.4128,0.3,0.0,False,Inconnue,,
2012,2012-03-01 14:58:00,3,06,Alpes-Maritimes,06057,L'Escarène,43.8303,7.3665,0.2,0.0,False,Involontaire (particulier),,
2012,2012-03-01 18:18:00,3,06,Alpes-Maritimes,06138,Théoule-sur-Mer,43.499,6.9303,0.03,0.0,False,Involontaire (particulier),,
2012,2012-03-02 12:36:00,3,33,Landes de Gascogne,33336,Préchac,44.3859,-0.3715,1.0,1.0,False,Involontaire (particulier),,
2012,2012-03-02 14:41:00,3,33,Landes de Gascogne,33274,Martillac,44.7176,-0.558,2.05,0.05,False,Involontaire (particulier),,
2012,2012-03-03 13:31:00,3,40,Landes de Gascogne,40002,Amou,43.5891,-0.7464,0.4,0.4,False,Inconnue,,
2012,2012-03-03 13:33:00,3,06,Alpes-Maritimes,06026,Cabris,43.6602,6.8782,0.8,0.0,False,Involontaire (particulier),,
2012,2012-03-03 13:46:00,3,06,Alpes-Maritimes,06023,Breil-sur-Roya,43.9379,7.4996,0.5,0.0,False,Involontaire (particulier),,
2012,2012-03-03 15:05:00,3,33,Landes de Gascogne,33213,La Brède,44.6777,-0.5396,0.5,0.25,False,Involontaire (travaux),,
2012,2012-03-03 17:19:00,3,40,Landes de Gascogne,40192,Mont-de-Marsan,43.8931,-0.5009,0.01,0.01,False,Malveillance,,
2012,2012-03-05 12:54:00,3,33,Landes de Gascogne,33484,Saint-Symphorien,44.4261,-0.5505,0.4,0.4,False,Inconnue,,
2012,2012-03-06 15:50:00,3,33,Landes de Gascogne,33484,Saint-Symphorien,44.4261,-0.5505,0.05,0.05,False,Inconnue,,
2012,2012-03-06 16:32:00,3,33,Landes de Gascogne,33484,Saint-Symphorien,44.4261,-0.5505,0.15,0.15,False,Inconnue,,
2012,2012-03-06 17:11:00,3,33,Landes de Gascogne,33484,Saint-Symphorien,44.4261,-0.5505,0.3,0.3,False,Inconnue,,
2012,2012-03-08 18:01:00,3,33,Landes de Gascogne,33333,Le Porge,44.8649,-1.1351,0.005,0.005,False,Involontaire (particulier),,
2012,2012-03-09 14:43:00,3,40,Landes de Gascogne,40058,Cachen,44.0863,-0.4163,0.84,0.84,False,Malveillance,,
2012,2012-03-09 14:46:00,3,33,Landes de Gascogne,33164,Fargues,44.5362,-0.2926,0.015,0.015,False,Inconnue,,
2012,2012-03-09 16:43:00,3,06,Alpes-Maritimes,06148,Tourrettes-sur-Loup,43.718,7.0353,3.99,0.0,False,Inconnue,,
2012,2012-03-09 18:24:00,3,33,Landes de Gascogne,33019,Audenge,44.7133,-0.9533,0.8,0.8,False,Inconnue,,
2012,2012-03-11 14:07:00,3,40,Landes de Gascogne,40075,Castets,43.8806,-1.1487,0.0002,0.0002,False,Inconnue,,
2012,2012-03-11 15:45:00,3,40,Landes de Gascogne,40217,Parentis-en-Born,44.3527,-1.0879,1.5,1.5,False,Inconnue,,
2012,2012-03-12 13:35:00,3,33,Landes de Gascogne,33237,Léogeats,44.5053,-0.3648,1.0,0.5,False,Inconnue,,
2012,2012-03-12 14:07:00,3,33,Landes de Gascogne,33095,Captieux,44.2621,-0.2981,0.3,0.15,False,Inconnue,,
2012,2012-03-12 15:00:00,3,33,Landes de Gascogne,33382,Saint-Christoly-de-Blaye,45.1499,-0.4967,0.08,0.08,False,Involontaire (particulier),,
2012,2012-03-12 16:14:00,3,06,Alpes-Maritimes,06071,Guillaumes,44.1007,6.8673,0.3301,0.0,False,Involontaire (travaux),,
2012,2012-03-12 16:26:00,3,06,Alpes-Maritimes,06073,Isola,44.1903,7.0835,0.3,0.0,False,Inconnue,,
2012,2012-03-12 17:06:00,3,33,Landes de Gascogne,33494,Salaunes,44.9281,-0.8502,2.5,2.5,False,Inconnue,,
2012,2012-03-12 18:55:00,3,33,Landes de Gascogne,33490,Saint-Vivien-de-Médoc,45.4678,-0.9975,0.003,0.003,False,Inconnue,,
2012,2012-03-13 20:36:00,3,06,Alpes-Maritimes,06023,Breil-sur-Roya,43.9379,7.4996,0.58,0.0,False,Inconnue,,
2012,2012-03-13 20:51:00,3,33,Landes de Gascogne,33251,Louchats,44.5104,-0.5691,1.5,1.5,False,Inconnue,,
2012,2012-03-14 15:48:00,3,33,Landes de Gascogne,33318,Pessac,44.786,-0.681,0.001,0.001,False,Inconnue,,
2012,2012-03-15 13:18:00,3,33,Landes de Gascogne,33484,Saint-Symphorien,44.4261,-0.5505,0.1,0.1,False,Inconnue,,
2012,2012-03-15 14:27:00,3,33,Landes de Gascogne,33348,Queyrac,45.3565,-0.9952,0.51,0.01,False,Involontaire (particulier),,
2012,2012-03-15 14:54:00,3,33,Landes de Gascogne,33498,Salles,44.536,-0.8899,0.5,0.5,False,Inconnue,,
2012,2012-03-15 18:16:00,3,40,Landes de Gascogne,40166,Lussagnet,43.772,-0.2345,0.02,0.02,False,Inconnue,,
2012,2012-03-15 18:34:00,3,33,Landes de Gascogne,33305,Le Nizan,44.4722,-0.2802,0.15,0.15,False,Involontaire (travaux),,
2012,2012-03-15 20:12:00,3,33,Landes de Gascogne,33251,Louchats,44.5104,-0.5691,1.5,1.5,False,Inconnue,,
2012,2012-03-15 20:46:00,3,33,Landes de Gascogne,33251,Louchats,44.5104,-0.5691,0.05,0.05,False,Inconnue,,
2012,2012-03-16 09:32:00,3,06,Alpes-Maritimes,06062,Fontan,44.0213,7.5527,2.73,2.73,False,Inconnue,,
2012,2012-03-16 10:00:00,3,06,Alpes-Maritimes,06116,Saint-Auban,43.8319,6.7367,12.05,5.0,False,Involontaire (travaux),,
2012,2012-03-16 11:49:00,3,06,Alpes-Maritimes,06157,Vence,43.7373,7.0995,0.4,0.0,False,Inconnue,,
2012,2012-03-16 15:44:00,3,33,Landes de Gascogne,33122,Cestas,44.7274,-0.7349,0.005,0.005,False,Inconnue,,
2012,2012-03-16 18:00:00,3,06,Alpes-Maritimes,06024,Briançonnet,43.8654,6.7325,0.61,0.0,False,Inconnue,,
2012,2012-03-17 20:30:00,3,33,Landes de Gascogne,33109,Castres-Gironde,44.6866,-0.4566,0.005,0.005,False,Inconnue,,
2012,2012-03-18 00:32:00,3,06,Alpes-Maritimes,06086,Moulinet,43.9503,7.4128,0.4,0.0,False,Inconnue,,
2012,2012-03-20 14:34:00,3,33,Landes de Gascogne,33155,Escaudes,44.3174,-0.2043,0.6,0.6,False,Inconnue,,
2012,2012-03-22 06:50:00,3,06,Alpes-Maritimes,06153,Valdeblore,44.1152,7.1949,0.79,0.0,False,Inconnue,,
2012,2012-03-22 14:40:00,3,06,Alpes-Maritimes,06046,Colomars,43.757,7.2212,1.3,0.0,False,Involontaire (particulier),,
2012,2012-03-22 16:47:00,3,06,Alpes-Maritimes,06050,Coursegoules,43.7898,7.0384,54.27,0.0,False,Inconnue,,
2012,2012-03-22 19:01:00,3,06,Alpes-Maritimes,06041,Cipières,43.7665,6.9229,0.904,0.0,False,Malveillance,,
2012,2012-03-23 09:56:00,3,06,Alpes-Maritimes,06098,Puget-Rostang,44.0056,6.9333,0.96,0.0,False,Involontaire (particulier),,
2012,2012-03-23 13:02:00,3,40,Landes de Gascogne,40046,Biscarrosse,44.4077,-1.1525,1.0,1.0,False,Inconnue,,
2012,2012-03-23 14:32:00,3,33,Landes de Gascogne,33151,Donnezac,45.2397,-0.4468,1.0,1.0,False,Involontaire (travaux),,
2012,2012-03-23 18:25:00,3,40,Landes de Gascogne,40284,Saint-Vincent-de-Tyrosse,43.663,-1.3013,0.01,0.01,False,Malveillance,,
2012,2012-03-24 11:54:00,3,33,Landes de Gascogne,33540,Vendays-Montalivet,45.3378,-1.0953,0.05,0.05,False,Inconnue,,
2012,2012-03-24 14:17:00,3,33,Landes de Gascogne,33238,Léognan,44.7236,-0.6172,0.015,0.015,False,Involontaire (particulier),,
2012,2012-03-24 17:59:00,3,33,Landes de Gascogne,33097,Carcans,45.0794,-1.0404,0.35,0.35,False,Accidentelle,,
2012,2012-03-25 04:04:00,3,33,Landes de Gascogne,33122,Cestas,44.7274,-0.7349,2.0,2.0,False,Inconnue,,
2012,2012-03-25 13:15:00,3,33,Landes de Gascogne,33214,Lacanau,44.9879,-1.096,0.4,0.4,False,Inconnue,,
2012,2012-03-25 19:42:00,3,33,Landes de Gascogne,33005,Andernos-les-Bains,44.7529,-1.082,0.01,0.01,False,Inconnue,,
2012,2012-03-25 20:50:00,3,33,Landes de Gascogne,33011,Arès,44.7997,-1.0837,0.01,0.01,False,Involontaire (particulier),,
2012,2012-03-26 13:53:00,3,33,Landes de Gascogne,33233,Laruscade,45.1206,-0.3394,0.5,0.1,False,Involontaire (particulier),,
2012,2012-03-26 14:47:00,3,06,Alpes-Maritimes,06013,Belvédère,44.0615,7.3612,0.08,0.0,False,Involontaire (particulier),,
2012,2012-03-26 16:56:00,3,33,Landes de Gascogne,33540,Vendays-Montalivet,45.3378,-1.0953,0.04,0.04,False,Inconnue,,
2012,2012-03-26 17:45:00,3,33,Landes de Gascogne,33019,Audenge,44.7133,-0.9533,0.15,0.15,False,Inconnue,,
2012,2012-03-26 18:03:00,3,06,Alpes-Maritimes,06083,Menton,43.7961,7.498,0.02,0.0,False,Involontaire (particulier),,
2012,2012-03-26 19:02:00,3,33,Landes de Gascogne,33081,Cadillac-sur-Garonne,44.6407,-0.3076,0.002,0.002,False,Inconnue,,
2012,2012-03-26 22:12:00,3,33,Landes de Gascogne,33310,Origne,44.5025,-0.509,5.0,5.0,False,Inconnue,,
2012,2012-03-26 23:11:00,3,33,Landes de Gascogne,33484,Saint-Symphorien,44.4261,-0.5505,0.1,0.1,False,Inconnue,,
2012,2012-03-27 16:50:00,3,33,Landes de Gascogne,33122,Cestas,44.7274,-0.7349,0.0994,0.0494,False,Inconnue,,
2012,2012-03-27 19:29:00,3,33,Landes de Gascogne,33542,Vérac,44.9939,-0.337,0.2,0.2,False,Involontaire (travaux),,
2012,2012-03-28 15:36:00,3,33,Landes de Gascogne,33122,Cestas,44.7274,-0.7349,0.8,0.8,False,Involontaire (particulier),,
2012,2012-03-28 15:57:00,3,06,Alpes-Maritimes,06088,Nice,43.7032,7.2528,0.9,0.0,False,Involontaire (particulier),,
2012,2012-03-28 16:06:00,3,06,Alpes-Maritimes,06050,Coursegoules,43.7898,7.0384,0.05,0.0,False,Inconnue,,
2012,2012-03-28 16:15:00,3,33,Landes de Gascogne,33333,Le Porge,44.8649,-1.1351,0.01,0.01,False,Involontaire (travaux),,
2012,2012-03-28 17:14:00,3,06,Alpes-Maritimes,06050,Coursegoules,43.7898,7.0384,0.3,0.0,False,Inconnue,,
2012,2012-03-28 17:45:00,3,33,Landes de Gascogne,33020,Auriolles,44.7333,0.0444,0.15,0.15,False,Involontaire (particulier),,
2012,2012-03-28 17:46:00,3,40,Landes de Gascogne,40053,Bourriot-Bergonce,44.153,-0.2091,1.5,1.5,False,Inconnue,,
2012,2012-03-28 17:57:00,3,33,Landes de Gascogne,33229,Lanton,44.7719,-0.9799,1.5,0.2,False,Inconnue,,
2012,2012-03-28 21:59:00,3,33,Landes de Gascogne,33540,Vendays-Montalivet,45.3378,-1.0953,1.0,1.0,False,Inconnue,,
2012,2012-03-29 14:09:00,3,33,Landes de Gascogne,33473,Saint-Savin,45.1611,-0.4449,0.1,0.1,False,Inconnue,,
2012,2012-03-29 14:17:00,3,33,Landes de Gascogne,33473,Saint-Savin,45.1611,-0.4449,0.1,0.1,False,Inconnue,,
2012,2012-03-29 14:32:00,3,33,Landes de Gascogne,33473,Saint-Savin,45.1611,-0.4449,0.05,0.05,False,Inconnue,,
2012,2012-03-29 14:34:00,3,33,Landes de Gascogne,33473,Saint-Savin,45.1611,-0.4449,0.15,0.15,False,Inconnue,,
2012,2012-03-29 16:16:00,3,06,Alpes-Maritimes,06050,Coursegoules,43.7898,7.0384,0.72,0.0,False,Malveillance,,
2012,2012-03-29 19:39:00,3,06,Alpes-Maritimes,06074,Lantosque,43.9787,7.3121,18.95,12.95,False,Inconnue,,
2012,2012-03-29 20:07:00,3,06,Alpes-Maritimes,06013,Belvédère,44.0615,7.3612,0.08,0.0,False,Inconnue,,
2012,2012-03-29 23:07:00,3,33,Landes de Gascogne,33382,Saint-Christoly-de-Blaye,45.1499,-0.4967,0.05,0.05,False,Inconnue,,
2012,2012-03-30 10:53:00,3,33,Landes de Gascogne,33473,Saint-Savin,45.1611,-0.4449,0.05,0.05,False,Inconnue,,
2012,2012-03-30 11:38:00,3,33,Landes de Gascogne,33473,Saint-Savin,45.1611,-0.4449,0.15,0.15,False,Inconnue,,
2012,2012-03-30 13:48:00,3,06,Alpes-Maritimes,06042,Clans,44.003,7.1827,0.03,0.0,False,Involontaire (particulier),,
2012,2012-03-30 14:02:00,3,33,Landes de Gascogne,33097,Carcans,45.0794,-1.0404,1.0,1.0,False,Involontaire (travaux),,
2012,2012-03-30 14:11:00,3,33,Landes de Gascogne,33011,Arès,44.7997,-1.0837,0.4991,0.4991,False,Inconnue,,
2012,2012-03-30 14:42:00,3,33,Landes de Gascogne,33337,Preignac,44.5719,-0.3106,2.0,2.0,False,Inconnue,,
2012,2012-03-30 16:50:00,3,33,Landes de Gascogne,33548,Villegouge,44.9748,-0.3144,4.0,4.0,False,Accidentelle,,
2012,2012-03-31 08:29:00,3,40,Landes de Gascogne,40105,Garein,44.0521,-0.6514,0.003,0.003,False,Inconnue,,
2012,2012-03-31 16:46:00,3,33,Landes de Gascogne,33122,Cestas,44.7274,-0.7349,0.3,0.3,False,Inconnue,,
2012,2012-04-01 16:11:00,4,33,Landes de Gascogne,33452,Saint-Michel-de-Rieufret,44.6273,-0.4453,0.5,0.5,False,Accidentelle,,
2012,2012-04-01 17:17:00,4,06,Alpes-Maritimes,06048,Contes,43.8133,7.3263,0.08,0.0,False,Inconnue,,
2012,2012-04-01 22:10:00,4,06,Alpes-Maritimes,06074,Lantosque,43.9787,7.3121,0.03,0.0,False,Inconnue,,
2012,2012-04-01 23:40:00,4,40,Landes de Gascogne,40284,Saint-Vincent-de-Tyrosse,43.663,-1.3013,0.8,0.8,False,Inconnue,,
2012,2012-04-02 17:31:00,4,40,Landes de Gascogne,40046,Biscarrosse,44.4077,-1.1525,0.07,0.07,False,Inconnue,,
2012,2012-04-02 19:22:00,4,40,Landes de Gascogne,40184,Mimizan,44.1996,-1.2323,0.0025,0.0025,False,Involontaire (particulier),,
2012,2012-04-02 19:40:00,4,06,Alpes-Maritimes,06077,Lucéram,43.8997,7.3506,1.32,0.0,False,Inconnue,,
2012,2012-04-02 23:16:00,4,33,Landes de Gascogne,33202,Hostens,44.4834,-0.6616,0.003,0.003,False,Malveillance,,
2012,2012-04-03 07:47:00,4,33,Landes de Gascogne,33011,Arès,44.7997,-1.0837,0.1,0.1,False,Inconnue,,
2012,2012-04-03 14:20:00,4,06,Alpes-Maritimes,06116,Saint-Auban,43.8319,6.7367,0.025,0.0,False,Inconnue,,
2012,2012-04-03 21:01:00,4,33,Landes de Gascogne,33159,Étauliers,45.2221,-0.5851,0.01,0.01,False,Inconnue,,
2012,2012-04-06 19:12:00,4,33,Landes de Gascogne,33498,Salles,44.536,-0.8899,0.001,0.001,False,Naturelle,,
2012,2012-04-07 16:27:00,4,06,Alpes-Maritimes,06147,Tourrette-Levens,43.7882,7.275,0.6,0.0,False,Accidentelle,,
2012,2012-04-09 17:05:00,4,33,Landes de Gascogne,33019,Audenge,44.7133,-0.9533,2.0,2.0,False,Involontaire (particulier),,
2012,2012-04-14 17:10:00,4,33,Landes de Gascogne,33281,Mérignac,44.8313,-0.682,0.3,0.3,False,Inconnue,,
2012,2012-04-16 14:34:00,4,33,Landes de Gascogne,33527,Le Teich,44.5805,-1.0234,0.0005,0.0005,False,Inconnue,,
2012,2012-04-28 15:32:00,4,06,Alpes-Maritimes,06035,Castellar,43.8227,7.4989,12.44,0.0,False,Inconnue,,
2012,2012-05-02 17:17:00,5,33,Landes de Gascogne,33273,Martignas-sur-Jalle,44.8451,-0.8006,0.06,0.06,False,Inconnue,,
2012,2012-05-04 18:29:00,5,33,Landes de Gascogne,33229,Lanton,44.7719,-0.9799,0.002,0.002,False,Involontaire (particulier),,
2012,2012-05-05 14:18:00,5,33,Landes de Gascogne,33498,Salles,44.536,-0.8899,0.5,0.5,False,Malveillance,,
2012,2012-05-06 16:15:00,5,40,Landes de Gascogne,40310,Soustons,43.754,-1.3305,1.0,1.0,False,Malveillance,,
2012,2012-05-07 15:46:00,5,40,Landes de Gascogne,40317,Tosse,43.6952,-1.316,3.0,3.0,False,Inconnue,,
2012,2012-05-07 19:12:00,5,33,Landes de Gascogne,33284,Mios,44.6105,-0.8913,0.15,0.15,False,Inconnue,,
2012,2012-05-13 17:18:00,5,33,Landes de Gascogne,33348,Queyrac,45.3565,-0.9952,0.03,0.03,False,Inconnue,,
2012,2012-05-13 20:43:00,5,33,Landes de Gascogne,33122,Cestas,44.7274,-0.7349,0.0001,0.0001,False,Inconnue,,
2012,2012-05-14 13:59:00,5,40,Landes de Gascogne,40154,Lévignacq,44.0128,-1.1452,0.2,0.2,False,Inconnue,,
2012,2012-05-14 18:08:00,5,33,Landes de Gascogne,33552,Virelade,44.6565,-0.3981,0.01,0.01,False,Inconnue,,
2012,2012-05-14 19:08:00,5,40,Landes de Gascogne,40287,Sanguinet,44.4776,-1.0903,0.3,0.3,False,Involontaire (travaux),,
2012,2012-05-14 23:23:00,5,33,Landes de Gascogne,33498,Salles,44.536,-0.8899,0.002,0.002,False,Accidentelle,,
2012,2012-05-16 15:51:00,5,33,Landes de Gascogne,33527,Le Teich,44.5805,-1.0234,0.2,0.2,False,Inconnue,,
2012,2012-05-16 22:22:00,5,33,Landes de Gascogne,33089,Campugnan,45.1834,-0.5607,0.01,0.01,False,Malveillance,,
2012,2012-05-17 16:27:00,5,33,Landes de Gascogne,33122,Cestas,44.7274,-0.7349,0.006,0.006,False,Inconnue,,
2012,2012-05-25 15:28:00,5,33,Landes de Gascogne,33213,La Brède,44.6777,-0.5396,0.1,0.1,False,Inconnue,,
2012,2012-05-27 11:57:00,5,33,Landes de Gascogne,33012,Arsac,44.9869,-0.7018,0.3,0.3,False,Inconnue,,
2012,2012-05-27 15:32:00,5,33,Landes de Gascogne,33541,Vensac,45.4039,-1.0821,0.0004,0.0004,False,Inconnue,,
2012,2012-05-28 09:12:00,5,33,Landes de Gascogne,33236,Lège-Cap-Ferret,44.7452,-1.174,0.002,0.002,False,Inconnue,,
2012,2012-05-28 17:40:00,5,33,Landes de Gascogne,33454,Saint-Morillon,44.6387,-0.5232,0.05,0.025,False,Involontaire (particulier),,
2012,2012-05-28 18:00:00,5,40,Landes de Gascogne,40272,Saint-Martin-de-Hinx,43.5803,-1.2684,0.005,0.005,False,Involontaire (travaux),,
2012,2012-05-28 22:08:00,5,33,Landes de Gascogne,33454,Saint-Morillon,44.6387,-0.5232,0.1,0.1,False,Accidentelle,,
2012,2012-05-29 13:53:00,5,33,Landes de Gascogne,33213,La Brède,44.6777,-0.5396,0.1,0.1,False,Inconnue,,
2012,2012-05-30 05:50:00,5,40,Landes de Gascogne,40046,Biscarrosse,44.4077,-1.1525,0.07,0.07,False,Inconnue,,
2012,2012-06-01 08:54:00,6,33,Landes de Gascogne,33264,Maransin,45.0748,-0.26,1.0,1.0,False,Accidentelle,,
2012,2012-06-01 21:37:00,6,33,Landes de Gascogne,33240,Lesparre-Médoc,45.2796,-0.9235,0.001,0.001,False,Accidentelle,,
2012,2012-06-02 16:32:00,6,40,Landes de Gascogne,40072,Castelnau-Tursan,43.6522,-0.4018,0.05,0.05,False,Inconnue,,
2012,2012-06-04 12:49:00,6,33,Landes de Gascogne,33503,Saumos,44.9119,-1.0029,0.25,0.25,False,Naturelle,,
2012,2012-06-15 17:44:00,6,33,Landes de Gascogne,33552,Virelade,44.6565,-0.3981,2.0,2.0,False,Inconnue,,
2012,2012-06-17 18:06:00,6,06,Alpes-Maritimes,06150,La Turbie,43.7462,7.3973,0.69,0.0,False,Accidentelle,,
2012,2012-06-17 18:25:00,6,33,Landes de Gascogne,33540,Vendays-Montalivet,45.3378,-1.0953,0.04,0.04,False,Inconnue,,
2012,2012-06-18 16:52:00,6,33,Landes de Gascogne,33214,Lacanau,44.9879,-1.096,0.006,0.006,False,Inconnue,,
2012,2012-06-21 13:23:00,6,40,Landes de Gascogne,40167,Luxey,44.2382,-0.5061,0.01,0.01,False,Naturelle,,
2012,2012-06-25 10:17:00,6,06,Alpes-Maritimes,06150,La Turbie,43.7462,7.3973,0.2,0.0,False,Inconnue,,
2012,2012-06-25 14:56:00,6,06,Alpes-Maritimes,06071,Guillaumes,44.1007,6.8673,1.9,0.0,False,Involontaire (travaux),,
2012,2012-06-26 07:41:00,6,33,Landes de Gascogne,33042,Belin-Béliet,44.4959,-0.7989,0.003,0.003,False,Accidentelle,,
2012,2012-06-26 10:35:00,6,06,Alpes-Maritimes,06067,Gorbio,43.787,7.4476,0.04,0.0,False,Involontaire (particulier),,
2012,2012-06-26 18:16:00,6,40,Landes de Gascogne,40242,Rimbez-et-Baudiets,44.0594,0.0473,0.15,0.15,False,Involontaire (travaux),,
2012,2012-06-29 16:59:00,6,33,Landes de Gascogne,33529,La Teste-de-Buch,44.586,-1.1809,0.08,0.08,False,Inconnue,,
2012,2012-07-01 14:25:00,7,33,Landes de Gascogne,33063,Bordeaux,44.8624,-0.5848,0.02,0.02,False,Inconnue,,
2012,2012-07-02 14:59:00,7,33,Landes de Gascogne,33213,La Brède,44.6777,-0.5396,0.08,0.08,False,Inconnue,,
2012,2012-07-02 15:36:00,7,33,Landes de Gascogne,33213,La Brède,44.6777,-0.5396,0.08,0.08,False,Inconnue,,
2012,2012-07-04 16:52:00,7,06,Alpes-Maritimes,06074,Lantosque,43.9787,7.3121,0.02,0.0,False,Naturelle,,
2012,2012-07-04 17:19:00,7,06,Alpes-Maritimes,06023,Breil-sur-Roya,43.9379,7.4996,0.01,0.0,False,Naturelle,,
2012,2012-07-07 14:05:00,7,06,Alpes-Maritimes,06007,Auribeau-sur-Siagne,43.6105,6.9118,0.4422,0.0,False,Involontaire (particulier),,
2012,2012-07-10 00:17:00,7,33,Landes de Gascogne,33529,La Teste-de-Buch,44.586,-1.1809,0.005,0.005,False,Inconnue,,
2012,2012-07-12 15:45:00,7,33,Landes de Gascogne,33056,Blanquefort,44.9216,-0.61,0.01,0.01,False,Inconnue,,
2012,2012-07-13 17:14:00,7,06,Alpes-Maritimes,06130,Saint-Vallier-de-Thiey,43.6994,6.8516,0.1,0.0,False,Inconnue,,
2012,2012-07-14 09:31:00,7,06,Alpes-Maritimes,06027,Cagnes-sur-Mer,43.6712,7.1502,0.1,0.0,False,Inconnue,,
2012,2012-07-17 09:12:00,7,33,Landes de Gascogne,33422,Saint-Jean-d'Illac,44.7973,-0.8156,0.01,0.01,False,Involontaire (travaux),,
2012,2012-07-17 15:03:00,7,06,Alpes-Maritimes,06152,Valbonne,43.6267,7.0291,0.02,0.0,False,Involontaire (travaux),,
2012,2012-07-17 18:41:00,7,40,Landes de Gascogne,40181,Messanges,43.8086,-1.3629,0.02,0.02,False,Inconnue,,
2012,2012-07-20 08:08:00,7,40,Landes de Gascogne,40030,Baudignan,44.0913,0.0404,3.4,3.4,False,Accidentelle,,
2012,2012-07-21 04:35:00,7,40,Landes de Gascogne,40094,Escource,44.1639,-1.0361,0.06,0.06,False,Inconnue,,
2012,2012-07-21 18:08:00,7,06,Alpes-Maritimes,06162,La Brigue,44.0897,7.6496,0.05,0.0,False,Naturelle,,
2012,2012-07-21 21:11:00,7,33,Landes de Gascogne,33238,Léognan,44.7236,-0.6172,0.03,0.03,False,Inconnue,,
2012,2012-07-22 10:24:00,7,06,Alpes-Maritimes,06120,Saint-Étienne-de-Tinée,44.2597,6.9252,0.001,0.0,False,Inconnue,,
2012,2012-07-22 15:15:00,7,06,Alpes-Maritimes,06035,Castellar,43.8227,7.4989,0.001,0.0,False,Naturelle,,
2012,2012-07-22 15:34:00,7,06,Alpes-Maritimes,06083,Menton,43.7961,7.498,0.001,0.0,False,Naturelle,,
2012,2012-07-23 00:15:00,7,40,Landes de Gascogne,40048,Boos,,,0.02,0.02,False,Accidentelle,,
2012,2012-07-23 02:50:00,7,40,Landes de Gascogne,40285,Saint-Yaguen,43.9019,-0.7411,0.5,0.5,False,Inconnue,,
2012,2012-07-23 13:03:00,7,06,Alpes-Maritimes,06090,Pégomas,43.5886,6.9213,0.02,0.0,False,Inconnue,,
2012,2012-07-23 14:58:00,7,33,Landes de Gascogne,33095,Captieux,44.2621,-0.2981,0.2,0.2,False,Inconnue,,
2012,2012-07-23 17:20:00,7,33,Landes de Gascogne,33014,Les Artigues-de-Lussac,44.9735,-0.1427,0.1,0.1,False,Inconnue,,
2012,2012-07-23 18:06:00,7,06,Alpes-Maritimes,06147,Tourrette-Levens,43.7882,7.275,0.01,0.0,False,Inconnue,,
2012,2012-07-24 14:51:00,7,40,Landes de Gascogne,40326,Vielle-Saint-Girons,43.9429,-1.3219,4.5,0.5,False,Involontaire (travaux),,
2012,2012-07-24 17:32:00,7,33,Landes de Gascogne,33090,Canéjan,44.7572,-0.659,0.01,0.005,False,Inconnue,,
2012,2012-07-24 19:12:00,7,40,Landes de Gascogne,40123,Herm,43.8013,-1.1332,0.21,0.01,False,Accidentelle,,
2012,2012-07-25 10:48:00,7,33,Landes de Gascogne,33471,Saint-Sauveur,45.1964,-0.8223,0.01,0.01,False,Inconnue,,
2012,2012-07-25 11:41:00,7,40,Landes de Gascogne,40304,Soorts-Hossegor,43.6679,-1.4084,0.01,0.01,False,Inconnue,,
2012,2012-07-25 19:03:00,7,40,Landes de Gascogne,40309,Souprosse,43.7927,-0.7195,0.2,0.2,False,Accidentelle,,
2012,2012-07-26 00:16:00,7,40,Landes de Gascogne,40283,Saint-Vincent-de-Paul,43.7726,-0.9965,0.5,0.5,False,Naturelle,,
2012,2012-07-26 15:58:00,7,33,Landes de Gascogne,33042,Belin-Béliet,44.4959,-0.7989,0.001,0.001,False,Inconnue,,
2012,2012-07-26 21:12:00,7,33,Landes de Gascogne,33019,Audenge,44.7133,-0.9533,0.003,0.003,False,Naturelle,,
2012,2012-07-27 01:22:00,7,40,Landes de Gascogne,40319,Trensacq,44.232,-0.7015,0.4,0.4,False,Naturelle,,
2012,2012-07-27 12:56:00,7,40,Landes de Gascogne,40108,Gastes,44.3117,-1.1996,0.002,0.002,False,Naturelle,,
2012,2012-07-27 13:44:00,7,40,Landes de Gascogne,40154,Lévignacq,44.0128,-1.1452,0.08,0.08,False,Naturelle,,
2012,2012-07-27 14:06:00,7,33,Landes de Gascogne,33452,Saint-Michel-de-Rieufret,44.6273,-0.4453,0.04,0.04,False,Naturelle,,
2012,2012-07-27 14:23:00,7,40,Landes de Gascogne,40094,Escource,44.1639,-1.0361,1.0,1.0,False,Naturelle,,
2012,2012-07-27 14:33:00,7,40,Landes de Gascogne,40332,Ychoux,44.3545,-0.9643,2.7,2.7,False,Naturelle,,
2012,2012-07-27 15:07:00,7,33,Landes de Gascogne,33501,Saucats,44.6476,-0.6377,0.01,0.01,False,Naturelle,,
2012,2012-07-27 15:47:00,7,40,Landes de Gascogne,40311,Taller,43.88,-1.0621,0.2,0.2,False,Naturelle,,
2012,2012-07-27 15:57:00,7,40,Landes de Gascogne,40287,Sanguinet,44.4776,-1.0903,0.22,0.22,False,Naturelle,,
2012,2012-07-27 15:57:00,7,33,Landes de Gascogne,33436,Saint-Magne,44.559,-0.6623,0.02,0.02,False,Naturelle,,
2012,2012-07-27 16:10:00,7,33,Landes de Gascogne,33436,Saint-Magne,44.559,-0.6623,0.3,0.3,False,Naturelle,,
2012,2012-07-27 16:27:00,7,33,Landes de Gascogne,33501,Saucats,44.6476,-0.6377,0.05,0.05,False,Naturelle,,
2012,2012-07-27 16:34:00,7,33,Landes de Gascogne,33555,Marcheprime,44.7033,-0.8557,0.07,0.07,False,Naturelle,,
2012,2012-07-28 23:43:00,7,33,Landes de Gascogne,33501,Saucats,44.6476,-0.6377,3.0,3.0,False,Naturelle,,
2012,2012-07-29 00:07:00,7,33,Landes de Gascogne,33307,Noaillan,44.4812,-0.3698,0.15,0.05,False,Inconnue,,
2012,2012-07-29 12:02:00,7,40,Landes de Gascogne,40046,Biscarrosse,44.4077,-1.1525,0.04,0.04,False,Naturelle,,
2012,2012-07-29 13:52:00,7,40,Landes de Gascogne,40046,Biscarrosse,44.4077,-1.1525,3.0,3.0,False,Naturelle,,
2012,2012-07-29 14:49:00,7,40,Landes de Gascogne,40332,Ychoux,44.3545,-0.9643,0.25,0.25,False,Naturelle,,
2012,2012-07-29 15:15:00,7,33,Landes de Gascogne,33555,Marcheprime,44.7033,-0.8557,0.05,0.05,False,Naturelle,,
2012,2012-07-29 22:44:00,7,33,Landes de Gascogne,33205,Illats,44.6087,-0.3797,0.2,0.2,False,Inconnue,,
2012,2012-07-30 11:47:00,7,33,Landes de Gascogne,33305,Le Nizan,44.4722,-0.2802,0.03,0.015,False,Inconnue,,
2012,2012-07-30 14:36:00,7,40,Landes de Gascogne,40311,Taller,43.88,-1.0621,0.5,0.5,False,Naturelle,,
2012,2012-07-30 15:49:00,7,40,Landes de Gascogne,40243,Rion-des-Landes,43.9318,-0.9436,0.7,0.7,False,Inconnue,,
2012,2012-07-31 23:15:00,7,33,Landes de Gascogne,33297,Moulis-en-Médoc,45.0531,-0.7971,0.02,0.02,False,Inconnue,,
2012,2012-08-01 06:53:00,8,33,Landes de Gascogne,33555,Marcheprime,44.7033,-0.8557,0.001,0.001,False,Naturelle,,
2012,2012-08-01 15:51:00,8,40,Landes de Gascogne,40269,Saint-Lon-les-Mines,43.6188,-1.1353,1.4,1.4,False,Involontaire (travaux),,
2012,2012-08-01 18:49:00,8,40,Landes de Gascogne,40046,Biscarrosse,44.4077,-1.1525,0.0001,0.0001,False,Naturelle,,
2012,2012-08-03 12:27:00,8,06,Alpes-Maritimes,06099,Puget-Théniers,43.9498,6.9049,0.06,0.0,False,Inconnue,,
2012,2012-08-04 15:19:00,8,33,Landes de Gascogne,33305,Le Nizan,44.4722,-0.2802,0.09,0.01,False,Inconnue,,
2012,2012-08-05 18:48:00,8,06,Alpes-Maritimes,06132,Saorge,43.9935,7.5403,21.34,1.0,False,Inconnue,,
2012,2012-08-07 16:18:00,8,06,Alpes-Maritimes,06059,Èze,43.7299,7.3566,0.02,0.0,False,Involontaire (particulier),,
2012,2012-08-08 10:10:00,8,06,Alpes-Maritimes,06162,La Brigue,44.0897,7.6496,0.0005,0.0,False,Inconnue,,
2012,2012-08-08 13:14:00,8,06,Alpes-Maritimes,06152,Valbonne,43.6267,7.0291,0.001,0.0,False,Malveillance,,
2012,2012-08-09 15:16:00,8,33,Landes de Gascogne,33393,Saint-Denis-de-Pile,44.9893,-0.1833,1.5,1.5,False,Inconnue,,
2012,2012-08-09 19:54:00,8,40,Landes de Gascogne,40021,Azur,43.7996,-1.2919,0.081,0.081,False,Inconnue,,
2012,2012-08-10 15:48:00,8,40,Landes de Gascogne,40094,Escource,44.1639,-1.0361,1.0,0.5,False,Involontaire (particulier),,
2012,2012-08-10 16:59:00,8,33,Landes de Gascogne,33011,Arès,44.7997,-1.0837,0.25,0.25,False,Inconnue,,
2012,2012-08-10 23:47:00,8,33,Landes de Gascogne,33318,Pessac,44.786,-0.681,0.004,0.004,False,Inconnue,,
2012,2012-08-11 16:43:00,8,40,Landes de Gascogne,40067,Carcen-Ponson,43.8668,-0.8182,0.5,0.5,False,Involontaire (particulier),,
2012,2012-08-13 11:01:00,8,06,Alpes-Maritimes,06152,Valbonne,43.6267,7.0291,0.02,0.0,False,Inconnue,,
2012,2012-08-13 14:29:00,8,06,Alpes-Maritimes,06118,Saint-Cézaire-sur-Siagne,43.6592,6.8049,0.01,0.0,False,Inconnue,,
2012,2012-08-13 17:41:00,8,06,Alpes-Maritimes,06120,Saint-Étienne-de-Tinée,44.2597,6.9252,0.06,0.0,False,Inconnue,,
2012,2012-08-14 17:46:00,8,33,Landes de Gascogne,33090,Canéjan,44.7572,-0.659,0.03,0.03,False,Inconnue,,
2012,2012-08-15 18:23:00,8,06,Alpes-Maritimes,06083,Menton,43.7961,7.498,0.4,0.0,False,Inconnue,,
2012,2012-08-16 01:28:00,8,33,Landes de Gascogne,33529,La Teste-de-Buch,44.586,-1.1809,0.05,0.05,False,Inconnue,,
2012,2012-08-16 12:39:00,8,33,Landes de Gascogne,33214,Lacanau,44.9879,-1.096,638.0,638.0,True,Inconnue,,
2012,2012-08-16 15:28:00,8,40,Landes de Gascogne,40184,Mimizan,44.1996,-1.2323,16.2907,7.0,False,Accidentelle,,
2012,2012-08-16 15:37:00,8,40,Landes de Gascogne,40313,Tartas,43.8156,-0.7791,0.7351,0.7351,False,Inconnue,,
2012,2012-08-16 18:01:00,8,33,Landes de Gascogne,33544,Le Verdon-sur-Mer,45.5481,-1.0826,0.001,0.001,False,Inconnue,,
2012,2012-08-16 18:10:00,8,06,Alpes-Maritimes,06032,Cap-d'Ail,43.7256,7.4008,0.02,0.0,False,Inconnue,,
2012,2012-08-17 17:10:00,8,40,Landes de Gascogne,40210,Onesse-Laharie,44.063,-1.0224,0.15,0.15,False,Involontaire (particulier),,
2012,2012-08-17 19:39:00,8,33,Landes de Gascogne,33032,Bassens,44.9068,-0.526,0.05,0.05,False,Inconnue,,
2012,2012-08-17 20:42:00,8,33,Landes de Gascogne,33366,Saint-André-de-Cubzac,44.9945,-0.4378,0.05,0.05,False,Accidentelle,,
2012,2012-08-18 05:30:00,8,33,Landes de Gascogne,33529,La Teste-de-Buch,44.586,-1.1809,0.008,0.008,False,Inconnue,,
2012,2012-08-19 08:46:00,8,33,Landes de Gascogne,33417,Sainte-Hélène,44.9653,-0.9071,0.5,0.5,False,Accidentelle,,
2012,2012-08-19 18:07:00,8,06,Alpes-Maritimes,06071,Guillaumes,44.1007,6.8673,0.002,0.0,False,Naturelle,,
2012,2012-08-19 19:51:00,8,06,Alpes-Maritimes,06051,La Croix-sur-Roudoule,44.0032,6.871,0.005,0.0,False,Naturelle,,
2012,2012-08-19 20:17:00,8,33,Landes de Gascogne,33550,Villenave-d'Ornon,44.7736,-0.5523,0.3,0.3,False,Inconnue,,
2012,2012-08-21 18:20:00,8,33,Landes de Gascogne,33251,Louchats,44.5104,-0.5691,0.7,0.7,False,Inconnue,,
2012,2012-08-22 15:26:00,8,33,Landes de Gascogne,33439,Saint-Mariens,45.1228,-0.4093,0.003,0.003,False,Inconnue,,
2012,2012-08-23 12:47:00,8,06,Alpes-Maritimes,06163,Tende,44.0971,7.5499,0.1,0.0,False,Naturelle,,
2012,2012-08-23 15:29:00,8,40,Landes de Gascogne,40070,Castandet,43.8127,-0.3582,0.86,0.76,False,Inconnue,,
2012,2012-08-23 17:55:00,8,33,Landes de Gascogne,33318,Pessac,44.786,-0.681,0.05,0.05,False,Inconnue,,
2012,2012-08-23 20:53:00,8,06,Alpes-Maritimes,06088,Nice,43.7032,7.2528,0.05,0.0,False,Inconnue,,
2012,2012-08-24 05:04:00,8,33,Landes de Gascogne,33154,Les Églisottes-et-Chalaures,45.0946,-0.0389,0.7,0.7,False,Inconnue,,
2012,2012-08-24 14:40:00,8,40,Landes de Gascogne,40326,Vielle-Saint-Girons,43.9429,-1.3219,0.13,0.13,False,Inconnue,,
2012,2012-08-24 17:35:00,8,40,Landes de Gascogne,40310,Soustons,43.754,-1.3305,0.41,0.41,False,Inconnue,,
2012,2012-08-24 23:16:00,8,33,Landes de Gascogne,33415,Saint-Gervais,45.0164,-0.4671,0.005,0.005,False,Inconnue,,
2012,2012-08-25 00:37:00,8,33,Landes de Gascogne,33541,Vensac,45.4039,-1.0821,0.15,0.15,False,Inconnue,,
2012,2012-08-25 07:22:00,8,40,Landes de Gascogne,40184,Mimizan,44.1996,-1.2323,0.04,0.04,False,Inconnue,,
2012,2012-08-25 15:51:00,8,33,Landes de Gascogne,33385,Saint-Christophe-de-Double,45.0838,0.0233,1.0,1.0,False,Accidentelle,,
2012,2012-08-26 09:55:00,8,06,Alpes-Maritimes,06039,Châteauneuf-Villevieille,43.8007,7.2951,0.005,0.0,False,Naturelle,,
2012,2012-08-26 17:28:00,8,33,Landes de Gascogne,33452,Saint-Michel-de-Rieufret,44.6273,-0.4453,0.4,0.4,False,Inconnue,,
2012,2012-08-27 14:22:00,8,33,Landes de Gascogne,33436,Saint-Magne,44.559,-0.6623,0.5,0.5,False,Inconnue,,
2012,2012-08-27 17:07:00,8,06,Alpes-Maritimes,06029,Cannes,43.5454,7.0152,0.06,0.0,False,Inconnue,,
2012,2012-08-27 18:16:00,8,33,Landes de Gascogne,33341,Pugnac,45.0825,-0.5003,1.0,1.0,False,Inconnue,,
2012,2012-08-27 23:20:00,8,40,Landes de Gascogne,40273,Saint-Martin-de-Seignanx,43.5378,-1.3829,0.01,0.01,False,Accidentelle,,
2012,2012-08-28 14:55:00,8,33,Landes de Gascogne,33044,Bellefond,44.768,-0.1738,0.8,0.1,False,Involontaire (travaux),,
2012,2012-08-28 16:24:00,8,33,Landes de Gascogne,33376,Saint-Aubin-de-Médoc,44.9343,-0.7478,0.1,0.1,False,Inconnue,,
2012,2012-08-28 18:22:00,8,06,Alpes-Maritimes,06104,Roquebrune-Cap-Martin,43.7638,7.4576,0.01,0.0,False,Inconnue,,
2012,2012-08-29 03:07:00,8,33,Landes de Gascogne,33273,Martignas-sur-Jalle,44.8451,-0.8006,0.1,0.1,False,Inconnue,,
2012,2012-08-29 13:43:00,8,40,Landes de Gascogne,40317,Tosse,43.6952,-1.316,0.01,0.01,False,Malveillance,,
2012,2012-08-29 14:56:00,8,40,Landes de Gascogne,40296,Seignosse,43.7055,-1.3939,0.1,0.1,False,Inconnue,,
2012,2012-08-29 14:56:00,8,40,Landes de Gascogne,40310,Soustons,43.754,-1.3305,0.05,0.05,False,Inconnue,,
2012,2012-08-29 17:19:00,8,40,Landes de Gascogne,40317,Tosse,43.6952,-1.316,0.02,0.02,False,Malveillance,,
2012,2012-08-29 17:19:00,8,40,Landes de Gascogne,40317,Tosse,43.6952,-1.316,0.05,0.05,False,Malveillance,,
2012,2012-08-30 11:59:00,8,33,Landes de Gascogne,33540,Vendays-Montalivet,45.3378,-1.0953,0.001,0.001,False,Inconnue,,
2012,2012-08-30 12:44:00,8,33,Landes de Gascogne,33164,Fargues,44.5362,-0.2926,0.02,0.02,False,Inconnue,,
2012,2012-08-30 18:09:00,8,40,Landes de Gascogne,40152,Lesperon,43.9654,-1.0835,0.5,0.5,False,Accidentelle,,
2012,2012-08-30 18:10:00,8,33,Landes de Gascogne,33318,Pessac,44.786,-0.681,0.15,0.15,False,Inconnue,,
2012,2012-08-31 12:18:00,8,33,Landes de Gascogne,33097,Carcans,45.0794,-1.0404,0.02,0.02,False,Inconnue,,
2012,2012-08-31 16:16:00,8,33,Landes de Gascogne,33168,Flaujagues,44.8334,0.0264,1.0,1.0,False,Inconnue,,
2012,2012-08-31 16:29:00,8,33,Landes de Gascogne,33544,Le Verdon-sur-Mer,45.5481,-1.0826,0.03,0.03,False,Inconnue,,
2012,2012-08-31 17:29:00,8,40,Landes de Gascogne,40284,Saint-Vincent-de-Tyrosse,43.663,-1.3013,0.05,0.05,False,Inconnue,,
2012,2012-08-31 19:08:00,8,06,Alpes-Maritimes,06147,Tourrette-Levens,43.7882,7.275,0.0005,0.0,False,Naturelle,,
2012,2012-09-01 07:36:00,9,33,Landes de Gascogne,33541,Vensac,45.4039,-1.0821,1.5,1.5,False,Inconnue,,
2012,2012-09-01 09:38:00,9,33,Landes de Gascogne,33550,Villenave-d'Ornon,44.7736,-0.5523,0.2,0.2,False,Inconnue,,
2012,2012-09-01 12:40:00,9,40,Landes de Gascogne,40317,Tosse,43.6952,-1.316,0.0005,0.0005,False,Malveillance,,
2012,2012-09-01 13:35:00,9,40,Landes de Gascogne,40317,Tosse,43.6952,-1.316,0.0001,0.0001,False,Malveillance,,
2012,2012-09-01 14:26:00,9,40,Landes de Gascogne,40075,Castets,43.8806,-1.1487,0.2,0.2,False,Accidentelle,,
2012,2012-09-01 18:05:00,9,40,Landes de Gascogne,40151,Lesgor,43.8592,-0.9089,0.5,0.1,False,Involontaire (particulier),,
2012,2012-09-01 18:26:00,9,40,Landes de Gascogne,40246,Sabres,44.1532,-0.7332,0.5,0.5,False,Malveillance,,
2012,2012-09-01 19:11:00,9,40,Landes de Gascogne,40246,Sabres,44.1532,-0.7332,0.3,0.3,False,Malveillance,,
2012,2012-09-02 11:12:00,9,33,Landes de Gascogne,33363,Sadirac,44.787,-0.3925,0.05,0.05,False,Inconnue,,
2012,2012-09-02 15:16:00,9,33,Landes de Gascogne,33438,Saint-Maixant,44.5815,-0.2481,0.3,0.1,False,Inconnue,,
2012,2012-09-02 17:23:00,9,40,Landes de Gascogne,40215,Ousse-Suzan,43.9492,-0.7523,0.1,0.1,False,Inconnue,,
2012,2012-09-02 19:34:00,9,40,Landes de Gascogne,40075,Castets,43.8806,-1.1487,0.15,0.15,False,Inconnue,,
2012,2012-09-03 13:41:00,9,33,Landes de Gascogne,33238,Léognan,44.7236,-0.6172,0.0001,0.0001,False,Inconnue,,
2012,2012-09-03 16:20:00,9,33,Landes de Gascogne,33464,Saint-Pierre-de-Bat,44.6686,-0.22,0.002,0.002,False,Inconnue,,
2012,2012-09-04 09:57:00,9,33,Landes de Gascogne,33199,Gujan-Mestras,44.5758,-1.0813,0.0001,0.0001,False,Malveillance,,
2012,2012-09-04 22:19:00,9,40,Landes de Gascogne,40133,Labenne,43.5982,-1.4371,0.001,0.001,False,Inconnue,,
2012,2012-09-05 23:48:00,9,33,Landes de Gascogne,33251,Louchats,44.5104,-0.5691,0.05,0.05,False,Inconnue,,
2012,2012-09-06 02:16:00,9,33,Landes de Gascogne,33034,Bayas,45.0736,-0.2048,0.04,0.04,False,Inconnue,,
2012,2012-09-07 00:46:00,9,33,Landes de Gascogne,33355,Rions,44.6681,-0.3299,0.005,0.005,False,Accidentelle,,
2012,2012-09-07 12:31:00,9,33,Landes de Gascogne,33203,Hourtin,45.1831,-1.0534,0.5,0.5,False,Inconnue,,
2012,2012-09-07 13:49:00,9,40,Landes de Gascogne,40287,Sanguinet,44.4776,-1.0903,0.513,0.513,False,Inconnue,,
2012,2012-09-07 15:26:00,9,33,Landes de Gascogne,33080,Cadaujac,44.7468,-0.5316,0.3,0.3,False,Involontaire (travaux),,
2012,2012-09-07 18:27:00,9,33,Landes de Gascogne,33417,Sainte-Hélène,44.9653,-0.9071,0.25,0.25,False,Inconnue,,
2012,2012-09-07 19:07:00,9,40,Landes de Gascogne,40287,Sanguinet,44.4776,-1.0903,0.3,0.3,False,Inconnue,,
2012,2012-09-07 20:14:00,9,33,Landes de Gascogne,33138,Coutras,45.0408,-0.1003,0.06,0.06,False,Inconnue,,
2012,2012-09-07 22:55:00,9,33,Landes de Gascogne,33550,Villenave-d'Ornon,44.7736,-0.5523,0.0001,0.0001,False,Inconnue,,
2012,2012-09-07 22:57:00,9,33,Landes de Gascogne,33097,Carcans,45.0794,-1.0404,0.2,0.2,False,Inconnue,,
2012,2012-09-08 12:49:00,9,40,Landes de Gascogne,40274,Saint-Martin-d'Oney,43.9293,-0.6497,0.001,0.001,False,Inconnue,,
2012,2012-09-08 14:22:00,9,33,Landes de Gascogne,33555,Marcheprime,44.7033,-0.8557,0.0001,0.0001,False,Inconnue,,
2012,2012-09-08 16:16:00,9,40,Landes de Gascogne,40217,Parentis-en-Born,44.3527,-1.0879,4.2,3.0,False,Inconnue,,
2012,2012-09-08 16:38:00,9,33,Landes de Gascogne,33273,Martignas-sur-Jalle,44.8451,-0.8006,0.0001,0.0001,False,Inconnue,,
2012,2012-09-08 23:45:00,9,40,Landes de Gascogne,40217,Parentis-en-Born,44.3527,-1.0879,0.0001,0.0001,False,Inconnue,,
2012,2012-09-08 23:45:00,9,40,Landes de Gascogne,40217,Parentis-en-Born,44.3527,-1.0879,0.0008,0.0008,False,Inconnue,,
2012,2012-09-10 09:42:00,9,33,Landes de Gascogne,33336,Préchac,44.3859,-0.3715,0.005,0.005,False,Involontaire (travaux),,
2012,2012-09-10 14:53:00,9,33,Landes de Gascogne,33251,Louchats,44.5104,-0.5691,0.2,0.2,False,Inconnue,,
2012,2012-09-11 11:15:00,9,40,Landes de Gascogne,40014,Arue,44.051,-0.3607,0.005,0.005,False,Inconnue,,
2012,2012-09-11 15:34:00,9,33,Landes de Gascogne,33452,Saint-Michel-de-Rieufret,44.6273,-0.4453,0.2,0.2,False,Inconnue,,
2012,2012-09-13 10:44:00,9,06,Alpes-Maritimes,06044,La Colle-sur-Loup,43.6869,7.0975,0.55,0.275,False,Involontaire (particulier),,
2012,2012-09-14 14:46:00,9,33,Landes de Gascogne,33471,Saint-Sauveur,45.1964,-0.8223,0.002,0.002,False,Inconnue,,
2012,2012-09-16 08:53:00,9,40,Landes de Gascogne,40287,Sanguinet,44.4776,-1.0903,0.001,0.001,False,Inconnue,,
2012,2012-09-17 16:40:00,9,33,Landes de Gascogne,33142,Cubnezais,45.0744,-0.4202,0.5,0.5,False,Inconnue,,
2012,2012-09-17 18:46:00,9,33,Landes de Gascogne,33199,Gujan-Mestras,44.5758,-1.0813,0.1,0.1,False,Inconnue,,
2012,2012-09-18 17:50:00,9,33,Landes de Gascogne,33116,Cazats,44.4728,-0.2016,0.01,0.01,False,Accidentelle,,
2012,2012-09-19 13:05:00,9,40,Landes de Gascogne,40250,Saint-Avit,43.9439,-0.4527,0.1,0.1,False,Inconnue,,
2012,2012-09-19 13:49:00,9,40,Landes de Gascogne,40075,Castets,43.8806,-1.1487,0.15,0.15,False,Inconnue,,
2012,2012-09-20 16:42:00,9,33,Landes de Gascogne,33329,Pompéjac,44.3986,-0.2997,11.98,5.02,False,Involontaire (travaux),,
2012,2012-09-20 18:24:00,9,40,Landes de Gascogne,40150,Léon,43.8474,-1.2768,0.5,0.5,False,Inconnue,,
2012,2012-09-21 10:56:00,9,40,Landes de Gascogne,40046,Biscarrosse,44.4077,-1.1525,0.015,0.015,False,Naturelle,,
2012,2012-09-21 14:27:00,9,33,Landes de Gascogne,33389,Saint-Ciers-sur-Gironde,45.2947,-0.6648,0.15,0.15,False,Inconnue,,
2012,2012-09-22 15:13:00,9,06,Alpes-Maritimes,06163,Tende,44.0971,7.5499,0.05,0.0,False,Inconnue,,
2012,2012-09-22 17:26:00,9,33,Landes de Gascogne,33273,Martignas-sur-Jalle,44.8451,-0.8006,0.02,0.02,False,Naturelle,,
2012,2012-09-22 18:34:00,9,06,Alpes-Maritimes,06129,Saint-Sauveur-sur-Tinée,44.1163,7.1226,0.01,0.0,False,Involontaire (particulier),,
2012,2012-09-23 17:04:00,9,33,Landes de Gascogne,33318,Pessac,44.786,-0.681,0.25,0.25,False,Inconnue,,
2012,2012-09-23 18:31:00,9,33,Landes de Gascogne,33233,Laruscade,45.1206,-0.3394,0.1,0.1,False,Inconnue,,
2012,2012-09-23 22:55:00,9,33,Landes de Gascogne,33236,Lège-Cap-Ferret,44.7452,-1.174,0.0003,0.0003,False,Naturelle,,
2012,2012-09-24 12:40:00,9,33,Landes de Gascogne,33262,Macau,45.0112,-0.6086,0.001,0.001,False,Inconnue,,
2012,2012-09-24 15:56:00,9,33,Landes de Gascogne,33284,Mios,44.6105,-0.8913,3.0,3.0,False,Inconnue,,
2012,2012-09-25 17:30:00,9,40,Landes de Gascogne,40149,Lencouacq,44.1482,-0.3856,0.02,0.02,False,Naturelle,,
2012,2012-10-17 10:55:00,10,06,Alpes-Maritimes,06150,La Turbie,43.7462,7.3973,0.2,0.0,False,Involontaire (particulier),,
2012,2012-10-22 08:53:00,10,06,Alpes-Maritimes,06021,Bonson,43.8613,7.1786,0.25,0.0,False,Involontaire (particulier),,
2012,2012-10-30 17:29:00,10,40,Landes de Gascogne,40317,Tosse,43.6952,-1.316,0.002,0.002,False,Inconnue,,
2012,2012-11-24 15:49:00,11,33,Landes de Gascogne,33417,Sainte-Hélène,44.9653,-0.9071,0.05,0.05,False,Accidentelle,,
2012,2012-12-18 16:52:00,12,06,Alpes-Maritimes,06074,Lantosque,43.9787,7.3121,2.02,0.0,False,Inconnue,,
2012,2012-12-26 13:59:00,12,06,Alpes-Maritimes,06144,La Tour,43.9645,7.196,3.0,1.41,False,Inconnue,,
2013,2013-01-04 13:44:00,1,06,Alpes-Maritimes,06074,Lantosque,43.9787,7.3121,1.5,0.0,False,Malveillance,,
2013,2013-01-12 18:16:00,1,40,Landes de Gascogne,40023,Baigts,43.6897,-0.7922,0.005,0.005,False,Involontaire (particulier),,
2013,2013-02-03 11:57:00,2,06,Alpes-Maritimes,06072,Ilonse,44.0319,7.0901,2.14,2.14,False,Malveillance,,
2013,2013-02-04 11:15:00,2,06,Alpes-Maritimes,06077,Lucéram,43.8997,7.3506,0.7,0.0,False,Inconnue,,
2013,2013-02-06 14:37:00,2,06,Alpes-Maritimes,06070,Gréolières,43.8037,6.9296,0.5,0.0,False,Involontaire (particulier),,
2013,2013-02-09 11:04:00,2,06,Alpes-Maritimes,06148,Tourrettes-sur-Loup,43.718,7.0353,0.5,0.0,False,Inconnue,,
2013,2013-02-28 12:49:00,2,40,Landes de Gascogne,40135,Labrit,44.1269,-0.5557,223.4,142.55,True,Malveillance,,
2013,2013-03-01 15:22:00,3,33,Landes de Gascogne,33417,Sainte-Hélène,44.9653,-0.9071,0.05,0.05,False,Accidentelle,,
2013,2013-03-02 17:35:00,3,40,Landes de Gascogne,40182,Mézos,44.0848,-1.141,0.01,0.01,False,Inconnue,,
2013,2013-03-02 21:56:00,3,06,Alpes-Maritimes,06136,Sospel,43.8872,7.4493,0.003,0.0,False,Inconnue,,
2013,2013-03-04 15:33:00,3,33,Landes de Gascogne,33230,Lapouyade,45.1094,-0.2854,34.48,34.48,False,Involontaire (travaux),,
2013,2013-03-04 15:56:00,3,40,Landes de Gascogne,40272,Saint-Martin-de-Hinx,43.5803,-1.2684,1.2,1.2,False,Involontaire (particulier),,
2013,2013-03-04 16:56:00,3,33,Landes de Gascogne,33199,Gujan-Mestras,44.5758,-1.0813,0.01,0.01,False,Malveillance,,
2013,2013-03-04 17:37:00,3,33,Landes de Gascogne,33255,Lucmau,44.2955,-0.3364,2.0,2.0,False,Accidentelle,,
2013,2013-03-04 18:59:00,3,33,Landes de Gascogne,33318,Pessac,44.786,-0.681,0.2,0.2,False,Inconnue,,
2013,2013-03-05 11:39:00,3,33,Landes de Gascogne,33095,Captieux,44.2621,-0.2981,0.02,0.02,False,Inconnue,,
2013,2013-03-05 18:45:00,3,33,Landes de Gascogne,33431,Saint-Léon,44.7673,-0.277,1.5,1.5,False,Inconnue,,
2013,2013-03-08 14:40:00,3,33,Landes de Gascogne,33112,Caumont,44.6956,-0.0118,0.35,0.35,False,Inconnue,,
2013,2013-03-21 13:28:00,3,40,Landes de Gascogne,40261,Saint-Geours-de-Maremne,43.6854,-1.2348,0.3353,0.2853,False,Involontaire (particulier),,
2013,2013-03-21 15:29:00,3,40,Landes de Gascogne,40193,Montégut,43.8747,-0.2042,0.32,0.32,False,Involontaire (particulier),,
2013,2013-03-22 15:45:00,3,40,Landes de Gascogne,40150,Léon,43.8474,-1.2768,0.005,0.005,False,Involontaire (travaux),,
2013,2013-03-22 16:11:00,3,33,Landes de Gascogne,33264,Maransin,45.0748,-0.26,2.0,2.0,False,Inconnue,,
2013,2013-03-23 16:49:00,3,40,Landes de Gascogne,40167,Luxey,44.2382,-0.5061,0.005,0.005,False,Malveillance,,
2013,2013-03-24 11:14:00,3,33,Landes de Gascogne,33076,Budos,44.537,-0.4058,0.001,0.001,False,Accidentelle,,
2013,2013-03-24 17:18:00,3,33,Landes de Gascogne,33007,Arbanats,44.6679,-0.4025,0.01,0.01,False,Inconnue,,
2013,2013-04-06 14:30:00,4,06,Alpes-Maritimes,06023,Breil-sur-Roya,43.9379,7.4996,0.04,0.0,False,Involontaire (particulier),,
2013,2013-04-10 16:26:00,4,40,Landes de Gascogne,40332,Ychoux,44.3545,-0.9643,0.002,0.002,False,Inconnue,,
2013,2013-04-14 15:32:00,4,33,Landes de Gascogne,33029,Le Barp,44.6297,-0.7437,0.3,0.3,False,Involontaire (particulier),,
2013,2013-04-14 16:10:00,4,40,Landes de Gascogne,40182,Mézos,44.0848,-1.141,1.0,1.0,False,Involontaire (particulier),,
2013,2013-04-15 01:29:00,4,33,Landes de Gascogne,33012,Arsac,44.9869,-0.7018,0.02,0.02,False,Accidentelle,,
2013,2013-04-15 12:40:00,4,06,Alpes-Maritimes,06091,Peille,43.8043,7.4088,4.0,0.0,False,Inconnue,,
2013,2013-04-16 18:43:00,4,40,Landes de Gascogne,40154,Lévignacq,44.0128,-1.1452,0.03,0.03,False,Malveillance,,
2013,2013-04-16 18:48:00,4,33,Landes de Gascogne,33312,Parempuyre,44.9548,-0.5844,0.15,0.15,False,Inconnue,,
2013,2013-04-17 12:14:00,4,40,Landes de Gascogne,40014,Arue,44.051,-0.3607,0.015,0.015,False,Inconnue,,
2013,2013-04-19 15:59:00,4,33,Landes de Gascogne,33279,Mazères,44.5023,-0.251,0.3,0.3,False,Accidentelle,,
2013,2013-04-20 19:25:00,4,33,Landes de Gascogne,33417,Sainte-Hélène,44.9653,-0.9071,0.05,0.05,False,Inconnue,,
2013,2013-04-20 21:11:00,4,33,Landes de Gascogne,33417,Sainte-Hélène,44.9653,-0.9071,0.15,0.15,False,Inconnue,,
2013,2013-04-21 21:31:00,4,33,Landes de Gascogne,33273,Martignas-sur-Jalle,44.8451,-0.8006,0.01,0.01,False,Accidentelle,,
2013,2013-04-24 13:43:00,4,33,Landes de Gascogne,33449,Saint-Médard-en-Jalles,44.8861,-0.7823,0.03,0.03,False,Inconnue,,
2013,2013-04-24 16:23:00,4,40,Landes de Gascogne,40046,Biscarrosse,44.4077,-1.1525,0.1,0.05,False,Malveillance,,
2013,2013-04-24 17:42:00,4,40,Landes de Gascogne,40200,Moustey,44.387,-0.7703,0.02,0.02,False,Inconnue,,
2013,2013-04-25 18:35:00,4,33,Landes de Gascogne,33258,Lugasson,44.7588,-0.1559,0.03,0.03,False,Inconnue,,
2013,2013-04-28 16:17:00,4,33,Landes de Gascogne,33519,Le Taillan-Médoc,44.9123,-0.6785,0.01,0.01,False,Inconnue,,
2013,2013-05-04 19:08:00,5,06,Alpes-Maritimes,06050,Coursegoules,43.7898,7.0384,0.015,0.0,False,Inconnue,,
2013,2013-05-04 19:24:00,5,33,Landes de Gascogne,33442,Saint-Martin-de-Laye,45.0319,-0.2279,0.005,0.005,False,Accidentelle,,
2013,2013-05-23 11:40:00,5,33,Landes de Gascogne,33203,Hourtin,45.1831,-1.0534,0.25,0.25,False,Inconnue,,
2013,2013-05-23 15:14:00,5,06,Alpes-Maritimes,06090,Pégomas,43.5886,6.9213,0.1,0.0,False,Involontaire (particulier),,
2013,2013-05-26 16:25:00,5,33,Landes de Gascogne,33046,Bernos-Beaulac,44.3641,-0.259,0.15,0.15,False,Inconnue,,
2013,2013-05-26 20:29:00,5,33,Landes de Gascogne,33095,Captieux,44.2621,-0.2981,0.05,0.05,False,Inconnue,,
2013,2013-06-04 16:13:00,6,40,Landes de Gascogne,40133,Labenne,43.5982,-1.4371,0.01,0.01,False,Malveillance,,
2013,2013-06-04 17:51:00,6,33,Landes de Gascogne,33091,Cantenac,,,0.4,0.4,False,Inconnue,,
2013,2013-06-05 13:28:00,6,33,Landes de Gascogne,33320,Petit-Palais-et-Cornemps,44.9823,-0.053,0.07,0.03,False,Involontaire (travaux),,
2013,2013-06-05 17:29:00,6,33,Landes de Gascogne,33503,Saumos,44.9119,-1.0029,0.2,0.2,False,Inconnue,,
2013,2013-06-06 18:35:00,6,40,Landes de Gascogne,40032,Belhade,44.3654,-0.6779,0.001,0.001,False,Naturelle,,
2013,2013-06-07 01:57:00,6,33,Landes de Gascogne,33318,Pessac,44.786,-0.681,0.001,0.0005,False,Accidentelle,,
2013,2013-06-17 04:00:00,6,33,Landes de Gascogne,33203,Hourtin,45.1831,-1.0534,2.1,0.1,False,Inconnue,,
2013,2013-06-18 01:04:00,6,40,Landes de Gascogne,40060,Callen,44.2743,-0.4688,0.005,0.005,False,Inconnue,,
2013,2013-06-30 21:47:00,6,33,Landes de Gascogne,33030,Barsac,44.6036,-0.3259,0.022,0.002,False,Inconnue,,
2013,2013-06-30 22:34:00,6,33,Landes de Gascogne,33124,Chamadelle,45.0975,-0.0883,0.2,0.1,False,Accidentelle,,
2013,2013-07-04 20:44:00,7,33,Landes de Gascogne,33274,Martillac,44.7176,-0.558,0.12,0.12,False,Involontaire (particulier),,
2013,2013-07-05 17:46:00,7,40,Landes de Gascogne,40304,Soorts-Hossegor,43.6679,-1.4084,0.01,0.01,False,Inconnue,,
2013,2013-07-09 19:24:00,7,40,Landes de Gascogne,40168,Magescq,43.7753,-1.1841,0.01,0.01,False,Accidentelle,,
2013,2013-07-10 22:19:00,7,40,Landes de Gascogne,40142,Laluque,43.8533,-0.9816,0.03,0.03,False,Naturelle,,
2013,2013-07-14 12:57:00,7,33,Landes de Gascogne,33389,Saint-Ciers-sur-Gironde,45.2947,-0.6648,0.0002,0.0002,False,Accidentelle,,
2013,2013-07-15 12:32:00,7,33,Landes de Gascogne,33514,Soulac-sur-Mer,45.5057,-1.0694,0.6,0.6,False,Inconnue,,
2013,2013-07-15 22:29:00,7,40,Landes de Gascogne,40322,Uza,44.0295,-1.1993,0.05,0.05,False,Inconnue,,
2013,2013-07-16 15:29:00,7,33,Landes de Gascogne,33236,Lège-Cap-Ferret,44.7452,-1.174,0.003,0.003,False,Malveillance,,
2013,2013-07-16 16:11:00,7,40,Landes de Gascogne,40033,Bélis,44.064,-0.4688,0.01,0.01,False,Naturelle,,
2013,2013-07-17 15:02:00,7,06,Alpes-Maritimes,06136,Sospel,43.8872,7.4493,0.012,0.0,False,Naturelle,,
2013,2013-07-17 16:54:00,7,33,Landes de Gascogne,33029,Le Barp,44.6297,-0.7437,0.15,0.15,False,Naturelle,,
2013,2013-07-17 17:44:00,7,40,Landes de Gascogne,40267,Saint-Justin,43.9907,-0.2265,0.0001,0.0001,False,Naturelle,,
2013,2013-07-17 17:57:00,7,40,Landes de Gascogne,40200,Moustey,44.387,-0.7703,0.15,0.15,False,Naturelle,,
2013,2013-07-17 18:11:00,7,33,Landes de Gascogne,33029,Le Barp,44.6297,-0.7437,0.5,0.5,False,Naturelle,,
2013,2013-07-17 18:20:00,7,40,Landes de Gascogne,40060,Callen,44.2743,-0.4688,0.02,0.02,False,Naturelle,,
2013,2013-07-18 17:27:00,7,33,Landes de Gascogne,33255,Lucmau,44.2955,-0.3364,0.15,0.15,False,Naturelle,,
2013,2013-07-18 18:10:00,7,33,Landes de Gascogne,33333,Le Porge,44.8649,-1.1351,0.1,0.1,False,Naturelle,,
2013,2013-07-18 22:15:00,7,40,Landes de Gascogne,40081,Cère,43.9933,-0.5468,0.5,0.5,False,Naturelle,,
2013,2013-07-18 23:20:00,7,33,Landes de Gascogne,33527,Le Teich,44.5805,-1.0234,0.08,0.08,False,Inconnue,,
2013,2013-07-19 12:15:00,7,33,Landes de Gascogne,33494,Salaunes,44.9281,-0.8502,0.001,0.001,False,Naturelle,,
2013,2013-07-19 14:04:00,7,40,Landes de Gascogne,40171,Mano,44.4288,-0.6703,0.9,0.6,False,Naturelle,,
2013,2013-07-19 15:30:00,7,06,Alpes-Maritimes,06083,Menton,43.7961,7.498,0.02,0.0,False,Inconnue,,
2013,2013-07-19 17:12:00,7,33,Landes de Gascogne,33255,Lucmau,44.2955,-0.3364,0.1,0.1,False,Inconnue,,
2013,2013-07-20 01:55:00,7,40,Landes de Gascogne,40332,Ychoux,44.3545,-0.9643,1.3,1.3,False,Accidentelle,,
2013,2013-07-20 02:57:00,7,33,Landes de Gascogne,33026,Balizac,44.4878,-0.45,0.15,0.15,False,Naturelle,,
2013,2013-07-20 17:53:00,7,33,Landes de Gascogne,33095,Captieux,44.2621,-0.2981,0.25,0.25,False,Naturelle,,
2013,2013-07-22 21:32:00,7,33,Landes de Gascogne,33273,Martignas-sur-Jalle,44.8451,-0.8006,0.3,0.3,False,Inconnue,,
2013,2013-07-26 09:26:00,7,33,Landes de Gascogne,33528,Le Temple,44.8662,-0.9609,0.002,0.002,False,Naturelle,,
2013,2013-07-27 18:25:00,7,33,Landes de Gascogne,33394,Saint-Émilion,44.8947,-0.1715,0.01,0.01,False,Malveillance,,
2013,2013-07-28 23:14:00,7,40,Landes de Gascogne,40046,Biscarrosse,44.4077,-1.1525,0.0002,0.0002,False,Naturelle,,
2013,2013-07-30 17:23:00,7,40,Landes de Gascogne,40123,Herm,43.8013,-1.1332,0.07,0.07,False,Inconnue,,
2013,2013-07-30 18:54:00,7,33,Landes de Gascogne,33532,Tizac-de-Lapouyade,45.0699,-0.3111,0.1,0.1,False,Inconnue,,
2013,2013-07-31 10:14:00,7,40,Landes de Gascogne,40283,Saint-Vincent-de-Paul,43.7726,-0.9965,1.02,0.02,False,Involontaire (particulier),,
2013,2013-08-02 07:38:00,8,33,Landes de Gascogne,33214,Lacanau,44.9879,-1.096,0.005,0.005,False,Accidentelle,,
2013,2013-08-05 11:59:00,8,40,Landes de Gascogne,40192,Mont-de-Marsan,43.8931,-0.5009,0.05,0.05,False,Accidentelle,,
2013,2013-08-06 01:35:00,8,40,Landes de Gascogne,40210,Onesse-Laharie,44.063,-1.0224,0.05,0.05,False,Inconnue,,
2013,2013-08-07 11:01:00,8,06,Alpes-Maritimes,06034,Castagniers,43.79,7.2298,0.01,0.0,False,Inconnue,,
2013,2013-08-09 17:36:00,8,06,Alpes-Maritimes,06079,Mandelieu-la-Napoule,43.5334,6.918,0.05,0.0,False,Involontaire (particulier),,
2013,2013-08-12 13:38:00,8,40,Landes de Gascogne,40261,Saint-Geours-de-Maremne,43.6854,-1.2348,0.05,0.05,False,Inconnue,,
2013,2013-08-13 19:04:00,8,33,Landes de Gascogne,33022,Avensan,45.0033,-0.7574,0.17,0.17,False,Inconnue,,
2013,2013-08-14 14:04:00,8,33,Landes de Gascogne,33233,Laruscade,45.1206,-0.3394,0.003,0.003,False,Inconnue,,
2013,2013-08-15 16:03:00,8,33,Landes de Gascogne,33417,Sainte-Hélène,44.9653,-0.9071,0.08,0.08,False,Inconnue,,
2013,2013-08-15 16:05:00,8,40,Landes de Gascogne,40279,Saint-Paul-lès-Dax,43.7485,-1.0941,0.3,0.3,False,Inconnue,,
2013,2013-08-16 15:48:00,8,40,Landes de Gascogne,40040,Beylongue,43.9201,-0.82,1.2,1.2,False,Involontaire (particulier),,
2013,2013-08-18 03:38:00,8,33,Landes de Gascogne,33474,Saint-Selve,44.6574,-0.4726,2.0,2.0,False,Inconnue,,
2013,2013-08-18 13:21:00,8,33,Landes de Gascogne,33230,Lapouyade,45.1094,-0.2854,1.5,1.5,False,Malveillance,,
2013,2013-08-18 14:54:00,8,33,Landes de Gascogne,33230,Lapouyade,45.1094,-0.2854,0.02,0.02,False,Malveillance,,
2013,2013-08-19 12:02:00,8,33,Landes de Gascogne,33417,Sainte-Hélène,44.9653,-0.9071,0.2,0.2,False,Inconnue,,
2013,2013-08-19 14:39:00,8,33,Landes de Gascogne,33417,Sainte-Hélène,44.9653,-0.9071,0.1,0.1,False,Inconnue,,
2013,2013-08-19 15:42:00,8,33,Landes de Gascogne,33230,Lapouyade,45.1094,-0.2854,0.02,0.02,False,Malveillance,,
2013,2013-08-20 13:16:00,8,06,Alpes-Maritimes,06104,Roquebrune-Cap-Martin,43.7638,7.4576,0.05,0.0,False,Involontaire (particulier),,
2013,2013-08-21 00:50:00,8,33,Landes de Gascogne,33452,Saint-Michel-de-Rieufret,44.6273,-0.4453,0.2,0.2,False,Inconnue,,
2013,2013-08-22 00:25:00,8,33,Landes de Gascogne,33529,La Teste-de-Buch,44.586,-1.1809,0.02,0.02,False,Inconnue,,
2013,2013-08-22 01:25:00,8,06,Alpes-Maritimes,06006,Aspremont,43.7772,7.2423,4.03,0.0,False,Involontaire (particulier),,
2013,2013-08-23 09:15:00,8,06,Alpes-Maritimes,06052,Cuébris,43.889,6.9955,0.001,0.0,False,Involontaire (particulier),,
2013,2013-08-23 17:39:00,8,33,Landes de Gascogne,33218,Lagorce,45.0813,-0.1606,0.3,0.3,False,Inconnue,,
2013,2013-08-24 03:19:00,8,33,Landes de Gascogne,33233,Laruscade,45.1206,-0.3394,0.15,0.15,False,Inconnue,,
2013,2013-08-24 21:50:00,8,33,Landes de Gascogne,33317,Périssac,45.0256,-0.3135,0.005,0.005,False,Inconnue,,
2013,2013-08-25 21:37:00,8,33,Landes de Gascogne,33244,Lignan-de-Bazas,44.433,-0.2745,0.05,0.05,False,Inconnue,,
2013,2013-08-27 13:56:00,8,33,Landes de Gascogne,33417,Sainte-Hélène,44.9653,-0.9071,0.05,0.05,False,Inconnue,,
2013,2013-08-28 10:28:00,8,06,Alpes-Maritimes,06081,Le Mas,43.8388,6.8572,0.005,0.0,False,Naturelle,,
2013,2013-08-29 16:01:00,8,33,Landes de Gascogne,33532,Tizac-de-Lapouyade,45.0699,-0.3111,0.07,0.07,False,Inconnue,,
2013,2013-08-29 22:50:00,8,33,Landes de Gascogne,33329,Pompéjac,44.3986,-0.2997,0.5,0.25,False,Inconnue,,
2013,2013-08-30 18:44:00,8,06,Alpes-Maritimes,06085,Mougins,43.5931,7.0046,0.2945,0.0,False,Malveillance,,
2013,2013-09-01 12:38:00,9,33,Landes de Gascogne,33237,Léogeats,44.5053,-0.3648,0.25,0.25,False,Inconnue,,
2013,2013-09-02 14:20:00,9,33,Landes de Gascogne,33417,Sainte-Hélène,44.9653,-0.9071,0.3,0.3,False,Inconnue,,
2013,2013-09-02 16:06:00,9,33,Landes de Gascogne,33417,Sainte-Hélène,44.9653,-0.9071,0.07,0.07,False,Inconnue,,
2013,2013-09-03 13:49:00,9,40,Landes de Gascogne,40217,Parentis-en-Born,44.3527,-1.0879,0.5,0.5,False,Accidentelle,,
2013,2013-09-03 14:42:00,9,33,Landes de Gascogne,33452,Saint-Michel-de-Rieufret,44.6273,-0.4453,0.01,0.01,False,Accidentelle,,
2013,2013-09-04 00:15:00,9,33,Landes de Gascogne,33233,Laruscade,45.1206,-0.3394,0.04,0.04,False,Inconnue,,
2013,2013-09-04 06:19:00,9,33,Landes de Gascogne,33218,Lagorce,45.0813,-0.1606,2.5,2.5,False,Inconnue,,
2013,2013-09-04 16:22:00,9,40,Landes de Gascogne,40262,Saint-Gor,44.0752,-0.2367,0.03,0.03,False,Inconnue,,
2013,2013-09-04 20:51:00,9,40,Landes de Gascogne,40262,Saint-Gor,44.0752,-0.2367,0.6,0.6,False,Inconnue,,
2013,2013-09-06 09:53:00,9,40,Landes de Gascogne,40135,Labrit,44.1269,-0.5557,0.0005,0.0005,False,Naturelle,,
2013,2013-09-06 17:58:00,9,33,Landes de Gascogne,33042,Belin-Béliet,44.4959,-0.7989,0.002,0.002,False,Naturelle,,
2013,2013-09-08 10:36:00,9,40,Landes de Gascogne,40064,Canenx-et-Réaut,44.0024,-0.4602,0.003,0.003,False,Naturelle,,
2013,2013-09-08 19:42:00,9,33,Landes de Gascogne,33450,Saint-Michel-de-Castelnau,44.2882,-0.0939,0.6,0.6,False,Naturelle,,
2013,2013-09-09 17:24:00,9,33,Landes de Gascogne,33436,Saint-Magne,44.559,-0.6623,0.005,0.005,False,Naturelle,,
2013,2013-09-11 14:09:00,9,33,Landes de Gascogne,33424,Saint-Laurent-Médoc,45.1402,-0.8557,0.01,0.01,False,Accidentelle,,
2013,2013-09-11 15:46:00,9,40,Landes de Gascogne,40246,Sabres,44.1532,-0.7332,1.35,1.0,False,Naturelle,,
2013,2013-09-23 18:50:00,9,06,Alpes-Maritimes,06133,Sauze,44.0862,6.7987,0.005,0.0,False,Inconnue,,
2013,2013-09-27 14:05:00,9,06,Alpes-Maritimes,06116,Saint-Auban,43.8319,6.7367,0.02,0.0,False,Inconnue,,
2013,2013-10-20 14:30:00,10,06,Alpes-Maritimes,06092,Peillon,43.7727,7.3668,0.02,0.0,False,Inconnue,,
2013,2013-10-24 16:36:00,10,33,Landes de Gascogne,33274,Martillac,44.7176,-0.558,0.002,0.002,False,Inconnue,,
2013,2013-10-28 12:45:00,10,06,Alpes-Maritimes,06074,Lantosque,43.9787,7.3121,1.58,0.1,False,Inconnue,,
2013,2013-11-11 00:29:00,11,06,Alpes-Maritimes,06136,Sospel,43.8872,7.4493,0.1,0.0,False,Accidentelle,,
2013,2013-11-11 16:28:00,11,06,Alpes-Maritimes,06145,Tourette-du-Château,43.8812,7.1365,3.0,0.0,False,Accidentelle,,
2013,2013-12-02 11:35:00,12,06,Alpes-Maritimes,06100,Revest-les-Roches,43.8823,7.1693,0.2,0.0,False,Accidentelle,,
2013,2013-12-06 01:17:00,12,06,Alpes-Maritimes,06109,La Roquette-sur-Var,43.8328,7.2072,0.04,0.0,False,Inconnue,,
2013,2013-12-08 17:55:00,12,06,Alpes-Maritimes,06101,Rigaud,43.9942,6.976,3.04,0.0,False,Inconnue,,
2013,2013-12-13 14:23:00,12,06,Alpes-Maritimes,06153,Valdeblore,44.1152,7.1949,0.04,0.0,False,Malveillance,,
2013,2013-12-13 14:23:00,12,06,Alpes-Maritimes,06153,Valdeblore,44.1152,7.1949,1.0,0.0,False,Malveillance,,
2013,2013-12-13 14:23:00,12,06,Alpes-Maritimes,06153,Valdeblore,44.1152,7.1949,0.45,0.0,False,Malveillance,,
2013,2013-12-13 14:23:00,12,06,Alpes-Maritimes,06153,Valdeblore,44.1152,7.1949,0.008,0.0,False,Malveillance,,
2013,2013-12-13 14:23:00,12,06,Alpes-Maritimes,06153,Valdeblore,44.1152,7.1949,5.75,0.0,False,Malveillance,,
2013,2013-12-13 14:58:00,12,06,Alpes-Maritimes,06153,Valdeblore,44.1152,7.1949,0.25,0.0,False,Malveillance,,
2013,2013-12-15 13:45:00,12,06,Alpes-Maritimes,06074,Lantosque,43.9787,7.3121,0.05,0.0,False,Inconnue,,
2014,2014-01-07 13:50:00,1,06,Alpes-Maritimes,06074,Lantosque,43.9787,7.3121,4.84,0.0,False,Inconnue,,
2014,2014-01-26 12:21:00,1,06,Alpes-Maritimes,06122,Saint-Jeannet,43.7619,7.1477,0.3,0.0,False,Malveillance,,
2014,2014-01-27 12:00:00,1,06,Alpes-Maritimes,06074,Lantosque,43.9787,7.3121,3.6,0.0,False,Malveillance,,
2014,2014-02-14 03:28:00,2,33,Landes de Gascogne,33544,Le Verdon-sur-Mer,45.5481,-1.0826,0.004,0.004,False,Inconnue,,
2014,2014-02-23 14:53:00,2,06,Alpes-Maritimes,06074,Lantosque,43.9787,7.3121,0.5,0.0,False,Inconnue,,
2014,2014-02-24 13:13:00,2,06,Alpes-Maritimes,06153,Valdeblore,44.1152,7.1949,0.2,0.0,False,Inconnue,,
2014,2014-02-24 13:13:00,2,06,Alpes-Maritimes,06153,Valdeblore,44.1152,7.1949,0.5,0.0,False,Inconnue,,
2014,2014-03-07 18:39:00,3,06,Alpes-Maritimes,06072,Ilonse,44.0319,7.0901,0.25,0.0,False,Inconnue,,
2014,2014-03-09 18:20:00,3,33,Landes de Gascogne,33389,Saint-Ciers-sur-Gironde,45.2947,-0.6648,0.032,0.032,False,Malveillance,,
2014,2014-03-10 09:13:00,3,33,Landes de Gascogne,33436,Saint-Magne,44.559,-0.6623,0.005,0.005,False,Accidentelle,,
2014,2014-03-10 16:21:00,3,33,Landes de Gascogne,33537,Uzeste,44.4304,-0.3269,1.0,1.0,False,Accidentelle,,
2014,2014-03-10 16:35:00,3,33,Landes de Gascogne,33051,Biganos,44.6599,-0.9582,1.0,1.0,False,Inconnue,,
2014,2014-03-11 12:40:00,3,33,Landes de Gascogne,33212,Labescau,44.4511,-0.0812,6.0,6.0,False,Involontaire (particulier),,
2014,2014-03-11 22:51:00,3,33,Landes de Gascogne,33233,Laruscade,45.1206,-0.3394,0.8,0.8,False,Inconnue,,
2014,2014-03-13 03:45:00,3,40,Landes de Gascogne,40158,Losse,44.0948,-0.0933,1.0,0.4,False,Inconnue,,
2014,2014-03-13 14:22:00,3,33,Landes de Gascogne,33508,Savignac,44.514,-0.1057,1.0,1.0,False,Inconnue,,
2014,2014-03-14 15:31:00,3,06,Alpes-Maritimes,06070,Gréolières,43.8037,6.9296,4.56,4.56,False,Involontaire (particulier),,
2014,2014-03-16 10:46:00,3,06,Alpes-Maritimes,06153,Valdeblore,44.1152,7.1949,1.06,0.16,False,Involontaire (particulier),,
2014,2014-03-17 10:40:00,3,06,Alpes-Maritimes,06074,Lantosque,43.9787,7.3121,70.03,26.0,False,Malveillance,,
2014,2014-03-19 15:45:00,3,06,Alpes-Maritimes,06013,Belvédère,44.0615,7.3612,7.74,0.0,False,Malveillance,,
2014,2014-03-21 16:00:00,3,40,Landes de Gascogne,40296,Seignosse,43.7055,-1.3939,0.05,0.05,False,Involontaire (travaux),,
2014,2014-03-27 19:46:00,3,33,Landes de Gascogne,33322,Le Pian-Médoc,44.9555,-0.6737,0.03,0.03,False,Inconnue,,
2014,2014-03-29 10:03:00,3,06,Alpes-Maritimes,06065,La Gaude,43.7177,7.1605,0.3,0.0,False,Involontaire (travaux),,
2014,2014-03-29 22:00:00,3,06,Alpes-Maritimes,06074,Lantosque,43.9787,7.3121,0.4,0.0,False,Inconnue,,
2014,2014-03-31 12:30:00,3,06,Alpes-Maritimes,06024,Briançonnet,43.8654,6.7325,4.89,0.0,False,Inconnue,,
2014,2014-03-31 12:59:00,3,06,Alpes-Maritimes,06104,Roquebrune-Cap-Martin,43.7638,7.4576,0.8,0.0,False,Involontaire (particulier),,
2014,2014-04-01 13:41:00,4,40,Landes de Gascogne,40053,Bourriot-Bergonce,44.153,-0.2091,0.25,0.25,False,Involontaire (travaux),,
2014,2014-04-03 22:54:00,4,06,Alpes-Maritimes,06017,Bézaudun-les-Alpes,43.8026,7.0908,0.92,0.0,False,Malveillance,,
2014,2014-04-06 16:48:00,4,06,Alpes-Maritimes,06024,Briançonnet,43.8654,6.7325,3.54,3.54,False,Inconnue,,
2014,2014-04-06 16:48:00,4,06,Alpes-Maritimes,06130,Saint-Vallier-de-Thiey,43.6994,6.8516,0.1,0.0,False,Inconnue,,
2014,2014-04-06 20:29:00,4,06,Alpes-Maritimes,06017,Bézaudun-les-Alpes,43.8026,7.0908,0.1,0.0,False,Involontaire (travaux),,
2014,2014-04-07 14:15:00,4,06,Alpes-Maritimes,06053,Daluis,44.0426,6.8045,0.065,0.0,False,Inconnue,,
2014,2014-04-09 12:25:00,4,40,Landes de Gascogne,40178,Mazerolles,43.8848,-0.4334,0.2,0.2,False,Inconnue,,
2014,2014-04-09 13:22:00,4,06,Alpes-Maritimes,06082,Massoins,43.9552,7.1305,17.22,1.2,False,Involontaire (particulier),,
2014,2014-04-09 18:28:00,4,40,Landes de Gascogne,40046,Biscarrosse,44.4077,-1.1525,0.05,0.05,False,Inconnue,,
2014,2014-04-10 16:04:00,4,33,Landes de Gascogne,33264,Maransin,45.0748,-0.26,6.0,6.0,False,Inconnue,,
2014,2014-04-10 17:22:00,4,40,Landes de Gascogne,40287,Sanguinet,44.4776,-1.0903,0.1,0.1,False,Inconnue,,
2014,2014-04-10 23:15:00,4,33,Landes de Gascogne,33233,Laruscade,45.1206,-0.3394,1.0,1.0,False,Inconnue,,
2014,2014-04-11 16:31:00,4,33,Landes de Gascogne,33189,Gornac,44.6636,-0.1832,0.01,0.005,False,Involontaire (travaux),,
2014,2014-04-12 16:05:00,4,33,Landes de Gascogne,33170,Fontet,44.5531,-0.027,0.01,0.01,False,Involontaire (travaux),,
2014,2014-04-12 20:39:00,4,40,Landes de Gascogne,40184,Mimizan,44.1996,-1.2323,0.02,0.02,False,Inconnue,,
2014,2014-04-13 16:31:00,4,33,Landes de Gascogne,33502,Saugon,45.1864,-0.5006,1.2,1.2,False,Inconnue,,
2014,2014-04-15 11:12:00,4,33,Landes de Gascogne,33019,Audenge,44.7133,-0.9533,0.2,0.1,False,Involontaire (particulier),,
2014,2014-04-16 11:19:00,4,40,Landes de Gascogne,40019,Aureilhan,44.2094,-1.192,0.2,0.2,False,Involontaire (particulier),,
2014,2014-04-16 11:19:00,4,40,Landes de Gascogne,40326,Vielle-Saint-Girons,43.9429,-1.3219,0.005,0.005,False,Involontaire (travaux),,
2014,2014-04-17 16:12:00,4,33,Landes de Gascogne,33229,Lanton,44.7719,-0.9799,1.5,1.5,False,Inconnue,,
2014,2014-04-17 16:48:00,4,40,Landes de Gascogne,40217,Parentis-en-Born,44.3527,-1.0879,0.5,0.5,False,Inconnue,,
2014,2014-04-17 23:10:00,4,40,Landes de Gascogne,40192,Mont-de-Marsan,43.8931,-0.5009,1.5,1.5,False,Inconnue,,
2014,2014-04-18 15:37:00,4,40,Landes de Gascogne,40028,Bastennes,43.6504,-0.7802,0.1,0.1,False,Inconnue,,
2014,2014-04-19 17:24:00,4,40,Landes de Gascogne,40151,Lesgor,43.8592,-0.9089,0.5,0.5,False,Involontaire (travaux),,
2014,2014-04-19 20:23:00,4,33,Landes de Gascogne,33316,Pellegrue,44.7403,0.0864,0.03,0.0225,False,Involontaire (travaux),,
2014,2014-04-23 14:48:00,4,33,Landes de Gascogne,33422,Saint-Jean-d'Illac,44.7973,-0.8156,0.3,0.15,False,Involontaire (particulier),,
2014,2014-04-23 16:02:00,4,33,Landes de Gascogne,33095,Captieux,44.2621,-0.2981,100.0,30.0,True,Involontaire (particulier),,
2014,2014-04-23 21:04:00,4,33,Landes de Gascogne,33312,Parempuyre,44.9548,-0.5844,0.6,0.6,False,Inconnue,,
2014,2014-04-24 22:01:00,4,33,Landes de Gascogne,33452,Saint-Michel-de-Rieufret,44.6273,-0.4453,0.005,0.005,False,Inconnue,,
2014,2014-04-26 16:31:00,4,06,Alpes-Maritimes,06162,La Brigue,44.0897,7.6496,0.09,0.0,False,Involontaire (particulier),,
2014,2014-05-08 08:47:00,5,40,Landes de Gascogne,40217,Parentis-en-Born,44.3527,-1.0879,0.015,0.015,False,Inconnue,,
2014,2014-05-08 18:32:00,5,33,Landes de Gascogne,33199,Gujan-Mestras,44.5758,-1.0813,0.0005,0.0005,False,Inconnue,,
2014,2014-05-11 12:31:00,5,06,Alpes-Maritimes,06074,Lantosque,43.9787,7.3121,0.06,0.0,False,Inconnue,,
2014,2014-05-11 16:44:00,5,06,Alpes-Maritimes,06114,Saint-André-de-la-Roche,43.7455,7.2875,1.87,1.87,False,Involontaire (particulier),,
2014,2014-05-11 17:00:00,5,33,Landes de Gascogne,33336,Préchac,44.3859,-0.3715,0.1,0.1,False,Inconnue,,
2014,2014-05-12 08:40:00,5,33,Landes de Gascogne,33238,Léognan,44.7236,-0.6172,0.15,0.15,False,Malveillance,,
2014,2014-05-12 13:58:00,5,06,Alpes-Maritimes,06088,Nice,43.7032,7.2528,0.02,0.0,False,Involontaire (travaux),,
2014,2014-05-13 07:45:00,5,06,Alpes-Maritimes,06088,Nice,43.7032,7.2528,0.01,0.0,False,Involontaire (travaux),,
2014,2014-05-13 14:08:00,5,06,Alpes-Maritimes,06130,Saint-Vallier-de-Thiey,43.6994,6.8516,0.2,0.0,False,Inconnue,,
2014,2014-05-14 14:38:00,5,06,Alpes-Maritimes,06050,Coursegoules,43.7898,7.0384,0.1,0.0,False,Inconnue,,
2014,2014-05-14 16:39:00,5,06,Alpes-Maritimes,06071,Guillaumes,44.1007,6.8673,0.37,0.0,False,Involontaire (travaux),,
2014,2014-05-15 10:58:00,5,33,Landes de Gascogne,33230,Lapouyade,45.1094,-0.2854,3.0,3.0,False,Inconnue,,
2014,2014-05-16 03:18:00,5,33,Landes de Gascogne,33473,Saint-Savin,45.1611,-0.4449,0.01,0.01,False,Inconnue,,
2014,2014-05-16 03:25:00,5,33,Landes de Gascogne,33202,Hostens,44.4834,-0.6616,0.8,0.8,False,Involontaire (particulier),,
2014,2014-05-16 03:44:00,5,40,Landes de Gascogne,40261,Saint-Geours-de-Maremne,43.6854,-1.2348,0.5,0.5,False,Inconnue,,
2014,2014-05-16 17:00:00,5,33,Landes de Gascogne,33233,Laruscade,45.1206,-0.3394,0.7,0.7,False,Inconnue,,
2014,2014-05-17 12:03:00,5,06,Alpes-Maritimes,06069,Grasse,43.656,6.937,0.4,0.0,False,Inconnue,,
2014,2014-05-17 12:04:00,5,06,Alpes-Maritimes,06025,Le Broc,43.8146,7.1621,2.94,2.94,False,Inconnue,,
2014,2014-05-18 20:37:00,5,33,Landes de Gascogne,33229,Lanton,44.7719,-0.9799,0.2,0.15,False,Inconnue,,
2014,2014-05-18 22:11:00,5,33,Landes de Gascogne,33436,Saint-Magne,44.559,-0.6623,6.8,6.8,False,Inconnue,,
2014,2014-05-19 01:46:00,5,33,Landes de Gascogne,33422,Saint-Jean-d'Illac,44.7973,-0.8156,0.5,0.5,False,Inconnue,,
2014,2014-05-19 13:36:00,5,33,Landes de Gascogne,33233,Laruscade,45.1206,-0.3394,0.5,0.5,False,Inconnue,,
2014,2014-05-19 16:15:00,5,33,Landes de Gascogne,33205,Illats,44.6087,-0.3797,0.2,0.2,False,Accidentelle,,
2014,2014-05-25 14:19:00,5,06,Alpes-Maritimes,06148,Tourrettes-sur-Loup,43.718,7.0353,2.73,0.0,False,Inconnue,,
2014,2014-05-27 13:50:00,5,06,Alpes-Maritimes,06006,Aspremont,43.7772,7.2423,0.05,0.0,False,Involontaire (travaux),,
2014,2014-05-30 22:50:00,5,06,Alpes-Maritimes,06026,Cabris,43.6602,6.8782,0.1,0.0,False,Involontaire (travaux),,
2014,2014-06-01 12:32:00,6,06,Alpes-Maritimes,06019,Blausasc,43.7938,7.357,0.12,0.0,False,Involontaire (particulier),,
2014,2014-06-03 15:35:00,6,06,Alpes-Maritimes,06027,Cagnes-sur-Mer,43.6712,7.1502,0.6,0.0,False,Involontaire (particulier),,
2014,2014-06-06 23:45:00,6,40,Landes de Gascogne,40262,Saint-Gor,44.0752,-0.2367,0.4,0.4,False,Naturelle,,
2014,2014-06-08 17:04:00,6,33,Landes de Gascogne,33429,Saint-Léger-de-Balson,44.43,-0.4416,0.15,0.15,False,Inconnue,,
2014,2014-06-08 18:42:00,6,33,Landes de Gascogne,33539,Vayres,44.8908,-0.326,0.4,0.4,False,Involontaire (travaux),,
2014,2014-06-08 20:37:00,6,40,Landes de Gascogne,40192,Mont-de-Marsan,43.8931,-0.5009,0.3,0.3,False,Inconnue,,
2014,2014-06-09 21:59:00,6,33,Landes de Gascogne,33205,Illats,44.6087,-0.3797,0.1,0.1,False,Inconnue,,
2014,2014-06-14 19:10:00,6,06,Alpes-Maritimes,06079,Mandelieu-la-Napoule,43.5334,6.918,0.02,0.0,False,Naturelle,,
2014,2014-06-14 20:41:00,6,33,Landes de Gascogne,33552,Virelade,44.6565,-0.3981,0.35,0.35,False,Inconnue,,
2014,2014-06-15 16:25:00,6,33,Landes de Gascogne,33042,Belin-Béliet,44.4959,-0.7989,0.5,0.5,False,Inconnue,,
2014,2014-06-15 20:22:00,6,33,Landes de Gascogne,33205,Illats,44.6087,-0.3797,1.2,1.2,False,Inconnue,,
2014,2014-06-15 21:52:00,6,33,Landes de Gascogne,33473,Saint-Savin,45.1611,-0.4449,0.01,0.01,False,Inconnue,,
2014,2014-06-16 12:05:00,6,33,Landes de Gascogne,33279,Mazères,44.5023,-0.251,0.5,0.5,False,Accidentelle,,
2014,2014-06-16 15:48:00,6,33,Landes de Gascogne,33047,Berson,45.1188,-0.5782,0.1,0.1,False,Inconnue,,
2014,2014-06-17 13:32:00,6,06,Alpes-Maritimes,06007,Auribeau-sur-Siagne,43.6105,6.9118,0.5,0.0,False,Involontaire (travaux),,
2014,2014-06-17 20:06:00,6,40,Landes de Gascogne,40168,Magescq,43.7753,-1.1841,0.22,0.22,False,Malveillance,,
2014,2014-06-22 14:33:00,6,06,Alpes-Maritimes,06007,Auribeau-sur-Siagne,43.6105,6.9118,0.5,0.0,False,Involontaire (travaux),,
2014,2014-06-22 19:12:00,6,33,Landes de Gascogne,33139,Coutures,44.6566,0.0318,1.0,0.3,False,Involontaire (particulier),,
2014,2014-06-22 19:54:00,6,33,Landes de Gascogne,33122,Cestas,44.7274,-0.7349,0.04,0.04,False,Accidentelle,,
2014,2014-06-23 13:54:00,6,40,Landes de Gascogne,40105,Garein,44.0521,-0.6514,0.005,0.005,False,Inconnue,,
2014,2014-06-23 15:35:00,6,40,Landes de Gascogne,40200,Moustey,44.387,-0.7703,1.0,1.0,False,Naturelle,,
2014,2014-06-24 11:00:00,6,06,Alpes-Maritimes,06095,Peymeinade,43.6289,6.8807,0.15,0.0,False,Involontaire (particulier),,
2014,2014-06-24 13:54:00,6,40,Landes de Gascogne,40279,Saint-Paul-lès-Dax,43.7485,-1.0941,0.5,0.5,False,Naturelle,,
2014,2014-06-24 20:06:00,6,40,Landes de Gascogne,40150,Léon,43.8474,-1.2768,0.1,0.1,False,Inconnue,,
2014,2014-06-25 15:30:00,6,33,Landes de Gascogne,33498,Salles,44.536,-0.8899,0.65,0.65,False,Naturelle,,
2014,2014-06-25 16:18:00,6,40,Landes de Gascogne,40046,Biscarrosse,44.4077,-1.1525,0.5,0.5,False,Inconnue,,
2014,2014-06-25 21:53:00,6,40,Landes de Gascogne,40093,Escalans,44.0023,0.0374,2.2,2.2,False,Naturelle,,
2014,2014-06-26 11:45:00,6,06,Alpes-Maritimes,06059,Èze,43.7299,7.3566,0.2,0.0,False,Involontaire (particulier),,
2014,2014-06-28 15:18:00,6,40,Landes de Gascogne,40244,Rivière-Saas-et-Gourby,43.6963,-1.1756,28.0,26.0,False,Involontaire (particulier),,
2014,2014-07-01 06:39:00,7,33,Landes de Gascogne,33529,La Teste-de-Buch,44.586,-1.1809,0.0004,0.0004,False,Inconnue,,
2014,2014-07-04 17:51:00,7,40,Landes de Gascogne,40229,Pontenx-les-Forges,44.2554,-1.0914,0.0004,0.0004,False,Inconnue,,
2014,2014-07-17 13:23:00,7,40,Landes de Gascogne,40009,Arjuzanx,,,2.5,2.5,False,Inconnue,,
2014,2014-07-17 14:50:00,7,33,Landes de Gascogne,33347,Puynormand,44.9831,-0.0011,0.05,0.05,False,Involontaire (travaux),,
2014,2014-07-18 14:17:00,7,33,Landes de Gascogne,33450,Saint-Michel-de-Castelnau,44.2882,-0.0939,0.001,0.001,False,Naturelle,,
2014,2014-07-18 14:51:00,7,40,Landes de Gascogne,40053,Bourriot-Bergonce,44.153,-0.2091,0.005,0.005,False,Naturelle,,
2014,2014-07-18 14:54:00,7,40,Landes de Gascogne,40053,Bourriot-Bergonce,44.153,-0.2091,0.0005,0.0005,False,Naturelle,,
2014,2014-07-18 15:58:00,7,40,Landes de Gascogne,40320,Uchacq-et-Parentis,43.945,-0.5476,1.95,1.95,False,Naturelle,,
2014,2014-07-18 16:16:00,7,40,Landes de Gascogne,40053,Bourriot-Bergonce,44.153,-0.2091,0.0002,0.0002,False,Naturelle,,
2014,2014-07-18 17:01:00,7,33,Landes de Gascogne,33255,Lucmau,44.2955,-0.3364,1.5,1.5,False,Naturelle,,
2014,2014-07-19 09:54:00,7,33,Landes de Gascogne,33177,Gaillan-en-Médoc,45.3135,-0.9946,0.001,0.001,False,Naturelle,,
2014,2014-07-19 15:51:00,7,33,Landes de Gascogne,33351,Reignac,45.2292,-0.5179,0.05,0.05,False,Inconnue,,
2014,2014-07-19 20:22:00,7,40,Landes de Gascogne,40230,Pontonx-sur-l'Adour,43.7927,-0.9367,0.05,0.05,False,Naturelle,,
2014,2014-07-19 20:38:00,7,33,Landes de Gascogne,33528,Le Temple,44.8662,-0.9609,0.1,0.1,False,Naturelle,,
2014,2014-07-21 11:28:00,7,33,Landes de Gascogne,33115,Cazalis,44.3304,-0.3875,0.005,0.005,False,Inconnue,,
2014,2014-07-23 18:03:00,7,33,Landes de Gascogne,33199,Gujan-Mestras,44.5758,-1.0813,0.03,0.03,False,Inconnue,,
2014,2014-07-24 13:48:00,7,33,Landes de Gascogne,33540,Vendays-Montalivet,45.3378,-1.0953,0.05,0.05,False,Inconnue,,
2014,2014-07-25 02:59:00,7,33,Landes de Gascogne,33221,Lamothe-Landerron,44.5662,0.0602,0.001,0.001,False,Involontaire (particulier),,
2014,2014-07-30 02:39:00,7,33,Landes de Gascogne,33540,Vendays-Montalivet,45.3378,-1.0953,0.01,0.01,False,Inconnue,,
2014,2014-08-01 13:58:00,8,40,Landes de Gascogne,40157,Lit-et-Mixe,44.0273,-1.2704,0.002,0.002,False,Naturelle,,
2014,2014-08-01 15:41:00,8,40,Landes de Gascogne,40167,Luxey,44.2382,-0.5061,0.4,0.4,False,Naturelle,,
2014,2014-08-01 16:02:00,8,33,Landes de Gascogne,33225,Landiras,44.5696,-0.4333,0.5,0.5,False,Inconnue,,
2014,2014-08-01 18:41:00,8,40,Landes de Gascogne,40242,Rimbez-et-Baudiets,44.0594,0.0473,0.015,0.015,False,Inconnue,,
2014,2014-08-01 18:54:00,8,33,Landes de Gascogne,33494,Salaunes,44.9281,-0.8502,0.05,0.05,False,Naturelle,,
2014,2014-08-01 19:15:00,8,33,Landes de Gascogne,33022,Avensan,45.0033,-0.7574,0.003,0.003,False,Naturelle,,
2014,2014-08-01 20:40:00,8,33,Landes de Gascogne,33091,Cantenac,,,0.002,0.002,False,Inconnue,,
2014,2014-08-02 16:47:00,8,33,Landes de Gascogne,33095,Captieux,44.2621,-0.2981,4.0,2.0,False,Naturelle,,
2014,2014-08-03 10:46:00,8,33,Landes de Gascogne,33115,Cazalis,44.3304,-0.3875,0.001,0.001,False,Naturelle,,
2014,2014-08-03 11:55:00,8,33,Landes de Gascogne,33095,Captieux,44.2621,-0.2981,0.3,0.3,False,Naturelle,,
2014,2014-08-04 20:24:00,8,33,Landes de Gascogne,33494,Salaunes,44.9281,-0.8502,0.1,0.1,False,Naturelle,,
2014,2014-08-08 15:41:00,8,33,Landes de Gascogne,33095,Captieux,44.2621,-0.2981,27.0,27.0,False,Naturelle,,
2014,2014-08-10 13:33:00,8,06,Alpes-Maritimes,06088,Nice,43.7032,7.2528,0.5,0.0,False,Malveillance,,
2014,2014-08-10 14:40:00,8,06,Alpes-Maritimes,06025,Le Broc,43.8146,7.1621,0.005,0.0,False,Involontaire (particulier),,
2014,2014-08-10 15:40:00,8,06,Alpes-Maritimes,06150,La Turbie,43.7462,7.3973,0.03,0.0,False,Accidentelle,,
2014,2014-08-10 19:53:00,8,06,Alpes-Maritimes,06088,Nice,43.7032,7.2528,0.01,0.0,False,Inconnue,,
2014,2014-08-12 11:38:00,8,06,Alpes-Maritimes,06117,Saint-Blaise,43.8132,7.2283,1.59,1.59,False,Involontaire (particulier),,
2014,2014-08-12 16:08:00,8,06,Alpes-Maritimes,06088,Nice,43.7032,7.2528,0.4,0.0,False,Involontaire (particulier),,
2014,2014-08-12 18:06:00,8,06,Alpes-Maritimes,06114,Saint-André-de-la-Roche,43.7455,7.2875,0.03,0.0,False,Malveillance,,
2014,2014-08-16 18:06:00,8,06,Alpes-Maritimes,06075,Levens,43.8501,7.2358,0.006,0.0,False,Naturelle,,
2014,2014-08-23 20:42:00,8,33,Landes de Gascogne,33374,Saint-Aubin-de-Blaye,45.2591,-0.5763,0.005,0.005,False,Inconnue,,
2014,2014-08-24 14:27:00,8,33,Landes de Gascogne,33009,Arcachon,44.6515,-1.1718,0.001,0.001,False,Inconnue,,
2014,2014-08-25 13:32:00,8,33,Landes de Gascogne,33233,Laruscade,45.1206,-0.3394,0.001,0.001,False,Malveillance,,
2014,2014-08-27 15:33:00,8,06,Alpes-Maritimes,06088,Nice,43.7032,7.2528,0.5,0.0,False,Involontaire (travaux),,
2014,2014-08-29 07:15:00,8,40,Landes de Gascogne,40307,Sore,44.3073,-0.6021,0.0003,0.0003,False,Naturelle,,
2014,2014-08-31 17:25:00,8,40,Landes de Gascogne,40310,Soustons,43.754,-1.3305,0.0005,0.0005,False,Involontaire (particulier),,
2014,2014-08-31 18:22:00,8,33,Landes de Gascogne,33529,La Teste-de-Buch,44.586,-1.1809,0.05,0.05,False,Inconnue,,
2014,2014-09-03 16:35:00,9,06,Alpes-Maritimes,06046,Colomars,43.757,7.2212,0.02,0.0,False,Malveillance,,
2014,2014-09-03 21:42:00,9,06,Alpes-Maritimes,06059,Èze,43.7299,7.3566,0.02,0.0,False,Accidentelle,,
2014,2014-09-04 01:39:00,9,33,Landes de Gascogne,33514,Soulac-sur-Mer,45.5057,-1.0694,1.5,1.5,False,Inconnue,,
2014,2014-09-04 08:13:00,9,33,Landes de Gascogne,33514,Soulac-sur-Mer,45.5057,-1.0694,0.02,0.02,False,Inconnue,,
2014,2014-09-06 16:34:00,9,33,Landes de Gascogne,33106,Castets et Castillon,44.5544,-0.1366,0.2,0.2,False,Inconnue,,
2014,2014-09-06 16:57:00,9,33,Landes de Gascogne,33229,Lanton,44.7719,-0.9799,0.2,0.2,False,Inconnue,,
2014,2014-09-06 21:20:00,9,33,Landes de Gascogne,33123,Cézac,45.0867,-0.4171,0.02,0.01,False,Inconnue,,
2014,2014-09-06 21:35:00,9,40,Landes de Gascogne,40062,Campet-et-Lamolère,43.9163,-0.5823,0.02,0.02,False,Inconnue,,
2014,2014-09-07 13:41:00,9,33,Landes de Gascogne,33097,Carcans,45.0794,-1.0404,0.3,0.3,False,Inconnue,,
2014,2014-09-09 10:29:00,9,40,Landes de Gascogne,40287,Sanguinet,44.4776,-1.0903,0.01,0.01,False,Malveillance,,
2014,2014-09-09 15:42:00,9,40,Landes de Gascogne,40184,Mimizan,44.1996,-1.2323,0.5,0.5,False,Involontaire (travaux),,
2014,2014-09-10 16:04:00,9,33,Landes de Gascogne,33193,Grayan-et-l'Hôpital,45.4324,-1.1057,0.002,0.002,False,Inconnue,,
2014,2014-09-12 17:44:00,9,33,Landes de Gascogne,33529,La Teste-de-Buch,44.586,-1.1809,0.01,0.005,False,Inconnue,,
2014,2014-09-13 05:11:00,9,33,Landes de Gascogne,33473,Saint-Savin,45.1611,-0.4449,0.01,0.01,False,Inconnue,,
2014,2014-09-13 11:04:00,9,40,Landes de Gascogne,40326,Vielle-Saint-Girons,43.9429,-1.3219,0.001,0.001,False,Inconnue,,
2014,2014-09-13 12:48:00,9,33,Landes de Gascogne,33233,Laruscade,45.1206,-0.3394,0.003,0.003,False,Involontaire (particulier),,
2014,2014-09-13 15:57:00,9,33,Landes de Gascogne,33366,Saint-André-de-Cubzac,44.9945,-0.4378,0.04,0.04,False,Involontaire (particulier),,
2014,2014-09-13 17:58:00,9,33,Landes de Gascogne,33528,Le Temple,44.8662,-0.9609,1.0,1.0,False,Inconnue,,
2014,2014-09-13 21:25:00,9,33,Landes de Gascogne,33366,Saint-André-de-Cubzac,44.9945,-0.4378,0.02,0.02,False,Inconnue,,
2014,2014-09-17 13:31:00,9,40,Landes de Gascogne,40310,Soustons,43.754,-1.3305,0.6,0.6,False,Inconnue,,
2014,2014-09-17 16:45:00,9,40,Landes de Gascogne,40291,Saubion,43.673,-1.3323,0.06,0.06,False,Naturelle,,
2014,2014-09-17 17:01:00,9,33,Landes de Gascogne,33501,Saucats,44.6476,-0.6377,0.2,0.2,False,Inconnue,,
2014,2014-09-17 17:32:00,9,33,Landes de Gascogne,33503,Saumos,44.9119,-1.0029,0.5,0.5,False,Naturelle,,
2014,2014-09-17 18:15:00,9,33,Landes de Gascogne,33248,Listrac-Médoc,45.0699,-0.827,0.3,0.3,False,Inconnue,,
2014,2014-09-17 18:30:00,9,40,Landes de Gascogne,40150,Léon,43.8474,-1.2768,0.06,0.06,False,Inconnue,,
2014,2014-09-17 18:42:00,9,40,Landes de Gascogne,40142,Laluque,43.8533,-0.9816,0.09,0.09,False,Naturelle,,
2014,2014-09-18 17:22:00,9,40,Landes de Gascogne,40281,Saint-Pierre-du-Mont,43.8725,-0.52,0.05,0.05,False,Inconnue,,
2014,2014-09-18 19:00:00,9,33,Landes de Gascogne,33026,Balizac,44.4878,-0.45,0.1,0.1,False,Naturelle,,
2014,2014-09-18 20:02:00,9,33,Landes de Gascogne,33122,Cestas,44.7274,-0.7349,0.15,0.15,False,Inconnue,,
2014,2014-09-18 21:30:00,9,33,Landes de Gascogne,33019,Audenge,44.7133,-0.9533,1.5,1.5,False,Inconnue,,
2014,2014-09-18 21:37:00,9,33,Landes de Gascogne,33555,Marcheprime,44.7033,-0.8557,0.1,0.1,False,Naturelle,,
2014,2014-09-18 22:57:00,9,33,Landes de Gascogne,33011,Arès,44.7997,-1.0837,0.05,0.05,False,Inconnue,,
2014,2014-09-19 11:53:00,9,33,Landes de Gascogne,33555,Marcheprime,44.7033,-0.8557,2.0,2.0,False,Inconnue,,
2014,2014-09-19 12:54:00,9,40,Landes de Gascogne,40229,Pontenx-les-Forges,44.2554,-1.0914,0.5,0.5,False,Inconnue,,
2014,2014-09-19 15:32:00,9,40,Landes de Gascogne,40075,Castets,43.8806,-1.1487,2.0,2.0,False,Inconnue,,
2014,2014-09-19 15:32:00,9,40,Landes de Gascogne,40075,Castets,43.8806,-1.1487,1.5,1.5,False,Inconnue,,
2014,2014-09-19 18:40:00,9,33,Landes de Gascogne,33555,Marcheprime,44.7033,-0.8557,0.3,0.3,False,Naturelle,,
2014,2014-09-19 20:48:00,9,33,Landes de Gascogne,33019,Audenge,44.7133,-0.9533,0.5,0.5,False,Inconnue,,
2014,2014-09-20 14:43:00,9,33,Landes de Gascogne,33019,Audenge,44.7133,-0.9533,32.0,32.0,False,Inconnue,,
2014,2014-09-20 15:34:00,9,33,Landes de Gascogne,33498,Salles,44.536,-0.8899,0.4,0.4,False,Naturelle,,
2014,2014-09-21 20:26:00,9,33,Landes de Gascogne,33528,Le Temple,44.8662,-0.9609,0.03,0.03,False,Inconnue,,
2014,2014-09-24 16:36:00,9,40,Landes de Gascogne,40246,Sabres,44.1532,-0.7332,1.1,1.1,False,Inconnue,,
2014,2014-09-24 18:31:00,9,33,Landes de Gascogne,33529,La Teste-de-Buch,44.586,-1.1809,0.02,0.02,False,Inconnue,,
2014,2014-09-25 09:35:00,9,33,Landes de Gascogne,33503,Saumos,44.9119,-1.0029,0.8,0.8,False,Inconnue,,
2014,2014-09-25 14:45:00,9,33,Landes de Gascogne,33180,Gans,44.4539,-0.1314,0.06,0.02,False,Inconnue,,
2014,2014-09-26 13:55:00,9,33,Landes de Gascogne,33236,Lège-Cap-Ferret,44.7452,-1.174,0.03,0.03,False,Inconnue,,
2014,2014-09-26 14:56:00,9,33,Landes de Gascogne,33527,Le Teich,44.5805,-1.0234,1.5,1.5,False,Inconnue,,
2014,2014-09-27 23:57:00,9,40,Landes de Gascogne,40217,Parentis-en-Born,44.3527,-1.0879,0.05,0.05,False,Inconnue,,
2014,2014-09-28 03:18:00,9,33,Landes de Gascogne,33527,Le Teich,44.5805,-1.0234,1.0,0.3,False,Inconnue,,
2014,2014-09-28 16:23:00,9,33,Landes de Gascogne,33003,Ambarès-et-Lagrave,44.9517,-0.5,0.2,0.1,False,Malveillance,,
2014,2014-09-29 07:29:00,9,33,Landes de Gascogne,33376,Saint-Aubin-de-Médoc,44.9343,-0.7478,1.0,1.0,False,Accidentelle,,
2014,2014-09-29 13:27:00,9,33,Landes de Gascogne,33471,Saint-Sauveur,45.1964,-0.8223,0.02,0.02,False,Inconnue,,
2014,2014-09-29 15:29:00,9,33,Landes de Gascogne,33122,Cestas,44.7274,-0.7349,0.4,0.4,False,Involontaire (travaux),,
2014,2014-10-02 10:14:00,10,33,Landes de Gascogne,33318,Pessac,44.786,-0.681,0.06,0.06,False,Inconnue,,
2014,2014-10-02 14:27:00,10,40,Landes de Gascogne,40046,Biscarrosse,44.4077,-1.1525,10.5,10.5,False,Involontaire (travaux),,
2014,2014-10-02 18:56:00,10,33,Landes de Gascogne,33422,Saint-Jean-d'Illac,44.7973,-0.8156,0.015,0.015,False,Accidentelle,,
2014,2014-10-03 11:27:00,10,33,Landes de Gascogne,33051,Biganos,44.6599,-0.9582,0.002,0.002,False,Malveillance,,
2014,2014-10-03 13:29:00,10,33,Landes de Gascogne,33514,Soulac-sur-Mer,45.5057,-1.0694,0.01,0.01,False,Involontaire (travaux),,
2014,2014-10-03 13:29:00,10,33,Landes de Gascogne,33514,Soulac-sur-Mer,45.5057,-1.0694,0.01,0.01,False,Involontaire (travaux),,
2014,2014-10-13 13:00:00,10,33,Landes de Gascogne,33236,Lège-Cap-Ferret,44.7452,-1.174,0.04,0.04,False,Malveillance,,
2014,2014-10-22 15:43:00,10,33,Landes de Gascogne,33540,Vendays-Montalivet,45.3378,-1.0953,0.5,0.5,False,Inconnue,,
2014,2014-10-22 15:51:00,10,40,Landes de Gascogne,40184,Mimizan,44.1996,-1.2323,0.0005,0.0005,False,Involontaire (particulier),,
2014,2014-10-24 16:15:00,10,40,Landes de Gascogne,40163,Lüe,44.2337,-0.9858,1.0,1.0,False,Accidentelle,,
2014,2014-10-24 19:28:00,10,33,Landes de Gascogne,33221,Lamothe-Landerron,44.5662,0.0602,0.03,0.03,False,Inconnue,,
2014,2014-10-25 14:28:00,10,06,Alpes-Maritimes,06031,Cantaron,43.7694,7.3147,0.02,0.0,False,Involontaire (travaux),,
2014,2014-10-26 17:44:00,10,33,Landes de Gascogne,33194,Grézillac,44.8147,-0.2152,0.015,0.015,False,Accidentelle,,
2014,2014-10-29 12:51:00,10,33,Landes de Gascogne,33026,Balizac,44.4878,-0.45,1.0,1.0,False,Inconnue,,
2014,2014-10-31 14:17:00,10,33,Landes de Gascogne,33529,La Teste-de-Buch,44.586,-1.1809,0.04,0.04,False,Inconnue,,
2014,2014-10-31 17:16:00,10,33,Landes de Gascogne,33117,Cazaugitat,44.7125,0.01,0.03,0.015,False,Inconnue,,
2014,2014-11-01 06:33:00,11,40,Landes de Gascogne,40163,Lüe,44.2337,-0.9858,1.0,1.0,False,Inconnue,,
2014,2014-11-01 10:10:00,11,33,Landes de Gascogne,33019,Audenge,44.7133,-0.9533,0.003,0.003,False,Involontaire (particulier),,
2014,2014-11-01 13:51:00,11,33,Landes de Gascogne,33449,Saint-Médard-en-Jalles,44.8861,-0.7823,0.02,0.02,False,Inconnue,,
2014,2014-11-01 15:18:00,11,33,Landes de Gascogne,33264,Maransin,45.0748,-0.26,0.01,0.01,False,Inconnue,,
2014,2014-12-11 12:40:00,12,06,Alpes-Maritimes,06074,Lantosque,43.9787,7.3121,0.8,0.0,False,Inconnue,,
2014,2014-12-29 05:37:00,12,06,Alpes-Maritimes,06132,Saorge,43.9935,7.5403,7.89,0.0,False,Malveillance,,
2015,2015-01-03 18:28:00,1,06,Alpes-Maritimes,06101,Rigaud,43.9942,6.976,0.1,0.0,False,Inconnue,,
2015,2015-01-04 12:20:00,1,06,Alpes-Maritimes,06074,Lantosque,43.9787,7.3121,7.31,4.0,False,Malveillance,,
2015,2015-01-10 18:05:00,1,06,Alpes-Maritimes,06156,Venanson,44.0412,7.2386,1.78,0.78,False,Malveillance,,
2015,2015-01-12 18:15:00,1,06,Alpes-Maritimes,06074,Lantosque,43.9787,7.3121,8.21,0.0,False,Malveillance,,
2015,2015-01-14 16:54:00,1,06,Alpes-Maritimes,06020,La Bollène-Vésubie,43.9945,7.3749,0.1,0.0,False,Inconnue,,
2015,2015-01-15 09:10:00,1,06,Alpes-Maritimes,06133,Sauze,44.0862,6.7987,1.67,0.0,False,Inconnue,,
2015,2015-01-29 16:30:00,1,06,Alpes-Maritimes,06055,Duranus,43.8954,7.2796,0.8,0.0,False,Malveillance,,
2015,2015-02-12 15:52:00,2,40,Landes de Gascogne,40055,Bretagne-de-Marsan,43.8359,-0.4655,0.03,0.03,False,Involontaire (particulier),,
2015,2015-02-13 13:52:00,2,40,Landes de Gascogne,40149,Lencouacq,44.1482,-0.3856,0.02,0.02,False,Involontaire (particulier),,
2015,2015-02-13 15:22:00,2,40,Landes de Gascogne,40105,Garein,44.0521,-0.6514,0.1,0.1,False,Inconnue,,
2015,2015-02-17 15:43:00,2,40,Landes de Gascogne,40246,Sabres,44.1532,-0.7332,0.005,0.005,False,Involontaire (travaux),,
2015,2015-02-26 13:53:00,2,06,Alpes-Maritimes,06049,Courmes,43.7514,7.0196,0.5,0.0,False,Involontaire (travaux),,
2015,2015-03-02 16:53:00,3,06,Alpes-Maritimes,06136,Sospel,43.8872,7.4493,1.75,0.0,False,Accidentelle,,
2015,2015-03-06 17:00:00,3,06,Alpes-Maritimes,06074,Lantosque,43.9787,7.3121,1.24,0.3,False,Involontaire (particulier),,
2015,2015-03-07 12:43:00,3,06,Alpes-Maritimes,06074,Lantosque,43.9787,7.3121,0.12,0.0,False,Malveillance,,
2015,2015-03-09 15:54:00,3,06,Alpes-Maritimes,06077,Lucéram,43.8997,7.3506,0.3,0.0,False,Inconnue,,
2015,2015-03-10 12:46:00,3,06,Alpes-Maritimes,06042,Clans,44.003,7.1827,1.22,0.92,False,Inconnue,,
2015,2015-03-10 15:17:00,3,06,Alpes-Maritimes,06086,Moulinet,43.9503,7.4128,3.47,0.02,False,Inconnue,,
2015,2015-03-11 10:05:00,3,33,Landes de Gascogne,33122,Cestas,44.7274,-0.7349,0.01,0.01,False,Involontaire (travaux),,
2015,2015-03-12 09:25:00,3,06,Alpes-Maritimes,06162,La Brigue,44.0897,7.6496,21.75,14.75,False,Involontaire (travaux),,
2015,2015-03-12 19:23:00,3,40,Landes de Gascogne,40217,Parentis-en-Born,44.3527,-1.0879,0.1,0.1,False,Accidentelle,,
2015,2015-03-16 15:51:00,3,33,Landes de Gascogne,33114,Cavignac,45.0981,-0.3784,0.8,0.2,False,Accidentelle,,
2015,2015-03-16 17:43:00,3,33,Landes de Gascogne,33422,Saint-Jean-d'Illac,44.7973,-0.8156,0.3,0.3,False,Inconnue,,
2015,2015-03-17 16:06:00,3,33,Landes de Gascogne,33104,Castelnau-de-Médoc,45.0033,-0.8162,68.0,68.0,False,Accidentelle,,
2015,2015-03-18 17:46:00,3,40,Landes de Gascogne,40184,Mimizan,44.1996,-1.2323,0.001,0.001,False,Inconnue,,
2015,2015-03-19 17:30:00,3,33,Landes de Gascogne,33273,Martignas-sur-Jalle,44.8451,-0.8006,0.0001,0.0001,False,Inconnue,,
2015,2015-03-22 16:35:00,3,33,Landes de Gascogne,33177,Gaillan-en-Médoc,45.3135,-0.9946,2.0,2.0,False,Inconnue,,
2015,2015-03-28 15:44:00,3,06,Alpes-Maritimes,06134,Séranon,43.7655,6.6892,0.6,0.0,False,Involontaire (particulier),,
2015,2015-03-28 16:20:00,3,06,Alpes-Maritimes,06036,Castillon,43.8371,7.4627,0.05,0.0,False,Involontaire (travaux),,
2015,2015-03-29 22:04:00,3,06,Alpes-Maritimes,06130,Saint-Vallier-de-Thiey,43.6994,6.8516,0.3,0.0,False,Involontaire (particulier),,
2015,2015-03-31 17:48:00,3,06,Alpes-Maritimes,06071,Guillaumes,44.1007,6.8673,0.86,0.3,False,Involontaire (particulier),,
2015,2015-04-02 08:11:00,4,06,Alpes-Maritimes,06009,Bairols,43.9856,7.1174,3.27,3.27,False,Inconnue,,
2015,2015-04-02 12:30:00,4,06,Alpes-Maritimes,06074,Lantosque,43.9787,7.3121,17.87,10.0,False,Malveillance,,
2015,2015-04-03 17:53:00,4,06,Alpes-Maritimes,06103,Roquebillière,44.0282,7.2885,38.74,7.0,False,Malveillance,,
2015,2015-04-06 15:04:00,4,33,Landes de Gascogne,33341,Pugnac,45.0825,-0.5003,0.06,0.03,False,Involontaire (particulier),,
2015,2015-04-06 15:43:00,4,40,Landes de Gascogne,40307,Sore,44.3073,-0.6021,0.5,0.5,False,Involontaire (particulier),,
2015,2015-04-07 12:14:00,4,33,Landes de Gascogne,33097,Carcans,45.0794,-1.0404,2.0,2.0,False,Accidentelle,,
2015,2015-04-07 15:32:00,4,33,Landes de Gascogne,33179,Galgon,44.991,-0.278,0.05,0.05,False,Involontaire (particulier),,
2015,2015-04-07 15:57:00,4,33,Landes de Gascogne,33272,Marsas,45.0628,-0.3769,2.92,2.0,False,Accidentelle,,
2015,2015-04-07 17:02:00,4,40,Landes de Gascogne,40192,Mont-de-Marsan,43.8931,-0.5009,0.1,0.1,False,Involontaire (particulier),,
2015,2015-04-07 17:14:00,4,33,Landes de Gascogne,33144,Cudos,44.3786,-0.1841,2.0,2.0,False,Accidentelle,,
2015,2015-04-08 14:15:00,4,33,Landes de Gascogne,33029,Le Barp,44.6297,-0.7437,72.12,72.12,False,Inconnue,,
2015,2015-04-08 15:33:00,4,33,Landes de Gascogne,33318,Pessac,44.786,-0.681,0.05,0.05,False,Malveillance,,
2015,2015-04-08 16:58:00,4,40,Landes de Gascogne,40162,Lucbardez-et-Bargues,43.9746,-0.4143,1.5,0.5,False,Inconnue,,
2015,2015-04-08 17:03:00,4,33,Landes de Gascogne,33525,Tauriac,45.0524,-0.5059,0.2,0.2,False,Involontaire (travaux),,
2015,2015-04-08 19:06:00,4,40,Landes de Gascogne,40150,Léon,43.8474,-1.2768,1.5,1.5,False,Inconnue,,
2015,2015-04-09 18:02:00,4,33,Landes de Gascogne,33443,Saint-Martin-de-Lerm,44.648,-0.0447,0.01,0.01,False,Involontaire (particulier),,
2015,2015-04-09 22:53:00,4,33,Landes de Gascogne,33382,Saint-Christoly-de-Blaye,45.1499,-0.4967,0.3,0.3,False,Inconnue,,
2015,2015-04-10 14:25:00,4,40,Landes de Gascogne,40246,Sabres,44.1532,-0.7332,0.2327,0.1227,False,Involontaire (particulier),,
2015,2015-04-10 19:54:00,4,40,Landes de Gascogne,40009,Arjuzanx,,,0.08,0.08,False,Inconnue,,
2015,2015-04-11 06:10:00,4,33,Landes de Gascogne,33238,Léognan,44.7236,-0.6172,7.0,7.0,False,Accidentelle,,
2015,2015-04-11 14:15:00,4,06,Alpes-Maritimes,06132,Saorge,43.9935,7.5403,8.92,2.0,False,Malveillance,,
2015,2015-04-11 15:22:00,4,06,Alpes-Maritimes,06023,Breil-sur-Roya,43.9379,7.4996,5.95,0.0,False,Malveillance,,
2015,2015-04-12 10:54:00,4,06,Alpes-Maritimes,06074,Lantosque,43.9787,7.3121,3.25,1.5,False,Malveillance,,
2015,2015-04-13 22:42:00,4,06,Alpes-Maritimes,06154,Valderoure,43.7943,6.7038,0.1,0.0,False,Inconnue,,
2015,2015-04-14 13:35:00,4,33,Landes de Gascogne,33029,Le Barp,44.6297,-0.7437,0.15,0.15,False,Inconnue,,
2015,2015-04-14 15:15:00,4,33,Landes de Gascogne,33449,Saint-Médard-en-Jalles,44.8861,-0.7823,3.0,3.0,False,Inconnue,,
2015,2015-04-14 15:33:00,4,33,Landes de Gascogne,33555,Marcheprime,44.7033,-0.8557,22.0,22.0,False,Inconnue,,
2015,2015-04-14 16:50:00,4,33,Landes de Gascogne,33281,Mérignac,44.8313,-0.682,1.0,0.5,False,Inconnue,,
2015,2015-04-14 21:59:00,4,33,Landes de Gascogne,33342,Puisseguin,44.9305,-0.0631,0.005,0.005,False,Involontaire (travaux),,
2015,2015-04-15 06:41:00,4,33,Landes de Gascogne,33449,Saint-Médard-en-Jalles,44.8861,-0.7823,0.05,0.05,False,Malveillance,,
2015,2015-04-15 11:56:00,4,33,Landes de Gascogne,33424,Saint-Laurent-Médoc,45.1402,-0.8557,4.0,4.0,False,Inconnue,,
2015,2015-04-15 12:32:00,4,40,Landes de Gascogne,40149,Lencouacq,44.1482,-0.3856,5.8,5.0,False,Involontaire (particulier),,
2015,2015-04-15 13:00:00,4,06,Alpes-Maritimes,06103,Roquebillière,44.0282,7.2885,10.23,3.5,False,Malveillance,,
2015,2015-04-15 13:47:00,4,33,Landes de Gascogne,33523,Targon,44.7375,-0.2691,0.5,0.2,False,Involontaire (particulier),,
2015,2015-04-15 15:06:00,4,33,Landes de Gascogne,33056,Blanquefort,44.9216,-0.61,0.4,0.1,False,Inconnue,,
2015,2015-04-16 12:29:00,4,33,Landes de Gascogne,33011,Arès,44.7997,-1.0837,0.03,0.03,False,Malveillance,,
2015,2015-04-17 23:45:00,4,33,Landes de Gascogne,33012,Arsac,44.9869,-0.7018,0.01,0.01,False,Inconnue,,
2015,2015-04-21 17:47:00,4,33,Landes de Gascogne,33484,Saint-Symphorien,44.4261,-0.5505,0.5,0.5,False,Inconnue,,
2015,2015-04-22 13:17:00,4,40,Landes de Gascogne,40046,Biscarrosse,44.4077,-1.1525,0.8143,0.8143,False,Involontaire (travaux),,
2015,2015-04-24 15:48:00,4,33,Landes de Gascogne,33498,Salles,44.536,-0.8899,0.4,0.05,False,Inconnue,,
2015,2015-04-24 16:04:00,4,33,Landes de Gascogne,33233,Laruscade,45.1206,-0.3394,6.7,6.7,False,Inconnue,,
2015,2015-04-24 18:01:00,4,06,Alpes-Maritimes,06103,Roquebillière,44.0282,7.2885,0.5,0.0,False,Malveillance,,
2015,2015-04-25 09:17:00,4,33,Landes de Gascogne,33422,Saint-Jean-d'Illac,44.7973,-0.8156,6.7,6.7,False,Accidentelle,,
2015,2015-04-25 14:01:00,4,33,Landes de Gascogne,33422,Saint-Jean-d'Illac,44.7973,-0.8156,0.04,0.04,False,Inconnue,,
2015,2015-04-27 16:42:00,4,33,Landes de Gascogne,33273,Martignas-sur-Jalle,44.8451,-0.8006,23.0,7.0,False,Inconnue,,
2015,2015-04-27 18:01:00,4,33,Landes de Gascogne,33422,Saint-Jean-d'Illac,44.7973,-0.8156,0.15,0.15,False,Inconnue,,
2015,2015-04-28 06:43:00,4,33,Landes de Gascogne,33382,Saint-Christoly-de-Blaye,45.1499,-0.4967,0.001,0.001,False,Inconnue,,
2015,2015-04-30 08:25:00,4,33,Landes de Gascogne,33192,Gradignan,44.7681,-0.6163,0.001,0.001,False,Inconnue,,
2015,2015-04-30 16:12:00,4,40,Landes de Gascogne,40167,Luxey,44.2382,-0.5061,22.0,22.0,False,Involontaire (travaux),,
2015,2015-05-07 14:50:00,5,40,Landes de Gascogne,40181,Messanges,43.8086,-1.3629,0.02,0.02,False,Involontaire (travaux),,
2015,2015-05-08 03:03:00,5,40,Landes de Gascogne,40287,Sanguinet,44.4776,-1.0903,0.2,0.2,False,Naturelle,,
2015,2015-05-08 07:34:00,5,40,Landes de Gascogne,40056,Brocas,44.0533,-0.5446,8.0,4.0,False,Inconnue,,
2015,2015-05-08 08:11:00,5,33,Landes de Gascogne,33019,Audenge,44.7133,-0.9533,0.03,0.03,False,Inconnue,,
2015,2015-05-08 17:55:00,5,33,Landes de Gascogne,33300,Naujac-sur-Mer,45.2596,-1.0643,0.003,0.003,False,Malveillance,,
2015,2015-05-09 20:34:00,5,33,Landes de Gascogne,33540,Vendays-Montalivet,45.3378,-1.0953,0.05,0.05,False,Inconnue,,
2015,2015-05-10 19:04:00,5,33,Landes de Gascogne,33046,Bernos-Beaulac,44.3641,-0.259,0.02,0.02,False,Inconnue,,
2015,2015-05-12 11:19:00,5,06,Alpes-Maritimes,06023,Breil-sur-Roya,43.9379,7.4996,0.15,0.0,False,Involontaire (particulier),,
2015,2015-05-12 18:27:00,5,40,Landes de Gascogne,40295,Saugnac-et-Muret,44.3893,-0.8494,0.1,0.1,False,Involontaire (travaux),,
2015,2015-05-15 13:39:00,5,06,Alpes-Maritimes,06012,Beausoleil,43.7471,7.4227,0.5,0.0,False,Involontaire (particulier),,
2015,2015-05-16 13:26:00,5,06,Alpes-Maritimes,06055,Duranus,43.8954,7.2796,0.05,0.0,False,Malveillance,,
2015,2015-05-22 02:18:00,5,33,Landes de Gascogne,33422,Saint-Jean-d'Illac,44.7973,-0.8156,0.11,0.11,False,Accidentelle,,
2015,2015-05-22 20:00:00,5,40,Landes de Gascogne,40217,Parentis-en-Born,44.3527,-1.0879,0.015,0.01,False,Inconnue,,
2015,2015-05-23 13:09:00,5,33,Landes de Gascogne,33192,Gradignan,44.7681,-0.6163,0.0001,0.0001,False,Accidentelle,,
2015,2015-05-27 11:49:00,5,33,Landes de Gascogne,33519,Le Taillan-Médoc,44.9123,-0.6785,0.25,0.025,False,Inconnue,,
2015,2015-05-27 12:45:00,5,33,Landes de Gascogne,33034,Bayas,45.0736,-0.2048,4.0,4.0,False,Inconnue,,
2015,2015-05-29 09:14:00,5,33,Landes de Gascogne,33233,Laruscade,45.1206,-0.3394,0.04,0.04,False,Inconnue,,
2015,2015-05-30 07:21:00,5,33,Landes de Gascogne,33199,Gujan-Mestras,44.5758,-1.0813,0.02,0.02,False,Inconnue,,
2015,2015-05-30 17:34:00,5,33,Landes de Gascogne,33318,Pessac,44.786,-0.681,0.1,0.1,False,Inconnue,,
2015,2015-05-31 00:32:00,5,33,Landes de Gascogne,33019,Audenge,44.7133,-0.9533,0.4,0.4,False,Inconnue,,
2015,2015-05-31 13:18:00,5,40,Landes de Gascogne,40296,Seignosse,43.7055,-1.3939,2.0,2.0,False,Inconnue,,
2015,2015-05-31 21:48:00,5,40,Landes de Gascogne,40296,Seignosse,43.7055,-1.3939,0.01,0.01,False,Malveillance,,
2015,2015-06-01 19:10:00,6,06,Alpes-Maritimes,06144,La Tour,43.9645,7.196,0.05,0.0,False,Naturelle,,
2015,2015-06-02 10:46:00,6,40,Landes de Gascogne,40184,Mimizan,44.1996,-1.2323,1.06,1.06,False,Inconnue,,
2015,2015-06-03 07:47:00,6,33,Landes de Gascogne,33449,Saint-Médard-en-Jalles,44.8861,-0.7823,0.2,0.2,False,Malveillance,,
2015,2015-06-03 16:40:00,6,33,Landes de Gascogne,33019,Audenge,44.7133,-0.9533,0.2,0.2,False,Inconnue,,
2015,2015-06-04 15:15:00,6,06,Alpes-Maritimes,06148,Tourrettes-sur-Loup,43.718,7.0353,0.8,0.0,False,Involontaire (particulier),,
2015,2015-06-04 16:08:00,6,33,Landes de Gascogne,33151,Donnezac,45.2397,-0.4468,0.2,0.2,False,Inconnue,,
2015,2015-06-04 23:15:00,6,33,Landes de Gascogne,33200,Le Haillan,44.8713,-0.6903,0.02,0.02,False,Inconnue,,
2015,2015-06-05 06:55:00,6,33,Landes de Gascogne,33240,Lesparre-Médoc,45.2796,-0.9235,0.2,0.2,False,Inconnue,,
2015,2015-06-05 08:53:00,6,33,Landes de Gascogne,33151,Donnezac,45.2397,-0.4468,0.08,0.08,False,Inconnue,,
2015,2015-06-05 13:13:00,6,33,Landes de Gascogne,33034,Bayas,45.0736,-0.2048,3.0,3.0,False,Inconnue,,
2015,2015-06-05 13:34:00,6,33,Landes de Gascogne,33236,Lège-Cap-Ferret,44.7452,-1.174,0.1,0.1,False,Malveillance,,
2015,2015-06-05 14:15:00,6,40,Landes de Gascogne,40217,Parentis-en-Born,44.3527,-1.0879,0.001,0.001,False,Inconnue,,
2015,2015-06-05 15:40:00,6,33,Landes de Gascogne,33264,Maransin,45.0748,-0.26,1.0,1.0,False,Inconnue,,
2015,2015-06-09 06:09:00,6,33,Landes de Gascogne,33264,Maransin,45.0748,-0.26,0.5,0.5,False,Inconnue,,
2015,2015-06-09 20:29:00,6,40,Landes de Gascogne,40133,Labenne,43.5982,-1.4371,0.065,0.065,False,Inconnue,,
2015,2015-06-09 21:45:00,6,33,Landes de Gascogne,33238,Léognan,44.7236,-0.6172,0.001,0.001,False,Inconnue,,
2015,2015-06-11 11:06:00,6,40,Landes de Gascogne,40210,Onesse-Laharie,44.063,-1.0224,0.02,0.02,False,Accidentelle,,
2015,2015-06-17 10:57:00,6,40,Landes de Gascogne,40031,Bégaar,43.8305,-0.869,0.297,0.017,False,Involontaire (particulier),,
2015,2015-06-20 02:51:00,6,33,Landes de Gascogne,33186,Gensac,44.7948,0.0874,0.02,0.02,False,Accidentelle,,
2015,2015-06-21 21:44:00,6,40,Landes de Gascogne,40184,Mimizan,44.1996,-1.2323,0.001,0.001,False,Inconnue,,
2015,2015-06-23 13:05:00,6,06,Alpes-Maritimes,06079,Mandelieu-la-Napoule,43.5334,6.918,0.06,0.0,False,Involontaire (particulier),,
2015,2015-06-23 13:13:00,6,06,Alpes-Maritimes,06026,Cabris,43.6602,6.8782,0.02,0.0,False,Involontaire (particulier),,
2015,2015-06-23 14:17:00,6,06,Alpes-Maritimes,06088,Nice,43.7032,7.2528,0.5,0.0,False,Inconnue,,
2015,2015-06-23 15:01:00,6,06,Alpes-Maritimes,06079,Mandelieu-la-Napoule,43.5334,6.918,0.05,0.0,False,Involontaire (particulier),,
2015,2015-06-24 12:27:00,6,40,Landes de Gascogne,40167,Luxey,44.2382,-0.5061,0.003,0.003,False,Involontaire (travaux),,
2015,2015-06-24 14:55:00,6,33,Landes de Gascogne,33473,Saint-Savin,45.1611,-0.4449,0.5,0.5,False,Involontaire (travaux),,
2015,2015-06-24 17:06:00,6,33,Landes de Gascogne,33522,Talence,44.8061,-0.5918,0.005,0.005,False,Involontaire (particulier),,
2015,2015-06-24 20:51:00,6,33,Landes de Gascogne,33229,Lanton,44.7719,-0.9799,0.2,0.2,False,Inconnue,,
2015,2015-06-25 22:03:00,6,40,Landes de Gascogne,40184,Mimizan,44.1996,-1.2323,0.002,0.002,False,Inconnue,,
2015,2015-06-26 11:18:00,6,06,Alpes-Maritimes,06108,La Roquette-sur-Siagne,43.5853,6.9475,0.1,0.0,False,Inconnue,,
2015,2015-06-26 15:52:00,6,33,Landes de Gascogne,33517,Soussans,45.0548,-0.6931,0.03,0.03,False,Inconnue,,
2015,2015-06-26 16:00:00,6,40,Landes de Gascogne,40266,Saint-Julien-en-Born,44.0854,-1.2551,0.002,0.002,False,Involontaire (particulier),,
2015,2015-06-26 16:54:00,6,06,Alpes-Maritimes,06126,Saint-Martin-du-Var,43.8168,7.2012,0.02,0.0,False,Inconnue,,
2015,2015-06-27 18:17:00,6,40,Landes de Gascogne,40181,Messanges,43.8086,-1.3629,0.005,0.005,False,Inconnue,,
2015,2015-06-28 05:32:00,6,40,Landes de Gascogne,40184,Mimizan,44.1996,-1.2323,1.0,1.0,False,Inconnue,,
2015,2015-06-28 07:36:00,6,33,Landes de Gascogne,33177,Gaillan-en-Médoc,45.3135,-0.9946,2.0,2.0,False,Inconnue,,
2015,2015-06-28 13:47:00,6,06,Alpes-Maritimes,06088,Nice,43.7032,7.2528,1.87,0.44,False,Involontaire (particulier),,
2015,2015-06-29 17:29:00,6,40,Landes de Gascogne,40307,Sore,44.3073,-0.6021,0.2,0.2,False,Inconnue,,
2015,2015-06-29 18:21:00,6,33,Landes de Gascogne,33284,Mios,44.6105,-0.8913,1.5,0.5,False,Inconnue,,
2015,2015-06-30 14:55:00,6,40,Landes de Gascogne,40303,Solférino,44.1155,-0.907,0.01,0.01,False,Inconnue,,
2015,2015-06-30 15:45:00,6,33,Landes de Gascogne,33122,Cestas,44.7274,-0.7349,14.33,14.33,False,Inconnue,,
2015,2015-06-30 23:18:00,6,33,Landes de Gascogne,33473,Saint-Savin,45.1611,-0.4449,0.15,0.15,False,Inconnue,,
2015,2015-07-01 05:39:00,7,33,Landes de Gascogne,33260,Lugos,44.4782,-0.9241,0.12,0.12,False,Naturelle,,
2015,2015-07-01 06:38:00,7,33,Landes de Gascogne,33022,Avensan,45.0033,-0.7574,2.0,1.0,False,Inconnue,,
2015,2015-07-01 15:21:00,7,33,Landes de Gascogne,33151,Donnezac,45.2397,-0.4468,1.0,1.0,False,Inconnue,,
2015,2015-07-02 00:48:00,7,40,Landes de Gascogne,40210,Onesse-Laharie,44.063,-1.0224,1.2,1.2,False,Naturelle,,
2015,2015-07-02 07:34:00,7,33,Landes de Gascogne,33229,Lanton,44.7719,-0.9799,5.0,5.0,False,Naturelle,,
2015,2015-07-02 14:51:00,7,33,Landes de Gascogne,33494,Salaunes,44.9281,-0.8502,2.0,2.0,False,Inconnue,,
2015,2015-07-02 16:31:00,7,33,Landes de Gascogne,33236,Lège-Cap-Ferret,44.7452,-1.174,0.03,0.03,False,Inconnue,,
2015,2015-07-02 17:31:00,7,33,Landes de Gascogne,33005,Andernos-les-Bains,44.7529,-1.082,0.002,0.002,False,Inconnue,,
2015,2015-07-02 17:42:00,7,33,Landes de Gascogne,33197,Guillos,44.5507,-0.5235,0.001,0.001,False,Inconnue,,
2015,2015-07-02 17:48:00,7,33,Landes de Gascogne,33553,Virsac,45.0256,-0.4368,0.5,0.3,False,Inconnue,,
2015,2015-07-02 17:50:00,7,33,Landes de Gascogne,33527,Le Teich,44.5805,-1.0234,0.2,0.2,False,Inconnue,,
2015,2015-07-02 19:06:00,7,33,Landes de Gascogne,33284,Mios,44.6105,-0.8913,0.3,0.3,False,Inconnue,,
2015,2015-07-03 00:18:00,7,33,Landes de Gascogne,33177,Gaillan-en-Médoc,45.3135,-0.9946,0.01,0.01,False,Inconnue,,
2015,2015-07-03 02:31:00,7,33,Landes de Gascogne,33236,Lège-Cap-Ferret,44.7452,-1.174,1.0,0.5,False,Inconnue,,
2015,2015-07-03 12:26:00,7,33,Landes de Gascogne,33229,Lanton,44.7719,-0.9799,0.7,0.7,False,Naturelle,,
2015,2015-07-03 15:57:00,7,33,Landes de Gascogne,33218,Lagorce,45.0813,-0.1606,0.1,0.1,False,Inconnue,,
2015,2015-07-03 16:52:00,7,40,Landes de Gascogne,40246,Sabres,44.1532,-0.7332,0.0216,0.0216,False,Inconnue,,
2015,2015-07-03 16:52:00,7,40,Landes de Gascogne,40246,Sabres,44.1532,-0.7332,0.3253,0.3253,False,Inconnue,,
2015,2015-07-03 20:55:00,7,33,Landes de Gascogne,33229,Lanton,44.7719,-0.9799,0.2,0.2,False,Inconnue,,
2015,2015-07-04 01:44:00,7,33,Landes de Gascogne,33177,Gaillan-en-Médoc,45.3135,-0.9946,1.0,1.0,False,Inconnue,,
2015,2015-07-04 03:44:00,7,33,Landes de Gascogne,33540,Vendays-Montalivet,45.3378,-1.0953,0.005,0.005,False,Inconnue,,
2015,2015-07-04 18:54:00,7,33,Landes de Gascogne,33022,Avensan,45.0033,-0.7574,0.1,0.1,False,Inconnue,,
2015,2015-07-04 21:57:00,7,33,Landes de Gascogne,33494,Salaunes,44.9281,-0.8502,1.0,1.0,False,Inconnue,,
2015,2015-07-05 01:23:00,7,40,Landes de Gascogne,40284,Saint-Vincent-de-Tyrosse,43.663,-1.3013,0.04,0.04,False,Inconnue,,
2015,2015-07-05 05:49:00,7,33,Landes de Gascogne,33029,Le Barp,44.6297,-0.7437,0.5,0.5,False,Naturelle,,
2015,2015-07-05 06:50:00,7,40,Landes de Gascogne,40155,Linxe,43.9287,-1.2195,3.0,3.0,False,Naturelle,,
2015,2015-07-05 08:43:00,7,33,Landes de Gascogne,33042,Belin-Béliet,44.4959,-0.7989,1.0,1.0,False,Naturelle,,
2015,2015-07-05 10:25:00,7,33,Landes de Gascogne,33494,Salaunes,44.9281,-0.8502,0.005,0.005,False,Naturelle,,
2015,2015-07-06 12:42:00,7,33,Landes de Gascogne,33449,Saint-Médard-en-Jalles,44.8861,-0.7823,0.02,0.02,False,Inconnue,,
2015,2015-07-07 14:19:00,7,33,Landes de Gascogne,33097,Carcans,45.0794,-1.0404,0.7,0.7,False,Inconnue,,
2015,2015-07-07 17:03:00,7,06,Alpes-Maritimes,06126,Saint-Martin-du-Var,43.8168,7.2012,0.27,0.0,False,Malveillance,,
2015,2015-07-07 18:07:00,7,33,Landes de Gascogne,33416,Saint-Girons-d'Aiguevives,45.1465,-0.5376,0.05,0.05,False,Accidentelle,,
2015,2015-07-08 01:20:00,7,40,Landes de Gascogne,40287,Sanguinet,44.4776,-1.0903,0.14,0.14,False,Inconnue,,
2015,2015-07-08 18:17:00,7,40,Landes de Gascogne,40243,Rion-des-Landes,43.9318,-0.9436,0.1,0.1,False,Inconnue,,
2015,2015-07-09 01:51:00,7,33,Landes de Gascogne,33177,Gaillan-en-Médoc,45.3135,-0.9946,0.05,0.05,False,Inconnue,,
2015,2015-07-09 06:23:00,7,33,Landes de Gascogne,33351,Reignac,45.2292,-0.5179,1.05,1.05,False,Malveillance,,
2015,2015-07-09 13:46:00,7,33,Landes de Gascogne,33029,Le Barp,44.6297,-0.7437,0.5,0.5,False,Inconnue,,
2015,2015-07-09 16:51:00,7,40,Landes de Gascogne,40261,Saint-Geours-de-Maremne,43.6854,-1.2348,0.179,0.179,False,Naturelle,,
2015,2015-07-09 19:09:00,7,33,Landes de Gascogne,33498,Salles,44.536,-0.8899,1.0,1.0,False,Inconnue,,
2015,2015-07-09 19:15:00,7,33,Landes de Gascogne,33498,Salles,44.536,-0.8899,1.5,1.5,False,Inconnue,,
2015,2015-07-09 19:34:00,7,33,Landes de Gascogne,33318,Pessac,44.786,-0.681,0.02,0.02,False,Inconnue,,
2015,2015-07-09 22:43:00,7,33,Landes de Gascogne,33202,Hostens,44.4834,-0.6616,0.3,0.3,False,Inconnue,,
2015,2015-07-10 17:06:00,7,33,Landes de Gascogne,33422,Saint-Jean-d'Illac,44.7973,-0.8156,86.9,86.9,False,Inconnue,,
2015,2015-07-10 18:00:00,7,33,Landes de Gascogne,33229,Lanton,44.7719,-0.9799,1.0,1.0,False,Inconnue,,
2015,2015-07-10 18:22:00,7,40,Landes de Gascogne,40053,Bourriot-Bergonce,44.153,-0.2091,4.0,3.0,False,Inconnue,,
2015,2015-07-10 19:18:00,7,33,Landes de Gascogne,33264,Maransin,45.0748,-0.26,0.05,0.05,False,Inconnue,,
2015,2015-07-11 03:52:00,7,33,Landes de Gascogne,33300,Naujac-sur-Mer,45.2596,-1.0643,2.0,2.0,False,Inconnue,,
2015,2015-07-11 07:45:00,7,33,Landes de Gascogne,33300,Naujac-sur-Mer,45.2596,-1.0643,0.02,0.02,False,Inconnue,,
2015,2015-07-11 12:57:00,7,40,Landes de Gascogne,40184,Mimizan,44.1996,-1.2323,1.1,1.1,False,Inconnue,,
2015,2015-07-11 14:42:00,7,33,Landes de Gascogne,33197,Guillos,44.5507,-0.5235,1.0,1.0,False,Inconnue,,
2015,2015-07-11 15:45:00,7,33,Landes de Gascogne,33056,Blanquefort,44.9216,-0.61,0.5,0.5,False,Inconnue,,
2015,2015-07-11 16:32:00,7,40,Landes de Gascogne,40046,Biscarrosse,44.4077,-1.1525,0.8,0.8,False,Inconnue,,
2015,2015-07-11 17:37:00,7,40,Landes de Gascogne,40046,Biscarrosse,44.4077,-1.1525,12.7,12.7,False,Inconnue,,
2015,2015-07-11 21:51:00,7,40,Landes de Gascogne,40053,Bourriot-Bergonce,44.153,-0.2091,0.29,0.29,False,Inconnue,,
2015,2015-07-12 15:44:00,7,33,Landes de Gascogne,33251,Louchats,44.5104,-0.5691,1.0,1.0,False,Inconnue,,
2015,2015-07-12 16:07:00,7,33,Landes de Gascogne,33042,Belin-Béliet,44.4959,-0.7989,0.7,0.35,False,Involontaire (particulier),,
2015,2015-07-12 17:39:00,7,33,Landes de Gascogne,33251,Louchats,44.5104,-0.5691,0.001,0.001,False,Inconnue,,
2015,2015-07-12 19:00:00,7,33,Landes de Gascogne,33499,Les Salles-de-Castillon,44.9117,0.0058,0.005,0.005,False,Inconnue,,
2015,2015-07-12 21:10:00,7,33,Landes de Gascogne,33529,La Teste-de-Buch,44.586,-1.1809,0.07,0.07,False,Inconnue,,
2015,2015-07-13 06:31:00,7,33,Landes de Gascogne,33424,Saint-Laurent-Médoc,45.1402,-0.8557,0.002,0.002,False,Inconnue,,
2015,2015-07-13 13:05:00,7,40,Landes de Gascogne,40096,Estigarde,44.0431,-0.1165,0.7,0.7,False,Inconnue,,
2015,2015-07-13 14:33:00,7,33,Landes de Gascogne,33271,Marions,44.373,-0.0881,0.1,0.05,False,Inconnue,,
2015,2015-07-13 17:44:00,7,33,Landes de Gascogne,33122,Cestas,44.7274,-0.7349,3.0,3.0,False,Inconnue,,
2015,2015-07-13 19:06:00,7,33,Landes de Gascogne,33273,Martignas-sur-Jalle,44.8451,-0.8006,4.0,4.0,False,Inconnue,,
2015,2015-07-13 21:09:00,7,33,Landes de Gascogne,33122,Cestas,44.7274,-0.7349,1.0,0.5,False,Accidentelle,,
2015,2015-07-14 11:16:00,7,33,Landes de Gascogne,33314,Pauillac,45.1983,-0.755,0.5,0.5,False,Accidentelle,,
2015,2015-07-14 12:29:00,7,40,Landes de Gascogne,40046,Biscarrosse,44.4077,-1.1525,0.1,0.1,False,Involontaire (particulier),,
2015,2015-07-14 15:16:00,7,33,Landes de Gascogne,33555,Marcheprime,44.7033,-0.8557,0.06,0.06,False,Inconnue,,
2015,2015-07-14 16:28:00,7,33,Landes de Gascogne,33273,Martignas-sur-Jalle,44.8451,-0.8006,0.04,0.04,False,Inconnue,,
2015,2015-07-14 19:27:00,7,33,Landes de Gascogne,33081,Cadillac-sur-Garonne,44.6407,-0.3076,0.1,0.1,False,Accidentelle,,
2015,2015-07-14 19:45:00,7,33,Landes de Gascogne,33199,Gujan-Mestras,44.5758,-1.0813,0.08,0.08,False,Accidentelle,,
2015,2015-07-14 20:53:00,7,33,Landes de Gascogne,33532,Tizac-de-Lapouyade,45.0699,-0.3111,0.1,0.1,False,Inconnue,,
2015,2015-07-14 21:08:00,7,40,Landes de Gascogne,40021,Azur,43.7996,-1.2919,0.2,0.2,False,Inconnue,,
2015,2015-07-15 01:04:00,7,06,Alpes-Maritimes,06159,Villefranche-sur-Mer,43.7081,7.3243,0.1,0.0,False,Inconnue,,
2015,2015-07-15 11:17:00,7,40,Landes de Gascogne,40169,Maillas,44.212,-0.1786,0.2,0.2,False,Inconnue,,
2015,2015-07-15 11:17:00,7,40,Landes de Gascogne,40158,Losse,44.0948,-0.0933,0.1,0.1,False,Inconnue,,
2015,2015-07-15 11:44:00,7,40,Landes de Gascogne,40100,Le Frêche,43.9246,-0.2493,0.05,0.05,False,Inconnue,,
2015,2015-07-15 13:19:00,7,40,Landes de Gascogne,40309,Souprosse,43.7927,-0.7195,0.27,0.27,False,Involontaire (particulier),,
2015,2015-07-15 16:05:00,7,33,Landes de Gascogne,33203,Hourtin,45.1831,-1.0534,2.0,2.0,False,Inconnue,,
2015,2015-07-15 18:54:00,7,40,Landes de Gascogne,40149,Lencouacq,44.1482,-0.3856,0.325,0.325,False,Inconnue,,
2015,2015-07-15 21:21:00,7,33,Landes de Gascogne,33422,Saint-Jean-d'Illac,44.7973,-0.8156,0.02,0.02,False,Inconnue,,
2015,2015-07-16 06:57:00,7,33,Landes de Gascogne,33329,Pompéjac,44.3986,-0.2997,3.0,3.0,False,Inconnue,,
2015,2015-07-16 15:25:00,7,06,Alpes-Maritimes,06093,La Penne,43.9202,6.9361,0.05,0.0,False,Involontaire (particulier),,
2015,2015-07-16 16:31:00,7,40,Landes de Gascogne,40296,Seignosse,43.7055,-1.3939,0.1,0.1,False,Inconnue,,
2015,2015-07-16 16:39:00,7,33,Landes de Gascogne,33378,Saint-Avit-Saint-Nazaire,44.8478,0.2762,2.0,1.0,False,Involontaire (particulier),,
2015,2015-07-16 18:21:00,7,33,Landes de Gascogne,33307,Noaillan,44.4812,-0.3698,2.0,2.0,False,Naturelle,,
2015,2015-07-16 20:58:00,7,33,Landes de Gascogne,33034,Bayas,45.0736,-0.2048,2.0,1.0,False,Inconnue,,
2015,2015-07-17 01:00:00,7,33,Landes de Gascogne,33348,Queyrac,45.3565,-0.9952,0.02,0.02,False,Inconnue,,
2015,2015-07-17 02:34:00,7,33,Landes de Gascogne,33177,Gaillan-en-Médoc,45.3135,-0.9946,0.1,0.1,False,Inconnue,,
2015,2015-07-17 02:57:00,7,33,Landes de Gascogne,33177,Gaillan-en-Médoc,45.3135,-0.9946,0.1,0.1,False,Inconnue,,
2015,2015-07-17 14:52:00,7,33,Landes de Gascogne,33122,Cestas,44.7274,-0.7349,0.35,0.35,False,Inconnue,,
2015,2015-07-17 15:37:00,7,33,Landes de Gascogne,33274,Martillac,44.7176,-0.558,0.3,0.3,False,Inconnue,,
2015,2015-07-17 16:39:00,7,40,Landes de Gascogne,40197,Morcenx-la-Nouvelle,44.0318,-0.9147,0.25,0.25,False,Inconnue,,
2015,2015-07-17 19:18:00,7,40,Landes de Gascogne,40319,Trensacq,44.232,-0.7015,1.3,1.3,False,Accidentelle,,
2015,2015-07-18 15:45:00,7,33,Landes de Gascogne,33273,Martignas-sur-Jalle,44.8451,-0.8006,0.2,0.2,False,Inconnue,,
2015,2015-07-18 15:56:00,7,33,Landes de Gascogne,33332,Porchères,45.0363,-0.0003,0.02,0.02,False,Inconnue,,
2015,2015-07-19 02:39:00,7,40,Landes de Gascogne,40184,Mimizan,44.1996,-1.2323,0.004,0.004,False,Inconnue,,
2015,2015-07-19 16:14:00,7,33,Landes de Gascogne,33284,Mios,44.6105,-0.8913,7.62,7.62,False,Inconnue,,
2015,2015-07-19 16:17:00,7,40,Landes de Gascogne,40123,Herm,43.8013,-1.1332,0.4442,0.4442,False,Naturelle,,
2015,2015-07-19 16:27:00,7,33,Landes de Gascogne,33284,Mios,44.6105,-0.8913,0.2,0.2,False,Inconnue,,
2015,2015-07-19 16:48:00,7,33,Landes de Gascogne,33555,Marcheprime,44.7033,-0.8557,1.5,1.5,False,Inconnue,,
2015,2015-07-19 17:24:00,7,33,Landes de Gascogne,33318,Pessac,44.786,-0.681,0.1,0.1,False,Inconnue,,
2015,2015-07-19 20:58:00,7,06,Alpes-Maritimes,06034,Castagniers,43.79,7.2298,0.05,0.0,False,Inconnue,,
2015,2015-07-19 22:17:00,7,33,Landes de Gascogne,33240,Lesparre-Médoc,45.2796,-0.9235,0.03,0.03,False,Malveillance,,
2015,2015-07-19 22:24:00,7,33,Landes de Gascogne,33263,Madirac,44.7567,-0.3961,0.001,0.001,False,Inconnue,,
2015,2015-07-20 14:43:00,7,40,Landes de Gascogne,40285,Saint-Yaguen,43.9019,-0.7411,0.53,0.53,False,Involontaire (particulier),,
2015,2015-07-20 21:34:00,7,33,Landes de Gascogne,33382,Saint-Christoly-de-Blaye,45.1499,-0.4967,0.25,0.25,False,Inconnue,,
2015,2015-07-21 06:10:00,7,33,Landes de Gascogne,33011,Arès,44.7997,-1.0837,0.0002,0.0002,False,Inconnue,,
2015,2015-07-21 15:01:00,7,40,Landes de Gascogne,40326,Vielle-Saint-Girons,43.9429,-1.3219,0.01,0.01,False,Naturelle,,
2015,2015-07-21 16:56:00,7,40,Landes de Gascogne,40096,Estigarde,44.0431,-0.1165,0.001,0.001,False,Inconnue,,
2015,2015-07-21 23:02:00,7,06,Alpes-Maritimes,06088,Nice,43.7032,7.2528,0.24,0.0,False,Accidentelle,,
2015,2015-07-22 03:14:00,7,33,Landes de Gascogne,33122,Cestas,44.7274,-0.7349,0.02,0.02,False,Naturelle,,
2015,2015-07-22 10:15:00,7,33,Landes de Gascogne,33095,Captieux,44.2621,-0.2981,0.001,0.001,False,Naturelle,,
2015,2015-07-22 11:15:00,7,33,Landes de Gascogne,33003,Ambarès-et-Lagrave,44.9517,-0.5,0.003,0.003,False,Accidentelle,,
2015,2015-07-22 11:40:00,7,33,Landes de Gascogne,33422,Saint-Jean-d'Illac,44.7973,-0.8156,0.005,0.005,False,Naturelle,,
2015,2015-07-22 14:14:00,7,33,Landes de Gascogne,33214,Lacanau,44.9879,-1.096,0.05,0.05,False,Inconnue,,
2015,2015-07-22 14:45:00,7,33,Landes de Gascogne,33042,Belin-Béliet,44.4959,-0.7989,0.001,0.001,False,Naturelle,,
2015,2015-07-22 15:30:00,7,40,Landes de Gascogne,40163,Lüe,44.2337,-0.9858,1.0,1.0,False,Naturelle,,
2015,2015-07-22 15:46:00,7,40,Landes de Gascogne,40307,Sore,44.3073,-0.6021,1.7,0.05,False,Naturelle,,
2015,2015-07-22 16:43:00,7,40,Landes de Gascogne,40152,Lesperon,43.9654,-1.0835,0.05,0.05,False,Naturelle,,
2015,2015-07-22 17:09:00,7,33,Landes de Gascogne,33260,Lugos,44.4782,-0.9241,0.015,0.015,False,Inconnue,,
2015,2015-07-23 12:17:00,7,33,Landes de Gascogne,33144,Cudos,44.3786,-0.1841,0.04,0.04,False,Naturelle,,
2015,2015-07-23 12:26:00,7,33,Landes de Gascogne,33342,Puisseguin,44.9305,-0.0631,0.02,0.02,False,Accidentelle,,
2015,2015-07-23 14:33:00,7,40,Landes de Gascogne,40284,Saint-Vincent-de-Tyrosse,43.663,-1.3013,0.6963,0.6963,False,Inconnue,,
2015,2015-07-23 15:16:00,7,06,Alpes-Maritimes,06098,Puget-Rostang,44.0056,6.9333,0.01,0.0,False,Naturelle,,
2015,2015-07-23 16:38:00,7,40,Landes de Gascogne,40217,Parentis-en-Born,44.3527,-1.0879,0.9,0.9,False,Naturelle,,
2015,2015-07-23 16:56:00,7,40,Landes de Gascogne,40111,Geloux,43.9784,-0.6374,0.15,0.15,False,Inconnue,,
2015,2015-07-23 18:58:00,7,33,Landes de Gascogne,33029,Le Barp,44.6297,-0.7437,1.5,1.5,False,Inconnue,,
2015,2015-07-23 19:31:00,7,40,Landes de Gascogne,40014,Arue,44.051,-0.3607,0.03,0.03,False,Inconnue,,
2015,2015-07-24 13:11:00,7,40,Landes de Gascogne,40210,Onesse-Laharie,44.063,-1.0224,0.02,0.02,False,Involontaire (particulier),,
2015,2015-07-24 14:25:00,7,33,Landes de Gascogne,33422,Saint-Jean-d'Illac,44.7973,-0.8156,562.96,562.96,True,Inconnue,,
2015,2015-07-24 14:52:00,7,33,Landes de Gascogne,33540,Vendays-Montalivet,45.3378,-1.0953,1.53,1.53,False,Accidentelle,,
2015,2015-07-24 16:56:00,7,33,Landes de Gascogne,33529,La Teste-de-Buch,44.586,-1.1809,18.71,18.71,False,Inconnue,,
2015,2015-07-25 16:47:00,7,33,Landes de Gascogne,33300,Naujac-sur-Mer,45.2596,-1.0643,19.0,19.0,False,Malveillance,,
2015,2015-07-25 17:15:00,7,06,Alpes-Maritimes,06150,La Turbie,43.7462,7.3973,0.51,0.0,False,Involontaire (particulier),,
2015,2015-07-25 18:12:00,7,40,Landes de Gascogne,40333,Ygos-Saint-Saturnin,43.9934,-0.7297,1.0,1.0,False,Inconnue,,
2015,2015-07-26 18:54:00,7,33,Landes de Gascogne,33518,Tabanac,44.7231,-0.4131,0.01,0.01,False,Inconnue,,
2015,2015-07-26 20:51:00,7,33,Landes de Gascogne,33540,Vendays-Montalivet,45.3378,-1.0953,0.003,0.003,False,Inconnue,,
2015,2015-07-27 10:33:00,7,06,Alpes-Maritimes,06148,Tourrettes-sur-Loup,43.718,7.0353,0.25,0.0,False,Involontaire (particulier),,
2015,2015-07-27 16:45:00,7,33,Landes de Gascogne,33540,Vendays-Montalivet,45.3378,-1.0953,2.0,2.0,False,Inconnue,,
2015,2015-07-27 17:09:00,7,33,Landes de Gascogne,33540,Vendays-Montalivet,45.3378,-1.0953,1.5,1.5,False,Inconnue,,
2015,2015-07-27 19:03:00,7,33,Landes de Gascogne,33540,Vendays-Montalivet,45.3378,-1.0953,0.15,0.15,False,Inconnue,,
2015,2015-07-27 19:49:00,7,33,Landes de Gascogne,33229,Lanton,44.7719,-0.9799,5.0,5.0,False,Inconnue,,
2015,2015-07-27 22:22:00,7,33,Landes de Gascogne,33529,La Teste-de-Buch,44.586,-1.1809,0.001,0.001,False,Accidentelle,,
2015,2015-07-28 14:06:00,7,40,Landes de Gascogne,40332,Ychoux,44.3545,-0.9643,9.0,9.0,False,Involontaire (particulier),,
2015,2015-07-28 14:40:00,7,33,Landes de Gascogne,33385,Saint-Christophe-de-Double,45.0838,0.0233,0.1,0.1,False,Inconnue,,
2015,2015-07-28 14:46:00,7,40,Landes de Gascogne,40244,Rivière-Saas-et-Gourby,43.6963,-1.1756,0.0214,0.0214,False,Inconnue,,
2015,2015-07-29 15:13:00,7,06,Alpes-Maritimes,06086,Moulinet,43.9503,7.4128,0.08,0.08,False,Naturelle,,
2015,2015-07-29 16:02:00,7,06,Alpes-Maritimes,06130,Saint-Vallier-de-Thiey,43.6994,6.8516,195.65,22.0,True,Involontaire (particulier),,
2015,2015-07-30 00:46:00,7,40,Landes de Gascogne,40244,Rivière-Saas-et-Gourby,43.6963,-1.1756,0.01,0.01,False,Inconnue,,
2015,2015-07-30 17:08:00,7,33,Landes de Gascogne,33240,Lesparre-Médoc,45.2796,-0.9235,0.03,0.03,False,Inconnue,,
2015,2015-07-30 18:19:00,7,33,Landes de Gascogne,33376,Saint-Aubin-de-Médoc,44.9343,-0.7478,0.0005,0.0005,False,Inconnue,,
2015,2015-07-30 22:05:00,7,33,Landes de Gascogne,33151,Donnezac,45.2397,-0.4468,0.04,0.04,False,Accidentelle,,
2015,2015-07-30 23:38:00,7,40,Landes de Gascogne,40187,Moliets-et-Maa,43.8626,-1.3589,0.001,0.001,False,Inconnue,,
2015,2015-07-31 15:55:00,7,40,Landes de Gascogne,40319,Trensacq,44.232,-0.7015,0.63,0.63,False,Naturelle,,
2015,2015-08-01 16:06:00,8,40,Landes de Gascogne,40243,Rion-des-Landes,43.9318,-0.9436,0.03,0.03,False,Inconnue,,
2015,2015-08-01 19:30:00,8,33,Landes de Gascogne,33541,Vensac,45.4039,-1.0821,0.03,0.02,False,Inconnue,,
2015,2015-08-02 15:08:00,8,33,Landes de Gascogne,33484,Saint-Symphorien,44.4261,-0.5505,18.223,18.223,False,Inconnue,,
2015,2015-08-02 17:12:00,8,40,Landes de Gascogne,40287,Sanguinet,44.4776,-1.0903,0.8,0.8,False,Inconnue,,
2015,2015-08-02 17:56:00,8,40,Landes de Gascogne,40217,Parentis-en-Born,44.3527,-1.0879,0.02,0.02,False,Inconnue,,
2015,2015-08-03 18:37:00,8,40,Landes de Gascogne,40155,Linxe,43.9287,-1.2195,0.04,0.04,False,Naturelle,,
2015,2015-08-03 18:37:00,8,40,Landes de Gascogne,40326,Vielle-Saint-Girons,43.9429,-1.3219,0.3,0.3,False,Naturelle,,
2015,2015-08-03 18:46:00,8,40,Landes de Gascogne,40276,Saint-Michel-Escalus,43.8752,-1.2475,0.001,0.001,False,Naturelle,,
2015,2015-08-03 18:50:00,8,40,Landes de Gascogne,40168,Magescq,43.7753,-1.1841,0.05,0.05,False,Naturelle,,
2015,2015-08-03 18:56:00,8,40,Landes de Gascogne,40311,Taller,43.88,-1.0621,0.01,0.01,False,Naturelle,,
2015,2015-08-03 18:59:00,8,40,Landes de Gascogne,40317,Tosse,43.6952,-1.316,0.457,0.457,False,Naturelle,,
2015,2015-08-03 19:10:00,8,40,Landes de Gascogne,40182,Mézos,44.0848,-1.141,0.01,0.01,False,Naturelle,,
2015,2015-08-03 19:20:00,8,40,Landes de Gascogne,40152,Lesperon,43.9654,-1.0835,0.03,0.03,False,Naturelle,,
2015,2015-08-03 19:20:00,8,40,Landes de Gascogne,40303,Solférino,44.1155,-0.907,0.2,0.2,False,Naturelle,,
2015,2015-08-03 19:23:00,8,40,Landes de Gascogne,40182,Mézos,44.0848,-1.141,0.01,0.01,False,Naturelle,,
2015,2015-08-03 19:32:00,8,33,Landes de Gascogne,33042,Belin-Béliet,44.4959,-0.7989,0.015,0.015,False,Naturelle,,
2015,2015-08-03 19:40:00,8,33,Landes de Gascogne,33202,Hostens,44.4834,-0.6616,0.04,0.04,False,Naturelle,,
2015,2015-08-03 19:46:00,8,40,Landes de Gascogne,40320,Uchacq-et-Parentis,43.945,-0.5476,0.0001,0.0001,False,Naturelle,,
2015,2015-08-03 20:03:00,8,40,Landes de Gascogne,40200,Moustey,44.387,-0.7703,0.046,0.046,False,Naturelle,,
2015,2015-08-03 20:14:00,8,33,Landes de Gascogne,33424,Saint-Laurent-Médoc,45.1402,-0.8557,0.03,0.03,False,Naturelle,,
2015,2015-08-03 20:19:00,8,33,Landes de Gascogne,33202,Hostens,44.4834,-0.6616,0.03,0.03,False,Naturelle,,
2015,2015-08-03 21:02:00,8,33,Landes de Gascogne,33229,Lanton,44.7719,-0.9799,0.002,0.002,False,Naturelle,,
2015,2015-08-04 08:18:00,8,40,Landes de Gascogne,40075,Castets,43.8806,-1.1487,0.0003,0.0002,False,Naturelle,,
2015,2015-08-04 08:51:00,8,40,Landes de Gascogne,40234,Pouydesseaux,43.9882,-0.352,1.0,1.0,False,Naturelle,,
2015,2015-08-04 13:04:00,8,40,Landes de Gascogne,40167,Luxey,44.2382,-0.5061,0.15,0.15,False,Naturelle,,
2015,2015-08-04 17:36:00,8,33,Landes de Gascogne,33422,Saint-Jean-d'Illac,44.7973,-0.8156,0.01,0.01,False,Naturelle,,
2015,2015-08-04 20:49:00,8,06,Alpes-Maritimes,06034,Castagniers,43.79,7.2298,0.05,0.0,False,Involontaire (particulier),,
2015,2015-08-05 12:13:00,8,40,Landes de Gascogne,40319,Trensacq,44.232,-0.7015,0.37,0.37,False,Naturelle,,
2015,2015-08-05 12:25:00,8,40,Landes de Gascogne,40081,Cère,43.9933,-0.5468,1.3,1.3,False,Naturelle,,
2015,2015-08-05 13:12:00,8,40,Landes de Gascogne,40164,Retjons,44.1399,-0.2929,0.7,0.7,False,Inconnue,,
2015,2015-08-05 13:23:00,8,40,Landes de Gascogne,40311,Taller,43.88,-1.0621,1.0,1.0,False,Naturelle,,
2015,2015-08-05 13:23:00,8,33,Landes de Gascogne,33305,Le Nizan,44.4722,-0.2802,0.035,0.035,False,Inconnue,,
2015,2015-08-05 13:30:00,8,06,Alpes-Maritimes,06023,Breil-sur-Roya,43.9379,7.4996,0.2,0.0,False,Inconnue,,
2015,2015-08-05 13:59:00,8,40,Landes de Gascogne,40135,Labrit,44.1269,-0.5557,0.4,0.4,False,Naturelle,,
2015,2015-08-05 15:03:00,8,33,Landes de Gascogne,33203,Hourtin,45.1831,-1.0534,0.05,0.05,False,Inconnue,,
2015,2015-08-05 16:40:00,8,40,Landes de Gascogne,40320,Uchacq-et-Parentis,43.945,-0.5476,0.3,0.3,False,Naturelle,,
2015,2015-08-05 17:53:00,8,40,Landes de Gascogne,40062,Campet-et-Lamolère,43.9163,-0.5823,0.3,0.3,False,Accidentelle,,
2015,2015-08-06 06:52:00,8,33,Landes de Gascogne,33012,Arsac,44.9869,-0.7018,0.01,0.01,False,Malveillance,,
2015,2015-08-06 13:48:00,8,40,Landes de Gascogne,40243,Rion-des-Landes,43.9318,-0.9436,1.0,1.0,False,Naturelle,,
2015,2015-08-06 16:44:00,8,40,Landes de Gascogne,40142,Laluque,43.8533,-0.9816,0.05,0.05,False,Naturelle,,
2015,2015-08-06 16:46:00,8,33,Landes de Gascogne,33540,Vendays-Montalivet,45.3378,-1.0953,0.6,0.6,False,Inconnue,,
2015,2015-08-06 17:05:00,8,33,Landes de Gascogne,33540,Vendays-Montalivet,45.3378,-1.0953,1.0,1.0,False,Inconnue,,
2015,2015-08-06 17:31:00,8,33,Landes de Gascogne,33318,Pessac,44.786,-0.681,0.1,0.1,False,Inconnue,,
2015,2015-08-06 19:46:00,8,40,Landes de Gascogne,40310,Soustons,43.754,-1.3305,0.5,0.5,False,Naturelle,,
2015,2015-08-07 13:30:00,8,40,Landes de Gascogne,40279,Saint-Paul-lès-Dax,43.7485,-1.0941,0.7,0.7,False,Inconnue,,
2015,2015-08-07 15:35:00,8,40,Landes de Gascogne,40184,Mimizan,44.1996,-1.2323,0.7,0.7,False,Inconnue,,
2015,2015-08-07 21:47:00,8,06,Alpes-Maritimes,06034,Castagniers,43.79,7.2298,0.05,0.0,False,Malveillance,,
2015,2015-08-08 16:11:00,8,06,Alpes-Maritimes,06115,Saint-Antonin,43.9085,6.9739,0.08,0.0,False,Naturelle,,
2015,2015-08-09 12:17:00,8,33,Landes de Gascogne,33019,Audenge,44.7133,-0.9533,0.001,0.001,False,Naturelle,,
2015,2015-08-10 11:37:00,8,06,Alpes-Maritimes,06074,Lantosque,43.9787,7.3121,0.005,0.0,False,Malveillance,,
2015,2015-08-12 01:23:00,8,33,Landes de Gascogne,33273,Martignas-sur-Jalle,44.8451,-0.8006,0.3,0.3,False,Inconnue,,
2015,2015-08-12 15:04:00,8,40,Landes de Gascogne,40326,Vielle-Saint-Girons,43.9429,-1.3219,1.7,1.7,False,Inconnue,,
2015,2015-08-13 13:05:00,8,06,Alpes-Maritimes,06015,Berre-les-Alpes,43.8342,7.3306,0.02,0.0,False,Involontaire (particulier),,
2015,2015-08-13 13:21:00,8,06,Alpes-Maritimes,06134,Séranon,43.7655,6.6892,0.02,0.0,False,Involontaire (particulier),,
2015,2015-08-13 21:12:00,8,06,Alpes-Maritimes,06091,Peille,43.8043,7.4088,0.004,0.0,False,Involontaire (particulier),,
2015,2015-08-14 16:35:00,8,06,Alpes-Maritimes,06091,Peille,43.8043,7.4088,0.003,0.0,False,Naturelle,,
2015,2015-08-16 09:29:00,8,06,Alpes-Maritimes,06162,La Brigue,44.0897,7.6496,0.003,0.0,False,Naturelle,,
2015,2015-08-17 13:42:00,8,33,Landes de Gascogne,33494,Salaunes,44.9281,-0.8502,2.0,2.0,False,Naturelle,,
2015,2015-08-18 12:47:00,8,33,Landes de Gascogne,33042,Belin-Béliet,44.4959,-0.7989,0.04,0.04,False,Inconnue,,
2015,2015-08-20 13:42:00,8,06,Alpes-Maritimes,06162,La Brigue,44.0897,7.6496,4.51,1.5,False,Naturelle,,
2015,2015-08-21 16:58:00,8,33,Landes de Gascogne,33494,Salaunes,44.9281,-0.8502,0.05,0.05,False,Inconnue,,
2015,2015-08-21 17:34:00,8,40,Landes de Gascogne,40155,Linxe,43.9287,-1.2195,0.2,0.2,False,Inconnue,,
2015,2015-08-21 19:19:00,8,40,Landes de Gascogne,40134,Labouheyre,44.2243,-0.9107,0.08,0.08,False,Inconnue,,
2015,2015-08-22 22:46:00,8,33,Landes de Gascogne,33540,Vendays-Montalivet,45.3378,-1.0953,0.001,0.001,False,Naturelle,,
2015,2015-08-23 01:20:00,8,33,Landes de Gascogne,33329,Pompéjac,44.3986,-0.2997,0.05,0.05,False,Inconnue,,
2015,2015-08-23 15:12:00,8,40,Landes de Gascogne,40210,Onesse-Laharie,44.063,-1.0224,0.34,0.34,False,Naturelle,,
2015,2015-08-24 13:24:00,8,40,Landes de Gascogne,40187,Moliets-et-Maa,43.8626,-1.3589,0.1,0.1,False,Naturelle,,
2015,2015-08-25 13:33:00,8,40,Landes de Gascogne,40210,Onesse-Laharie,44.063,-1.0224,2.3,2.3,False,Naturelle,,
2015,2015-08-25 15:34:00,8,40,Landes de Gascogne,40056,Brocas,44.0533,-0.5446,0.42,0.42,False,Involontaire (particulier),,
2015,2015-08-26 02:23:00,8,33,Landes de Gascogne,33214,Lacanau,44.9879,-1.096,0.01,0.005,False,Inconnue,,
2015,2015-08-26 14:01:00,8,06,Alpes-Maritimes,06162,La Brigue,44.0897,7.6496,3.4,3.4,False,Naturelle,,
2015,2015-08-27 16:04:00,8,40,Landes de Gascogne,40167,Luxey,44.2382,-0.5061,0.066,0.066,False,Involontaire (particulier),,
2015,2015-08-27 18:43:00,8,33,Landes de Gascogne,33214,Lacanau,44.9879,-1.096,2.0,2.0,False,Inconnue,,
2015,2015-08-29 14:32:00,8,33,Landes de Gascogne,33318,Pessac,44.786,-0.681,0.4,0.4,False,Inconnue,,
2015,2015-08-30 15:48:00,8,06,Alpes-Maritimes,06025,Le Broc,43.8146,7.1621,0.04,0.0,False,Inconnue,,
2015,2015-08-30 17:27:00,8,06,Alpes-Maritimes,06079,Mandelieu-la-Napoule,43.5334,6.918,0.03,0.0,False,Inconnue,,
2015,2015-08-31 13:57:00,8,40,Landes de Gascogne,40242,Rimbez-et-Baudiets,44.0594,0.0473,0.0002,0.0002,False,Naturelle,,
2015,2015-08-31 17:41:00,8,40,Landes de Gascogne,40152,Lesperon,43.9654,-1.0835,0.005,0.005,False,Naturelle,,
2015,2015-08-31 17:57:00,8,40,Landes de Gascogne,40307,Sore,44.3073,-0.6021,0.01,0.01,False,Naturelle,,
2015,2015-08-31 18:01:00,8,33,Landes de Gascogne,33251,Louchats,44.5104,-0.5691,0.4,0.4,False,Naturelle,,
2015,2015-08-31 18:41:00,8,33,Landes de Gascogne,33251,Louchats,44.5104,-0.5691,0.001,0.001,False,Naturelle,,
2015,2015-08-31 20:33:00,8,33,Landes de Gascogne,33048,Berthez,44.4826,-0.1288,0.001,0.001,False,Naturelle,,
2015,2015-09-01 16:48:00,9,40,Landes de Gascogne,40227,Pissos,44.3012,-0.7906,0.2,0.2,False,Naturelle,,
2015,2015-09-01 19:05:00,9,40,Landes de Gascogne,40317,Tosse,43.6952,-1.316,0.003,0.003,False,Naturelle,,
2015,2015-09-02 05:31:00,9,33,Landes de Gascogne,33529,La Teste-de-Buch,44.586,-1.1809,0.03,0.03,False,Inconnue,,
2015,2015-09-02 15:23:00,9,33,Landes de Gascogne,33077,Cabanac-et-Villagrains,44.5889,-0.5412,0.1,0.1,False,Naturelle,,
2015,2015-09-02 18:43:00,9,33,Landes de Gascogne,33518,Tabanac,44.7231,-0.4131,0.001,0.001,False,Involontaire (particulier),,
2015,2015-09-03 15:40:00,9,33,Landes de Gascogne,33095,Captieux,44.2621,-0.2981,0.05,0.05,False,Naturelle,,
2015,2015-09-05 11:40:00,9,33,Landes de Gascogne,33261,Lussac,44.9683,-0.0878,0.0002,0.0002,False,Malveillance,,
2015,2015-09-05 12:05:00,9,06,Alpes-Maritimes,06104,Roquebrune-Cap-Martin,43.7638,7.4576,1.0047,1.0047,False,Inconnue,,
2015,2015-09-06 15:50:00,9,33,Landes de Gascogne,33229,Lanton,44.7719,-0.9799,0.15,0.15,False,Accidentelle,,
2015,2015-09-06 17:16:00,9,33,Landes de Gascogne,33019,Audenge,44.7133,-0.9533,0.05,0.05,False,Inconnue,,
2015,2015-09-06 19:21:00,9,33,Landes de Gascogne,33449,Saint-Médard-en-Jalles,44.8861,-0.7823,0.3,0.3,False,Inconnue,,
2015,2015-09-07 00:05:00,9,06,Alpes-Maritimes,06020,La Bollène-Vésubie,43.9945,7.3749,0.12,0.0,False,Inconnue,,
2015,2015-09-07 13:39:00,9,33,Landes de Gascogne,33543,Verdelais,44.592,-0.2535,0.0002,0.0002,False,Malveillance,,
2015,2015-09-07 16:06:00,9,06,Alpes-Maritimes,06083,Menton,43.7961,7.498,4.88,0.0,False,Malveillance,,
2015,2015-09-07 16:34:00,9,33,Landes de Gascogne,33130,Coimères,44.5004,-0.213,0.03,0.03,False,Inconnue,,
2015,2015-09-09 12:26:00,9,06,Alpes-Maritimes,06083,Menton,43.7961,7.498,126.56,0.0,True,Malveillance,,
2015,2015-09-09 15:01:00,9,33,Landes de Gascogne,33239,Lerm-et-Musset,44.3354,-0.1579,1.0,1.0,False,Involontaire (particulier),,
2015,2015-09-10 15:32:00,9,33,Landes de Gascogne,33097,Carcans,45.0794,-1.0404,0.15,0.15,False,Inconnue,,
2015,2015-09-10 19:15:00,9,40,Landes de Gascogne,40184,Mimizan,44.1996,-1.2323,1.1124,1.1124,False,Inconnue,,
2015,2015-09-11 19:08:00,9,33,Landes de Gascogne,33124,Chamadelle,45.0975,-0.0883,0.15,0.15,False,Inconnue,,
2015,2015-09-12 07:35:00,9,33,Landes de Gascogne,33095,Captieux,44.2621,-0.2981,0.1,0.1,False,Naturelle,,
2015,2015-09-12 14:59:00,9,40,Landes de Gascogne,40056,Brocas,44.0533,-0.5446,0.001,0.001,False,Naturelle,,
2015,2015-09-14 15:20:00,9,06,Alpes-Maritimes,06077,Lucéram,43.8997,7.3506,0.1,0.0,False,Naturelle,,
2015,2015-09-19 10:42:00,9,33,Landes de Gascogne,33197,Guillos,44.5507,-0.5235,0.001,0.001,False,Inconnue,,
2015,2015-09-21 09:30:00,9,33,Landes de Gascogne,33019,Audenge,44.7133,-0.9533,0.8,0.8,False,Malveillance,,
2015,2015-09-30 14:49:00,9,40,Landes de Gascogne,40197,Morcenx-la-Nouvelle,44.0318,-0.9147,0.1,0.1,False,Inconnue,,
2015,2015-10-02 09:32:00,10,33,Landes de Gascogne,33528,Le Temple,44.8662,-0.9609,0.03,0.03,False,Accidentelle,,
2015,2015-10-02 13:48:00,10,33,Landes de Gascogne,33337,Preignac,44.5719,-0.3106,0.02,0.02,False,Involontaire (particulier),,
2015,2015-10-02 17:52:00,10,33,Landes de Gascogne,33436,Saint-Magne,44.559,-0.6623,0.05,0.05,False,Involontaire (travaux),,
2015,2015-10-16 11:57:00,10,33,Landes de Gascogne,33321,Peujard,45.0472,-0.4313,0.0005,0.0005,False,Accidentelle,,
2015,2015-10-17 11:08:00,10,33,Landes de Gascogne,33233,Laruscade,45.1206,-0.3394,13.0,13.0,False,Inconnue,,
2015,2015-10-17 14:46:00,10,33,Landes de Gascogne,33012,Arsac,44.9869,-0.7018,2.5,2.5,False,Inconnue,,
2015,2015-10-19 17:27:00,10,40,Landes de Gascogne,40266,Saint-Julien-en-Born,44.0854,-1.2551,0.002,0.002,False,Inconnue,,
2015,2015-10-20 19:01:00,10,40,Landes de Gascogne,40310,Soustons,43.754,-1.3305,0.05,0.05,False,Involontaire (particulier),,
2015,2015-10-24 21:41:00,10,33,Landes de Gascogne,33322,Le Pian-Médoc,44.9555,-0.6737,0.02,0.02,False,Inconnue,,
2015,2015-10-25 16:54:00,10,40,Landes de Gascogne,40244,Rivière-Saas-et-Gourby,43.6963,-1.1756,0.01,0.01,False,Inconnue,,
2015,2015-10-25 17:31:00,10,40,Landes de Gascogne,40244,Rivière-Saas-et-Gourby,43.6963,-1.1756,0.01,0.01,False,Inconnue,,
2015,2015-10-25 21:41:00,10,33,Landes de Gascogne,33322,Le Pian-Médoc,44.9555,-0.6737,0.02,0.02,False,Accidentelle,,
2015,2015-10-31 07:16:00,10,40,Landes de Gascogne,40246,Sabres,44.1532,-0.7332,0.01,0.01,False,Inconnue,,
2015,2015-10-31 23:09:00,10,33,Landes de Gascogne,33018,Val de Virvée,45.021,-0.3887,0.002,0.002,False,Accidentelle,,
2015,2015-11-01 10:42:00,11,33,Landes de Gascogne,33202,Hostens,44.4834,-0.6616,0.037,0.037,False,Accidentelle,,
2015,2015-11-02 13:18:00,11,33,Landes de Gascogne,33495,Salignac,,,0.08,0.08,False,Inconnue,,
2015,2015-11-17 11:44:00,11,40,Landes de Gascogne,40287,Sanguinet,44.4776,-1.0903,0.1,0.1,False,Involontaire (travaux),,
2015,2015-11-28 11:22:00,11,06,Alpes-Maritimes,06074,Lantosque,43.9787,7.3121,0.05,0.0,False,Malveillance,,
2015,2015-11-28 18:50:00,11,06,Alpes-Maritimes,06086,Moulinet,43.9503,7.4128,0.008,0.0,False,Malveillance,,
2015,2015-11-29 14:22:00,11,06,Alpes-Maritimes,06098,Puget-Rostang,44.0056,6.9333,0.5,0.0,False,Malveillance,,
2015,2015-12-01 07:26:00,12,06,Alpes-Maritimes,06074,Lantosque,43.9787,7.3121,3.25,3.25,False,Malveillance,,
2015,2015-12-03 15:48:00,12,06,Alpes-Maritimes,06074,Lantosque,43.9787,7.3121,1.0,1.0,False,Malveillance,,
2015,2015-12-06 11:01:00,12,33,Landes de Gascogne,33314,Pauillac,45.1983,-0.755,0.0006,0.0006,False,Involontaire (particulier),,
2015,2015-12-12 14:01:00,12,06,Alpes-Maritimes,06096,Pierlas,44.035,7.0177,0.7,0.0,False,Malveillance,,
2015,2015-12-12 15:25:00,12,06,Alpes-Maritimes,06072,Ilonse,44.0319,7.0901,2.38,2.38,False,Malveillance,,
2015,2015-12-13 00:02:00,12,40,Landes de Gascogne,40053,Bourriot-Bergonce,44.153,-0.2091,0.02,0.02,False,Inconnue,,
2015,2015-12-15 22:20:00,12,06,Alpes-Maritimes,06127,Saint-Martin-Vésubie,44.0944,7.307,1.12,0.09,False,Involontaire (particulier),,
2015,2015-12-19 13:43:00,12,33,Landes de Gascogne,33529,La Teste-de-Buch,44.586,-1.1809,2.0,2.0,False,Inconnue,,
2015,2015-12-20 12:03:00,12,06,Alpes-Maritimes,06103,Roquebillière,44.0282,7.2885,4.94,4.94,False,Malveillance,,
2015,2015-12-24 13:30:00,12,06,Alpes-Maritimes,06074,Lantosque,43.9787,7.3121,0.8,0.0,False,Malveillance,,
2015,2015-12-24 13:30:00,12,06,Alpes-Maritimes,06074,Lantosque,43.9787,7.3121,0.2,0.0,False,Malveillance,,
2015,2015-12-24 13:30:00,12,06,Alpes-Maritimes,06074,Lantosque,43.9787,7.3121,0.04,0.0,False,Malveillance,,
2015,2015-12-24 13:30:00,12,06,Alpes-Maritimes,06074,Lantosque,43.9787,7.3121,0.04,0.0,False,Malveillance,,
2015,2015-12-26 12:47:00,12,33,Landes de Gascogne,33017,Aubiac,44.4713,-0.2438,0.2,0.2,False,Accidentelle,,
2015,2015-12-27 10:55:00,12,06,Alpes-Maritimes,06074,Lantosque,43.9787,7.3121,0.5,0.0,False,Malveillance,,
2015,2015-12-28 14:14:00,12,06,Alpes-Maritimes,06103,Roquebillière,44.0282,7.2885,0.5,0.0,False,Malveillance,,
2015,2015-12-30 14:01:00,12,06,Alpes-Maritimes,06062,Fontan,44.0213,7.5527,0.8,0.0,False,Involontaire (particulier),,
2016,2016-01-07 18:36:00,1,06,Alpes-Maritimes,06086,Moulinet,43.9503,7.4128,0.08,0.0,False,Involontaire (particulier),,
2016,2016-02-03 22:04:00,2,06,Alpes-Maritimes,06023,Breil-sur-Roya,43.9379,7.4996,101.52,64.25,True,Inconnue,,
2016,2016-02-04 13:11:00,2,06,Alpes-Maritimes,06013,Belvédère,44.0615,7.3612,260.22,38.0,True,Malveillance,,
2016,2016-02-04 15:34:00,2,06,Alpes-Maritimes,06137,Spéracèdes,43.652,6.8573,0.4,0.4,False,Involontaire (particulier),,
2016,2016-02-04 20:49:00,2,06,Alpes-Maritimes,06122,Saint-Jeannet,43.7619,7.1477,0.05,0.05,False,Involontaire (particulier),,
2016,2016-02-05 13:01:00,2,06,Alpes-Maritimes,06118,Saint-Cézaire-sur-Siagne,43.6592,6.8049,0.01,0.01,False,Involontaire (particulier),,
2016,2016-02-05 16:49:00,2,06,Alpes-Maritimes,06013,Belvédère,44.0615,7.3612,0.1689,0.0,False,Inconnue,,
2016,2016-03-09 15:16:00,3,06,Alpes-Maritimes,06049,Courmes,43.7514,7.0196,7.22,5.22,False,Malveillance,,
2016,2016-03-09 16:23:00,3,06,Alpes-Maritimes,06088,Nice,43.7032,7.2528,0.01,0.01,False,Inconnue,,
2016,2016-03-13 14:36:00,3,06,Alpes-Maritimes,06023,Breil-sur-Roya,43.9379,7.4996,0.4555,0.4555,False,Involontaire (particulier),,
2016,2016-03-13 15:25:00,3,40,Landes de Gascogne,40105,Garein,44.0521,-0.6514,2.668,2.668,False,Inconnue,,
2016,2016-03-15 14:36:00,3,06,Alpes-Maritimes,06144,La Tour,43.9645,7.196,0.35,0.15,False,Involontaire (travaux),,
2016,2016-03-21 13:30:00,3,06,Alpes-Maritimes,06074,Lantosque,43.9787,7.3121,0.02,0.02,False,Malveillance,,
2016,2016-03-21 13:32:00,3,06,Alpes-Maritimes,06074,Lantosque,43.9787,7.3121,0.3417,0.3417,False,Malveillance,,
2016,2016-03-23 15:01:00,3,40,Landes de Gascogne,40197,Morcenx-la-Nouvelle,44.0318,-0.9147,0.04,0.04,False,Involontaire (particulier),,
2016,2016-03-23 17:53:00,3,33,Landes de Gascogne,33376,Saint-Aubin-de-Médoc,44.9343,-0.7478,0.4,0.4,False,Inconnue,,
2016,2016-03-24 07:31:00,3,33,Landes de Gascogne,33238,Léognan,44.7236,-0.6172,0.1,0.1,False,Malveillance,,
2016,2016-03-24 08:10:00,3,06,Alpes-Maritimes,06082,Massoins,43.9552,7.1305,0.7923,0.7923,False,Inconnue,,
2016,2016-03-24 17:08:00,3,33,Landes de Gascogne,33154,Les Églisottes-et-Chalaures,45.0946,-0.0389,0.02,0.02,False,Malveillance,,
2016,2016-03-24 18:07:00,3,33,Landes de Gascogne,33237,Léogeats,44.5053,-0.3648,0.4,0.4,False,Inconnue,,
2016,2016-03-25 13:38:00,3,06,Alpes-Maritimes,06074,Lantosque,43.9787,7.3121,0.3,0.3,False,Malveillance,,
2016,2016-03-25 13:58:00,3,06,Alpes-Maritimes,06050,Coursegoules,43.7898,7.0384,0.7683,0.7683,False,Malveillance,,
2016,2016-03-26 14:37:00,3,06,Alpes-Maritimes,06142,Touët-de-l'Escarène,43.8516,7.3799,10.7161,1.0,False,Involontaire (particulier),,
2016,2016-03-26 15:14:00,3,33,Landes de Gascogne,33211,Labarde,45.0143,-0.6375,2.0,2.0,False,Inconnue,,
2016,2016-03-26 18:36:00,3,06,Alpes-Maritimes,06074,Lantosque,43.9787,7.3121,0.4374,0.4374,False,Malveillance,,
2016,2016-03-26 18:53:00,3,40,Landes de Gascogne,40274,Saint-Martin-d'Oney,43.9293,-0.6497,1.2,1.2,False,Inconnue,,
2016,2016-03-28 09:30:00,3,40,Landes de Gascogne,40304,Soorts-Hossegor,43.6679,-1.4084,0.01,0.01,False,Inconnue,,
2016,2016-03-28 15:33:00,3,40,Landes de Gascogne,40184,Mimizan,44.1996,-1.2323,0.01,0.01,False,Inconnue,,
2016,2016-03-28 20:15:00,3,06,Alpes-Maritimes,06077,Lucéram,43.8997,7.3506,0.1028,0.1028,False,Inconnue,,
2016,2016-04-10 15:31:00,4,40,Landes de Gascogne,40155,Linxe,43.9287,-1.2195,0.08,0.08,False,Inconnue,,
2016,2016-04-11 19:25:00,4,33,Landes de Gascogne,33357,Roaillan,44.5086,-0.2804,0.003,0.003,False,Inconnue,,
2016,2016-04-12 10:36:00,4,06,Alpes-Maritimes,06098,Puget-Rostang,44.0056,6.9333,6.0324,3.5324,False,Involontaire (particulier),,
2016,2016-04-12 15:34:00,4,06,Alpes-Maritimes,06074,Lantosque,43.9787,7.3121,13.1743,12.1743,False,Malveillance,,
2016,2016-04-12 16:02:00,4,06,Alpes-Maritimes,06153,Valdeblore,44.1152,7.1949,0.1145,0.0645,False,Involontaire (particulier),,
2016,2016-04-13 16:28:00,4,40,Landes de Gascogne,40184,Mimizan,44.1996,-1.2323,0.01,0.01,False,Inconnue,,
2016,2016-04-13 20:50:00,4,40,Landes de Gascogne,40134,Labouheyre,44.2243,-0.9107,0.1,0.02,False,Inconnue,,
2016,2016-04-14 08:49:00,4,33,Landes de Gascogne,33012,Arsac,44.9869,-0.7018,0.025,0.025,False,Malveillance,,
2016,2016-04-16 20:03:00,4,06,Alpes-Maritimes,06066,Gilette,43.8436,7.1602,0.02,0.02,False,Involontaire (particulier),,
2016,2016-04-21 16:10:00,4,40,Landes de Gascogne,40184,Mimizan,44.1996,-1.2323,0.005,0.005,False,Inconnue,,
2016,2016-04-26 10:42:00,4,40,Landes de Gascogne,40168,Magescq,43.7753,-1.1841,0.01,0.01,False,Involontaire (travaux),,
2016,2016-04-26 16:04:00,4,33,Landes de Gascogne,33202,Hostens,44.4834,-0.6616,0.2,0.2,False,Involontaire (travaux),,
2016,2016-04-27 09:41:00,4,06,Alpes-Maritimes,06130,Saint-Vallier-de-Thiey,43.6994,6.8516,0.01,0.01,False,Accidentelle,,
2016,2016-04-27 17:55:00,4,40,Landes de Gascogne,40046,Biscarrosse,44.4077,-1.1525,0.3,0.3,False,Involontaire (particulier),,
2016,2016-04-27 21:55:00,4,33,Landes de Gascogne,33498,Salles,44.536,-0.8899,0.05,0.05,False,Inconnue,,
2016,2016-05-01 18:47:00,5,33,Landes de Gascogne,33452,Saint-Michel-de-Rieufret,44.6273,-0.4453,10.0,10.0,False,Inconnue,,
2016,2016-05-02 10:22:00,5,06,Alpes-Maritimes,06132,Saorge,43.9935,7.5403,0.3324,0.3324,False,Inconnue,,
2016,2016-05-02 16:25:00,5,40,Landes de Gascogne,40184,Mimizan,44.1996,-1.2323,0.02,0.02,False,Inconnue,,
2016,2016-05-03 17:33:00,5,40,Landes de Gascogne,40184,Mimizan,44.1996,-1.2323,0.4,0.4,False,Inconnue,,
2016,2016-05-04 10:45:00,5,40,Landes de Gascogne,40046,Biscarrosse,44.4077,-1.1525,0.001,0.001,False,Inconnue,,
2016,2016-05-04 17:56:00,5,33,Landes de Gascogne,33267,Marcillac,,,0.3,0.3,False,Inconnue,,
2016,2016-05-05 11:36:00,5,40,Landes de Gascogne,40227,Pissos,44.3012,-0.7906,0.08,0.08,False,Inconnue,,
2016,2016-05-05 14:39:00,5,33,Landes de Gascogne,33214,Lacanau,44.9879,-1.096,0.1,0.1,False,Inconnue,,
2016,2016-05-05 18:35:00,5,33,Landes de Gascogne,33056,Blanquefort,44.9216,-0.61,0.05,0.05,False,Inconnue,,
2016,2016-05-06 17:21:00,5,33,Landes de Gascogne,33193,Grayan-et-l'Hôpital,45.4324,-1.1057,0.02,0.02,False,Inconnue,,
2016,2016-05-07 10:46:00,5,06,Alpes-Maritimes,06074,Lantosque,43.9787,7.3121,0.0087,0.0087,False,Malveillance,,
2016,2016-05-07 15:23:00,5,33,Landes de Gascogne,33238,Léognan,44.7236,-0.6172,0.1,0.1,False,Inconnue,,
2016,2016-05-07 18:30:00,5,33,Landes de Gascogne,33238,Léognan,44.7236,-0.6172,0.3,0.3,False,Inconnue,,
2016,2016-05-07 23:00:00,5,40,Landes de Gascogne,40332,Ychoux,44.3545,-0.9643,0.05,0.05,False,Inconnue,,
2016,2016-05-08 15:08:00,5,33,Landes de Gascogne,33233,Laruscade,45.1206,-0.3394,0.07,0.07,False,Inconnue,,
2016,2016-05-08 18:54:00,5,40,Landes de Gascogne,40095,Estibeaux,43.6066,-0.9122,0.25,0.25,False,Inconnue,,
2016,2016-05-08 23:36:00,5,33,Landes de Gascogne,33029,Le Barp,44.6297,-0.7437,0.0002,0.0002,False,Inconnue,,
2016,2016-05-11 22:36:00,5,40,Landes de Gascogne,40168,Magescq,43.7753,-1.1841,0.2,0.2,False,Accidentelle,,
2016,2016-05-13 15:28:00,5,33,Landes de Gascogne,33205,Illats,44.6087,-0.3797,0.01,0.01,False,Inconnue,,
2016,2016-05-16 00:09:00,5,33,Landes de Gascogne,33273,Martignas-sur-Jalle,44.8451,-0.8006,0.06,0.06,False,Accidentelle,,
2016,2016-05-16 17:49:00,5,33,Landes de Gascogne,33273,Martignas-sur-Jalle,44.8451,-0.8006,1.0,1.0,False,Accidentelle,,
2016,2016-05-19 22:08:00,5,33,Landes de Gascogne,33273,Martignas-sur-Jalle,44.8451,-0.8006,0.02,0.02,False,Inconnue,,
2016,2016-05-21 18:09:00,5,33,Landes de Gascogne,33056,Blanquefort,44.9216,-0.61,0.015,0.005,False,Inconnue,,
2016,2016-05-21 20:57:00,5,33,Landes de Gascogne,33229,Lanton,44.7719,-0.9799,0.004,0.004,False,Naturelle,,
2016,2016-05-28 17:11:00,5,33,Landes de Gascogne,33424,Saint-Laurent-Médoc,45.1402,-0.8557,0.1,0.1,False,Naturelle,,
2016,2016-05-28 22:52:00,5,06,Alpes-Maritimes,06074,Lantosque,43.9787,7.3121,6.2601,1.0,False,Malveillance,,
2016,2016-05-29 15:50:00,5,40,Landes de Gascogne,40123,Herm,43.8013,-1.1332,1.1,1.1,False,Naturelle,,
2016,2016-06-13 01:29:00,6,40,Landes de Gascogne,40157,Lit-et-Mixe,44.0273,-1.2704,0.02,0.02,False,Inconnue,,
2016,2016-06-19 19:48:00,6,33,Landes de Gascogne,33376,Saint-Aubin-de-Médoc,44.9343,-0.7478,0.03,0.03,False,Accidentelle,,
2016,2016-06-24 13:16:00,6,33,Landes de Gascogne,33214,Lacanau,44.9879,-1.096,0.7,0.7,False,Naturelle,,
2016,2016-06-25 17:32:00,6,06,Alpes-Maritimes,06003,Andon,43.7755,6.8211,0.2216,0.2216,False,Accidentelle,,
2016,2016-06-28 11:13:00,6,06,Alpes-Maritimes,06075,Levens,43.8501,7.2358,0.0665,0.0,False,Involontaire (particulier),,
2016,2016-06-28 12:46:00,6,06,Alpes-Maritimes,06024,Briançonnet,43.8654,6.7325,0.0846,0.0,False,Involontaire (particulier),,
2016,2016-06-30 17:14:00,6,33,Landes de Gascogne,33333,Le Porge,44.8649,-1.1351,0.01,0.01,False,Inconnue,,
2016,2016-06-30 18:08:00,6,33,Landes de Gascogne,33333,Le Porge,44.8649,-1.1351,0.01,0.01,False,Inconnue,,
2016,2016-07-01 11:23:00,7,40,Landes de Gascogne,40323,Vert,44.0955,-0.6138,0.05,0.05,False,Inconnue,,
2016,2016-07-02 16:34:00,7,40,Landes de Gascogne,40310,Soustons,43.754,-1.3305,0.01,0.01,False,Involontaire (particulier),,
2016,2016-07-04 17:42:00,7,40,Landes de Gascogne,40171,Mano,44.4288,-0.6703,0.2,0.2,False,Inconnue,,
2016,2016-07-05 14:08:00,7,33,Landes de Gascogne,33417,Sainte-Hélène,44.9653,-0.9071,0.02,0.02,False,Inconnue,,
2016,2016-07-05 22:10:00,7,33,Landes de Gascogne,33236,Lège-Cap-Ferret,44.7452,-1.174,0.002,0.002,False,Inconnue,,
2016,2016-07-12 12:26:00,7,06,Alpes-Maritimes,06016,Beuil,44.1176,6.9693,0.012,0.012,False,Naturelle,,
2016,2016-07-13 08:38:00,7,40,Landes de Gascogne,40157,Lit-et-Mixe,44.0273,-1.2704,0.03,0.03,False,Inconnue,,
2016,2016-07-13 13:56:00,7,06,Alpes-Maritimes,06043,Coaraze,43.8693,7.3014,0.003,0.003,False,Inconnue,,
2016,2016-07-14 06:40:00,7,33,Landes de Gascogne,33199,Gujan-Mestras,44.5758,-1.0813,0.008,0.008,False,Inconnue,,
2016,2016-07-14 16:46:00,7,40,Landes de Gascogne,40133,Labenne,43.5982,-1.4371,0.01,0.01,False,Inconnue,,
2016,2016-07-14 21:53:00,7,33,Landes de Gascogne,33036,Bazas,44.4409,-0.2177,0.0025,0.0025,False,Inconnue,,
2016,2016-07-15 01:41:00,7,33,Landes de Gascogne,33541,Vensac,45.4039,-1.0821,0.001,0.001,False,Malveillance,,
2016,2016-07-15 16:06:00,7,06,Alpes-Maritimes,06050,Coursegoules,43.7898,7.0384,2.4119,1.4119,False,Inconnue,,
2016,2016-07-15 16:59:00,7,40,Landes de Gascogne,40157,Lit-et-Mixe,44.0273,-1.2704,0.02,0.02,False,Inconnue,,
2016,2016-07-15 17:11:00,7,40,Landes de Gascogne,40135,Labrit,44.1269,-0.5557,3.4,3.4,False,Involontaire (travaux),,
2016,2016-07-16 15:32:00,7,33,Landes de Gascogne,33498,Salles,44.536,-0.8899,4.0,4.0,False,Inconnue,,
2016,2016-07-16 23:14:00,7,33,Landes de Gascogne,33273,Martignas-sur-Jalle,44.8451,-0.8006,0.01,0.01,False,Inconnue,,
2016,2016-07-17 14:37:00,7,06,Alpes-Maritimes,06065,La Gaude,43.7177,7.1605,0.2699,0.0,False,Inconnue,,
2016,2016-07-17 15:24:00,7,33,Landes de Gascogne,33273,Martignas-sur-Jalle,44.8451,-0.8006,0.03,0.03,False,Inconnue,,
2016,2016-07-17 16:42:00,7,06,Alpes-Maritimes,06027,Cagnes-sur-Mer,43.6712,7.1502,1.1241,0.0,False,Involontaire (particulier),,
2016,2016-07-17 17:06:00,7,33,Landes de Gascogne,33214,Lacanau,44.9879,-1.096,0.08,0.08,False,Inconnue,,
2016,2016-07-18 14:07:00,7,40,Landes de Gascogne,40133,Labenne,43.5982,-1.4371,0.8,0.8,False,Inconnue,,
2016,2016-07-18 16:08:00,7,33,Landes de Gascogne,33097,Carcans,45.0794,-1.0404,0.6,0.6,False,Inconnue,,
2016,2016-07-18 17:50:00,7,06,Alpes-Maritimes,06136,Sospel,43.8872,7.4493,0.1264,0.0,False,Involontaire (particulier),,
2016,2016-07-18 18:42:00,7,40,Landes de Gascogne,40058,Cachen,44.0863,-0.4163,0.001,0.001,False,Inconnue,,
2016,2016-07-19 14:17:00,7,40,Landes de Gascogne,40168,Magescq,43.7753,-1.1841,18.0,18.0,False,Inconnue,,
2016,2016-07-19 16:57:00,7,40,Landes de Gascogne,40296,Seignosse,43.7055,-1.3939,0.02,0.02,False,Inconnue,,
2016,2016-07-19 17:03:00,7,33,Landes de Gascogne,33097,Carcans,45.0794,-1.0404,0.25,0.25,False,Inconnue,,
2016,2016-07-19 19:35:00,7,40,Landes de Gascogne,40167,Luxey,44.2382,-0.5061,1.4,1.4,False,Accidentelle,,
2016,2016-07-19 23:53:00,7,40,Landes de Gascogne,40135,Labrit,44.1269,-0.5557,0.25,0.25,False,Inconnue,,
2016,2016-07-20 01:38:00,7,33,Landes de Gascogne,33009,Arcachon,44.6515,-1.1718,0.25,0.25,False,Inconnue,,
2016,2016-07-20 01:58:00,7,33,Landes de Gascogne,33422,Saint-Jean-d'Illac,44.7973,-0.8156,0.25,0.25,False,Accidentelle,,
2016,2016-07-20 02:46:00,7,33,Landes de Gascogne,33122,Cestas,44.7274,-0.7349,0.005,0.005,False,Inconnue,,
2016,2016-07-22 02:21:00,7,33,Landes de Gascogne,33333,Le Porge,44.8649,-1.1351,0.05,0.05,False,Malveillance,,
2016,2016-07-22 14:48:00,7,40,Landes de Gascogne,40155,Linxe,43.9287,-1.2195,2.6,2.6,False,Inconnue,,
2016,2016-07-22 18:45:00,7,40,Landes de Gascogne,40163,Lüe,44.2337,-0.9858,1.1,1.1,False,Inconnue,,
2016,2016-07-23 06:58:00,7,33,Landes de Gascogne,33540,Vendays-Montalivet,45.3378,-1.0953,0.001,0.001,False,Inconnue,,
2016,2016-07-24 17:58:00,7,40,Landes de Gascogne,40307,Sore,44.3073,-0.6021,0.1,0.01,False,Inconnue,,
2016,2016-07-24 18:15:00,7,40,Landes de Gascogne,40167,Luxey,44.2382,-0.5061,0.015,0.015,False,Inconnue,,
2016,2016-07-25 13:58:00,7,06,Alpes-Maritimes,06089,Opio,43.6574,7.0094,0.03,0.03,False,Involontaire (travaux),,
2016,2016-07-25 18:13:00,7,33,Landes de Gascogne,33378,Saint-Avit-Saint-Nazaire,44.8478,0.2762,0.5,0.5,False,Accidentelle,,
2016,2016-07-26 13:47:00,7,06,Alpes-Maritimes,06034,Castagniers,43.79,7.2298,0.1775,0.1775,False,Inconnue,,
2016,2016-07-26 18:00:00,7,33,Landes de Gascogne,33115,Cazalis,44.3304,-0.3875,0.03,0.03,False,Accidentelle,,
2016,2016-07-26 20:42:00,7,33,Landes de Gascogne,33179,Galgon,44.991,-0.278,1.0,1.0,False,Inconnue,,
2016,2016-07-27 00:24:00,7,40,Landes de Gascogne,40326,Vielle-Saint-Girons,43.9429,-1.3219,0.01,0.01,False,Inconnue,,
2016,2016-07-28 04:28:00,7,40,Landes de Gascogne,40094,Escource,44.1639,-1.0361,0.02,0.02,False,Accidentelle,,
2016,2016-07-28 17:40:00,7,40,Landes de Gascogne,40296,Seignosse,43.7055,-1.3939,0.05,0.05,False,Inconnue,,
2016,2016-07-29 09:59:00,7,06,Alpes-Maritimes,06086,Moulinet,43.9503,7.4128,0.0608,0.0608,False,Naturelle,,
2016,2016-07-29 19:45:00,7,06,Alpes-Maritimes,06099,Puget-Théniers,43.9498,6.9049,0.0352,0.0352,False,Naturelle,,
2016,2016-07-30 01:13:00,7,40,Landes de Gascogne,40319,Trensacq,44.232,-0.7015,0.001,0.001,False,Naturelle,,
2016,2016-07-30 01:58:00,7,40,Landes de Gascogne,40184,Mimizan,44.1996,-1.2323,0.3,0.3,False,Naturelle,,
2016,2016-07-30 06:12:00,7,33,Landes de Gascogne,33529,La Teste-de-Buch,44.586,-1.1809,3.0,3.0,False,Naturelle,,
2016,2016-07-30 10:11:00,7,33,Landes de Gascogne,33042,Belin-Béliet,44.4959,-0.7989,0.0005,0.0005,False,Naturelle,,
2016,2016-07-30 12:33:00,7,33,Landes de Gascogne,33501,Saucats,44.6476,-0.6377,0.08,0.08,False,Inconnue,,
2016,2016-07-30 13:52:00,7,33,Landes de Gascogne,33225,Landiras,44.5696,-0.4333,0.03,0.03,False,Inconnue,,
2016,2016-07-30 16:22:00,7,33,Landes de Gascogne,33229,Lanton,44.7719,-0.9799,0.15,0.15,False,Inconnue,,
2016,2016-07-30 16:29:00,7,33,Landes de Gascogne,33422,Saint-Jean-d'Illac,44.7973,-0.8156,0.002,0.002,False,Naturelle,,
2016,2016-07-30 16:33:00,7,33,Landes de Gascogne,33251,Louchats,44.5104,-0.5691,0.15,0.15,False,Inconnue,,
2016,2016-07-30 16:38:00,7,33,Landes de Gascogne,33436,Saint-Magne,44.559,-0.6623,0.1,0.1,False,Inconnue,,
2016,2016-07-30 16:49:00,7,33,Landes de Gascogne,33310,Origne,44.5025,-0.509,0.5,0.5,False,Naturelle,,
2016,2016-07-30 16:55:00,7,33,Landes de Gascogne,33494,Salaunes,44.9281,-0.8502,0.025,0.025,False,Naturelle,,
2016,2016-07-30 17:01:00,7,33,Landes de Gascogne,33251,Louchats,44.5104,-0.5691,0.2,0.1,False,Inconnue,,
2016,2016-07-30 17:42:00,7,33,Landes de Gascogne,33229,Lanton,44.7719,-0.9799,0.001,0.001,False,Naturelle,,
2016,2016-07-30 18:09:00,7,33,Landes de Gascogne,33011,Arès,44.7997,-1.0837,0.02,0.02,False,Inconnue,,
2016,2016-07-30 18:38:00,7,33,Landes de Gascogne,33503,Saumos,44.9119,-1.0029,0.3,0.3,False,Naturelle,,
2016,2016-07-30 18:55:00,7,33,Landes de Gascogne,33417,Sainte-Hélène,44.9653,-0.9071,0.15,0.15,False,Naturelle,,
2016,2016-07-30 19:30:00,7,33,Landes de Gascogne,33528,Le Temple,44.8662,-0.9609,0.0009,0.0009,False,Naturelle,,
2016,2016-07-30 20:58:00,7,40,Landes de Gascogne,40279,Saint-Paul-lès-Dax,43.7485,-1.0941,0.38,0.38,False,Naturelle,,
2016,2016-07-30 21:22:00,7,40,Landes de Gascogne,40085,Commensacq,44.2082,-0.8272,0.003,0.003,False,Naturelle,,
2016,2016-07-30 21:53:00,7,40,Landes de Gascogne,40210,Onesse-Laharie,44.063,-1.0224,0.36,0.36,False,Naturelle,,
2016,2016-07-30 22:03:00,7,40,Landes de Gascogne,40323,Vert,44.0955,-0.6138,0.13,0.13,False,Naturelle,,
2016,2016-07-30 22:18:00,7,40,Landes de Gascogne,40266,Saint-Julien-en-Born,44.0854,-1.2551,0.15,0.15,False,Naturelle,,
2016,2016-07-31 04:00:00,7,40,Landes de Gascogne,40094,Escource,44.1639,-1.0361,2.8,2.8,False,Naturelle,,
2016,2016-07-31 07:24:00,7,40,Landes de Gascogne,40210,Onesse-Laharie,44.063,-1.0224,8.5,8.5,False,Inconnue,,
2016,2016-07-31 08:08:00,7,33,Landes de Gascogne,33244,Lignan-de-Bazas,44.433,-0.2745,0.001,0.001,False,Naturelle,,
2016,2016-07-31 08:25:00,7,40,Landes de Gascogne,40171,Mano,44.4288,-0.6703,0.3,0.3,False,Naturelle,,
2016,2016-07-31 08:38:00,7,40,Landes de Gascogne,40081,Cère,43.9933,-0.5468,1.2,1.2,False,Naturelle,,
2016,2016-07-31 09:15:00,7,33,Landes de Gascogne,33251,Louchats,44.5104,-0.5691,0.01,0.01,False,Inconnue,,
2016,2016-07-31 11:18:00,7,40,Landes de Gascogne,40149,Lencouacq,44.1482,-0.3856,0.04,0.04,False,Inconnue,,
2016,2016-07-31 13:51:00,7,06,Alpes-Maritimes,06068,Gourdon,43.7266,6.9622,0.4171,0.4171,False,Accidentelle,,
2016,2016-07-31 17:27:00,7,40,Landes de Gascogne,40094,Escource,44.1639,-1.0361,0.01,0.01,False,Naturelle,,
2016,2016-07-31 18:23:00,7,40,Landes de Gascogne,40250,Saint-Avit,43.9439,-0.4527,0.5,0.5,False,Naturelle,,
2016,2016-08-01 09:32:00,8,33,Landes de Gascogne,33229,Lanton,44.7719,-0.9799,0.04,0.04,False,Naturelle,,
2016,2016-08-01 12:09:00,8,40,Landes de Gascogne,40135,Labrit,44.1269,-0.5557,3.4,3.4,False,Naturelle,,
2016,2016-08-01 12:32:00,8,33,Landes de Gascogne,33239,Lerm-et-Musset,44.3354,-0.1579,0.09,0.09,False,Naturelle,,
2016,2016-08-01 13:23:00,8,40,Landes de Gascogne,40053,Bourriot-Bergonce,44.153,-0.2091,0.2,0.2,False,Inconnue,,
2016,2016-08-01 13:51:00,8,33,Landes de Gascogne,33517,Soussans,45.0548,-0.6931,0.005,0.005,False,Inconnue,,
2016,2016-08-01 15:52:00,8,33,Landes de Gascogne,33229,Lanton,44.7719,-0.9799,0.3,0.3,False,Naturelle,,
2016,2016-08-01 18:41:00,8,33,Landes de Gascogne,33022,Avensan,45.0033,-0.7574,0.05,0.05,False,Inconnue,,
2016,2016-08-01 20:33:00,8,33,Landes de Gascogne,33333,Le Porge,44.8649,-1.1351,0.02,0.02,False,Inconnue,,
2016,2016-08-02 11:43:00,8,40,Landes de Gascogne,40149,Lencouacq,44.1482,-0.3856,1.12,1.12,False,Inconnue,,
2016,2016-08-02 14:50:00,8,33,Landes de Gascogne,33122,Cestas,44.7274,-0.7349,0.2,0.2,False,Naturelle,,
2016,2016-08-02 15:20:00,8,33,Landes de Gascogne,33529,La Teste-de-Buch,44.586,-1.1809,0.6,0.6,False,Inconnue,,
2016,2016-08-02 17:10:00,8,33,Landes de Gascogne,33376,Saint-Aubin-de-Médoc,44.9343,-0.7478,0.8,0.01,False,Involontaire (travaux),,
2016,2016-08-02 17:38:00,8,33,Landes de Gascogne,33199,Gujan-Mestras,44.5758,-1.0813,0.01,0.01,False,Inconnue,,
2016,2016-08-03 11:39:00,8,33,Landes de Gascogne,33229,Lanton,44.7719,-0.9799,0.25,0.25,False,Inconnue,,
2016,2016-08-03 15:54:00,8,33,Landes de Gascogne,33225,Landiras,44.5696,-0.4333,0.1,0.1,False,Inconnue,,
2016,2016-08-05 08:52:00,8,40,Landes de Gascogne,40061,Campagne,43.8665,-0.6436,0.0001,0.0001,False,Inconnue,,
2016,2016-08-05 18:15:00,8,40,Landes de Gascogne,40180,Meilhan,43.8685,-0.6966,0.03,0.03,False,Inconnue,,
2016,2016-08-06 13:05:00,8,40,Landes de Gascogne,40184,Mimizan,44.1996,-1.2323,0.01,0.01,False,Inconnue,,
2016,2016-08-06 14:57:00,8,40,Landes de Gascogne,40149,Lencouacq,44.1482,-0.3856,0.54,0.54,False,Inconnue,,
2016,2016-08-06 19:54:00,8,40,Landes de Gascogne,40303,Solférino,44.1155,-0.907,3.0,3.0,False,Naturelle,,
2016,2016-08-07 16:13:00,8,33,Landes de Gascogne,33540,Vendays-Montalivet,45.3378,-1.0953,0.15,0.15,False,Inconnue,,
2016,2016-08-08 13:17:00,8,06,Alpes-Maritimes,06144,La Tour,43.9645,7.196,0.1077,0.1077,False,Involontaire (travaux),,
2016,2016-08-08 19:24:00,8,06,Alpes-Maritimes,06057,L'Escarène,43.8303,7.3665,0.0024,0.0024,False,Inconnue,,
2016,2016-08-08 21:53:00,8,40,Landes de Gascogne,40150,Léon,43.8474,-1.2768,0.005,0.005,False,Inconnue,,
2016,2016-08-09 08:52:00,8,40,Landes de Gascogne,40258,Sainte-Foy,43.9315,-0.3238,0.0001,0.0001,False,Inconnue,,
2016,2016-08-09 14:06:00,8,33,Landes de Gascogne,33540,Vendays-Montalivet,45.3378,-1.0953,0.005,0.005,False,Malveillance,,
2016,2016-08-09 14:06:00,8,33,Landes de Gascogne,33540,Vendays-Montalivet,45.3378,-1.0953,0.002,0.002,False,Malveillance,,
2016,2016-08-10 09:00:00,8,33,Landes de Gascogne,33322,Le Pian-Médoc,44.9555,-0.6737,0.2,0.2,False,Inconnue,,
2016,2016-08-10 16:11:00,8,06,Alpes-Maritimes,06045,Collongues,43.8934,6.8642,0.001,0.001,False,Naturelle,,
2016,2016-08-11 09:55:00,8,40,Landes de Gascogne,40266,Saint-Julien-en-Born,44.0854,-1.2551,0.01,0.01,False,Involontaire (travaux),,
2016,2016-08-11 15:08:00,8,33,Landes de Gascogne,33359,Roquebrune,44.6228,0.018,1.0,1.0,False,Inconnue,,
2016,2016-08-11 19:10:00,8,33,Landes de Gascogne,33333,Le Porge,44.8649,-1.1351,0.001,0.001,False,Inconnue,,
2016,2016-08-11 19:43:00,8,40,Landes de Gascogne,40266,Saint-Julien-en-Born,44.0854,-1.2551,0.03,0.03,False,Inconnue,,
2016,2016-08-11 21:16:00,8,40,Landes de Gascogne,40326,Vielle-Saint-Girons,43.9429,-1.3219,0.15,0.15,False,Inconnue,,
2016,2016-08-12 09:29:00,8,06,Alpes-Maritimes,06077,Lucéram,43.8997,7.3506,0.0715,0.0715,False,Naturelle,,
2016,2016-08-12 16:07:00,8,33,Landes de Gascogne,33218,Lagorce,45.0813,-0.1606,0.05,0.05,False,Inconnue,,
2016,2016-08-12 17:32:00,8,33,Landes de Gascogne,33199,Gujan-Mestras,44.5758,-1.0813,0.005,0.005,False,Inconnue,,
2016,2016-08-13 16:49:00,8,06,Alpes-Maritimes,06075,Levens,43.8501,7.2358,1.0093,1.0093,False,Involontaire (particulier),,
2016,2016-08-13 20:16:00,8,33,Landes de Gascogne,33297,Moulis-en-Médoc,45.0531,-0.7971,3.0,3.0,False,Inconnue,,
2016,2016-08-13 20:32:00,8,33,Landes de Gascogne,33297,Moulis-en-Médoc,45.0531,-0.7971,0.015,0.015,False,Inconnue,,
2016,2016-08-14 15:25:00,8,06,Alpes-Maritimes,06158,Villars-sur-Var,43.9564,7.076,0.2048,0.0,False,Involontaire (particulier),,
2016,2016-08-14 20:04:00,8,33,Landes de Gascogne,33547,Villandraut,44.4502,-0.381,0.003,0.003,False,Inconnue,,
2016,2016-08-15 16:24:00,8,33,Landes de Gascogne,33097,Carcans,45.0794,-1.0404,0.03,0.03,False,Inconnue,,
2016,2016-08-15 20:14:00,8,40,Landes de Gascogne,40303,Solférino,44.1155,-0.907,0.07,0.07,False,Naturelle,,
2016,2016-08-16 03:30:00,8,33,Landes de Gascogne,33236,Lège-Cap-Ferret,44.7452,-1.174,0.01,0.01,False,Accidentelle,,
2016,2016-08-16 11:12:00,8,40,Landes de Gascogne,40227,Pissos,44.3012,-0.7906,0.7,0.7,False,Inconnue,,
2016,2016-08-16 14:33:00,8,33,Landes de Gascogne,33104,Castelnau-de-Médoc,45.0033,-0.8162,0.03,0.03,False,Accidentelle,,
2016,2016-08-16 15:20:00,8,06,Alpes-Maritimes,06049,Courmes,43.7514,7.0196,2.0771,0.0,False,Involontaire (particulier),,
2016,2016-08-16 17:37:00,8,40,Landes de Gascogne,40227,Pissos,44.3012,-0.7906,0.0015,0.0015,False,Inconnue,,
2016,2016-08-16 20:16:00,8,40,Landes de Gascogne,40164,Retjons,44.1399,-0.2929,12.0,12.0,False,Inconnue,,
2016,2016-08-16 21:20:00,8,06,Alpes-Maritimes,06024,Briançonnet,43.8654,6.7325,0.0006,0.0,False,Inconnue,,
2016,2016-08-17 18:36:00,8,40,Landes de Gascogne,40246,Sabres,44.1532,-0.7332,0.7,0.7,False,Naturelle,,
2016,2016-08-18 12:34:00,8,06,Alpes-Maritimes,06151,Utelle,43.9392,7.2458,0.0039,0.0039,False,Naturelle,,
2016,2016-08-18 16:26:00,8,06,Alpes-Maritimes,06157,Vence,43.7373,7.0995,10.3608,0.0,False,Inconnue,,
2016,2016-08-19 15:48:00,8,33,Landes de Gascogne,33218,Lagorce,45.0813,-0.1606,0.4,0.4,False,Inconnue,,
2016,2016-08-21 15:57:00,8,33,Landes de Gascogne,33348,Queyrac,45.3565,-0.9952,0.05,0.05,False,Involontaire (particulier),,
2016,2016-08-22 15:28:00,8,33,Landes de Gascogne,33192,Gradignan,44.7681,-0.6163,0.15,0.15,False,Inconnue,,
2016,2016-08-22 17:12:00,8,33,Landes de Gascogne,33490,Saint-Vivien-de-Médoc,45.4678,-0.9975,1.5,0.5,False,Inconnue,,
2016,2016-08-22 17:24:00,8,33,Landes de Gascogne,33203,Hourtin,45.1831,-1.0534,0.01,0.01,False,Inconnue,,
2016,2016-08-23 12:05:00,8,33,Landes de Gascogne,33155,Escaudes,44.3174,-0.2043,0.35,0.35,False,Involontaire (travaux),,
2016,2016-08-23 17:07:00,8,40,Landes de Gascogne,40157,Lit-et-Mixe,44.0273,-1.2704,1.05,1.05,False,Malveillance,,
2016,2016-08-23 17:07:00,8,40,Landes de Gascogne,40157,Lit-et-Mixe,44.0273,-1.2704,3.0,3.0,False,Malveillance,,
2016,2016-08-23 17:48:00,8,06,Alpes-Maritimes,06075,Levens,43.8501,7.2358,0.0113,0.0113,False,Inconnue,,
2016,2016-08-24 14:21:00,8,40,Landes de Gascogne,40171,Mano,44.4288,-0.6703,27.0,27.0,False,Inconnue,,
2016,2016-08-24 14:39:00,8,33,Landes de Gascogne,33202,Hostens,44.4834,-0.6616,2.82,2.82,False,Inconnue,,
2016,2016-08-24 15:42:00,8,33,Landes de Gascogne,33474,Saint-Selve,44.6574,-0.4726,1.05,1.05,False,Inconnue,,
2016,2016-08-24 17:48:00,8,33,Landes de Gascogne,33322,Le Pian-Médoc,44.9555,-0.6737,2.5,2.5,False,Inconnue,,
2016,2016-08-25 14:34:00,8,33,Landes de Gascogne,33362,Sablons,45.0233,-0.1822,0.03,0.03,False,Malveillance,,
2016,2016-08-25 15:36:00,8,33,Landes de Gascogne,33264,Maransin,45.0748,-0.26,2.0,2.0,False,Inconnue,,
2016,2016-08-26 13:03:00,8,33,Landes de Gascogne,33086,Camiac-et-Saint-Denis,44.7956,-0.292,0.1803,0.0003,False,Inconnue,,
2016,2016-08-26 16:10:00,8,33,Landes de Gascogne,33036,Bazas,44.4409,-0.2177,0.04,0.04,False,Inconnue,,
2016,2016-08-26 17:46:00,8,33,Landes de Gascogne,33036,Bazas,44.4409,-0.2177,0.001,0.001,False,Inconnue,,
2016,2016-08-27 03:59:00,8,40,Landes de Gascogne,40192,Mont-de-Marsan,43.8931,-0.5009,0.05,0.05,False,Inconnue,,
2016,2016-08-27 14:13:00,8,33,Landes de Gascogne,33476,Saint-Seurin-de-Cadourne,45.2935,-0.7877,0.3,0.3,False,Inconnue,,
2016,2016-08-27 15:11:00,8,33,Landes de Gascogne,33005,Andernos-les-Bains,44.7529,-1.082,0.06,0.03,False,Inconnue,,
2016,2016-08-27 21:59:00,8,40,Landes de Gascogne,40210,Onesse-Laharie,44.063,-1.0224,4.5,4.5,False,Inconnue,,
2016,2016-08-28 06:41:00,8,33,Landes de Gascogne,33318,Pessac,44.786,-0.681,0.15,0.15,False,Inconnue,,
2016,2016-08-28 12:00:00,8,40,Landes de Gascogne,40085,Commensacq,44.2082,-0.8272,0.03,0.03,False,Naturelle,,
2016,2016-08-28 14:53:00,8,33,Landes de Gascogne,33473,Saint-Savin,45.1611,-0.4449,0.09,0.09,False,Inconnue,,
2016,2016-08-28 21:40:00,8,40,Landes de Gascogne,40313,Tartas,43.8156,-0.7791,0.05,0.05,False,Inconnue,,
2016,2016-08-29 20:24:00,8,40,Landes de Gascogne,40123,Herm,43.8013,-1.1332,0.015,0.015,False,Inconnue,,
2016,2016-08-30 08:33:00,8,40,Landes de Gascogne,40297,Le Sen,44.139,-0.5067,0.2,0.2,False,Accidentelle,,
2016,2016-08-30 11:55:00,8,06,Alpes-Maritimes,06136,Sospel,43.8872,7.4493,0.0014,0.0014,False,Naturelle,,
2016,2016-08-30 12:17:00,8,33,Landes de Gascogne,33439,Saint-Mariens,45.1228,-0.4093,0.01,0.01,False,Accidentelle,,
2016,2016-08-30 13:07:00,8,40,Landes de Gascogne,40267,Saint-Justin,43.9907,-0.2265,1.3,1.0,False,Inconnue,,
2016,2016-08-30 14:35:00,8,33,Landes de Gascogne,33338,Prignac-en-Médoc,,,2.0,2.0,False,Inconnue,,
2016,2016-08-30 15:48:00,8,06,Alpes-Maritimes,06091,Peille,43.8043,7.4088,0.0005,0.0005,False,Naturelle,,
2016,2016-08-31 11:43:00,8,40,Landes de Gascogne,40043,Bias,44.1347,-1.2379,0.132,0.12,False,Accidentelle,,
2016,2016-08-31 11:43:00,8,40,Landes de Gascogne,40043,Bias,44.1347,-1.2379,0.2524,0.249,False,Accidentelle,,
2016,2016-08-31 11:43:00,8,40,Landes de Gascogne,40043,Bias,44.1347,-1.2379,0.383,0.379,False,Accidentelle,,
2016,2016-08-31 15:00:00,8,33,Landes de Gascogne,33329,Pompéjac,44.3986,-0.2997,5.5,5.5,False,Inconnue,,
2016,2016-08-31 17:33:00,8,33,Landes de Gascogne,33063,Bordeaux,44.8624,-0.5848,0.005,0.005,False,Inconnue,,
2016,2016-09-01 13:20:00,9,33,Landes de Gascogne,33385,Saint-Christophe-de-Double,45.0838,0.0233,6.0,6.0,False,Inconnue,,
2016,2016-09-01 15:53:00,9,33,Landes de Gascogne,33502,Saugon,45.1864,-0.5006,0.15,0.15,False,Inconnue,,
2016,2016-09-01 17:34:00,9,40,Landes de Gascogne,40075,Castets,43.8806,-1.1487,2.0,2.0,False,Inconnue,,
2016,2016-09-01 20:27:00,9,40,Landes de Gascogne,40114,Gourbera,43.8068,-1.0422,0.41,0.41,False,Inconnue,,
2016,2016-09-01 22:30:00,9,33,Landes de Gascogne,33213,La Brède,44.6777,-0.5396,2.0,2.0,False,Accidentelle,,
2016,2016-09-02 10:20:00,9,33,Landes de Gascogne,33019,Audenge,44.7133,-0.9533,0.1,0.1,False,Inconnue,,
2016,2016-09-02 13:32:00,9,40,Landes de Gascogne,40243,Rion-des-Landes,43.9318,-0.9436,3.0,3.0,False,Inconnue,,
2016,2016-09-02 15:15:00,9,33,Landes de Gascogne,33005,Andernos-les-Bains,44.7529,-1.082,0.005,0.005,False,Inconnue,,
2016,2016-09-02 15:45:00,9,33,Landes de Gascogne,33090,Canéjan,44.7572,-0.659,0.2,0.2,False,Inconnue,,
2016,2016-09-02 16:31:00,9,33,Landes de Gascogne,33329,Pompéjac,44.3986,-0.2997,0.0005,0.0005,False,Inconnue,,
2016,2016-09-03 12:47:00,9,33,Landes de Gascogne,33002,Aillas,44.4848,-0.0673,0.04,0.04,False,Inconnue,,
2016,2016-09-03 15:02:00,9,33,Landes de Gascogne,33164,Fargues,44.5362,-0.2926,0.002,0.002,False,Inconnue,,
2016,2016-09-04 00:22:00,9,33,Landes de Gascogne,33538,Valeyrac,45.4057,-0.8768,0.02,0.02,False,Inconnue,,
2016,2016-09-04 02:37:00,9,33,Landes de Gascogne,33091,Cantenac,,,0.1,0.1,False,Inconnue,,
2016,2016-09-05 13:31:00,9,40,Landes de Gascogne,40326,Vielle-Saint-Girons,43.9429,-1.3219,0.01,0.01,False,Involontaire (particulier),,
2016,2016-09-05 16:30:00,9,33,Landes de Gascogne,33484,Saint-Symphorien,44.4261,-0.5505,0.2,0.2,False,Inconnue,,
2016,2016-09-05 16:48:00,9,40,Landes de Gascogne,40182,Mézos,44.0848,-1.141,0.12,0.12,False,Involontaire (travaux),,
2016,2016-09-06 00:33:00,9,33,Landes de Gascogne,33177,Gaillan-en-Médoc,45.3135,-0.9946,0.2,0.2,False,Inconnue,,
2016,2016-09-06 11:57:00,9,40,Landes de Gascogne,40217,Parentis-en-Born,44.3527,-1.0879,2.5,2.5,False,Inconnue,,
2016,2016-09-06 12:44:00,9,33,Landes de Gascogne,33417,Sainte-Hélène,44.9653,-0.9071,0.1,0.1,False,Inconnue,,
2016,2016-09-06 16:09:00,9,33,Landes de Gascogne,33011,Arès,44.7997,-1.0837,0.02,0.02,False,Inconnue,,
2016,2016-09-06 16:52:00,9,33,Landes de Gascogne,33500,Samonac,45.0709,-0.5715,1.5,1.5,False,Accidentelle,,
2016,2016-09-06 16:53:00,9,06,Alpes-Maritimes,06157,Vence,43.7373,7.0995,64.97,0.0,False,Inconnue,,
2016,2016-09-06 20:18:00,9,33,Landes de Gascogne,33179,Galgon,44.991,-0.278,0.15,0.15,False,Inconnue,,
2016,2016-09-06 21:48:00,9,33,Landes de Gascogne,33510,Semens,44.6135,-0.233,0.06,0.06,False,Inconnue,,
2016,2016-09-07 01:02:00,9,33,Landes de Gascogne,33382,Saint-Christoly-de-Blaye,45.1499,-0.4967,0.4,0.4,False,Inconnue,,
2016,2016-09-07 10:22:00,9,40,Landes de Gascogne,40075,Castets,43.8806,-1.1487,0.061,0.061,False,Inconnue,,
2016,2016-09-07 13:19:00,9,40,Landes de Gascogne,40323,Vert,44.0955,-0.6138,0.4,0.4,False,Inconnue,,
2016,2016-09-07 13:48:00,9,40,Landes de Gascogne,40319,Trensacq,44.232,-0.7015,49.5,49.5,False,Inconnue,,
2016,2016-09-07 14:36:00,9,33,Landes de Gascogne,33382,Saint-Christoly-de-Blaye,45.1499,-0.4967,0.06,0.06,False,Inconnue,,
2016,2016-09-07 15:28:00,9,33,Landes de Gascogne,33272,Marsas,45.0628,-0.3769,2.0,2.0,False,Inconnue,,
2016,2016-09-07 16:27:00,9,06,Alpes-Maritimes,06085,Mougins,43.5931,7.0046,0.0354,0.0166,False,Involontaire (particulier),,
2016,2016-09-07 17:19:00,9,40,Landes de Gascogne,40266,Saint-Julien-en-Born,44.0854,-1.2551,1.2,1.2,False,Inconnue,,
2016,2016-09-07 18:38:00,9,33,Landes de Gascogne,33077,Cabanac-et-Villagrains,44.5889,-0.5412,0.2,0.2,False,Inconnue,,
2016,2016-09-08 01:33:00,9,33,Landes de Gascogne,33322,Le Pian-Médoc,44.9555,-0.6737,0.1,0.1,False,Inconnue,,
2016,2016-09-08 02:12:00,9,33,Landes de Gascogne,33322,Le Pian-Médoc,44.9555,-0.6737,0.3,0.3,False,Inconnue,,
2016,2016-09-08 09:30:00,9,33,Landes de Gascogne,33240,Lesparre-Médoc,45.2796,-0.9235,0.02,0.02,False,Inconnue,,
2016,2016-09-08 12:50:00,9,33,Landes de Gascogne,33233,Laruscade,45.1206,-0.3394,1.0,1.0,False,Inconnue,,
2016,2016-09-08 15:17:00,9,33,Landes de Gascogne,33273,Martignas-sur-Jalle,44.8451,-0.8006,8.0,8.0,False,Accidentelle,,
2016,2016-09-08 18:22:00,9,33,Landes de Gascogne,33053,Birac,44.4144,-0.1457,0.28,0.28,False,Inconnue,,
2016,2016-09-08 23:46:00,9,33,Landes de Gascogne,33115,Cazalis,44.3304,-0.3875,1.0,1.0,False,Inconnue,,
2016,2016-09-09 09:35:00,9,40,Landes de Gascogne,40184,Mimizan,44.1996,-1.2323,0.05,0.05,False,Inconnue,,
2016,2016-09-09 17:10:00,9,33,Landes de Gascogne,33382,Saint-Christoly-de-Blaye,45.1499,-0.4967,1.5,1.5,False,Inconnue,,
2016,2016-09-09 19:29:00,9,33,Landes de Gascogne,33151,Donnezac,45.2397,-0.4468,0.2,0.2,False,Inconnue,,
2016,2016-09-09 20:46:00,9,33,Landes de Gascogne,33382,Saint-Christoly-de-Blaye,45.1499,-0.4967,0.4,0.4,False,Inconnue,,
2016,2016-09-10 02:58:00,9,33,Landes de Gascogne,33474,Saint-Selve,44.6574,-0.4726,0.2,0.2,False,Inconnue,,
2016,2016-09-10 10:48:00,9,40,Landes de Gascogne,40261,Saint-Geours-de-Maremne,43.6854,-1.2348,0.002,0.002,False,Naturelle,,
2016,2016-09-10 12:00:00,9,33,Landes de Gascogne,33351,Reignac,45.2292,-0.5179,0.01,0.01,False,Inconnue,,
2016,2016-09-10 13:32:00,9,40,Landes de Gascogne,40310,Soustons,43.754,-1.3305,0.4,0.4,False,Naturelle,,
2016,2016-09-10 14:12:00,9,40,Landes de Gascogne,40168,Magescq,43.7753,-1.1841,1.0,1.0,False,Naturelle,,
2016,2016-09-10 17:40:00,9,33,Landes de Gascogne,33100,Cars,45.1272,-0.616,0.001,0.001,False,Inconnue,,
2016,2016-09-10 21:46:00,9,33,Landes de Gascogne,33393,Saint-Denis-de-Pile,44.9893,-0.1833,0.15,0.15,False,Inconnue,,
2016,2016-09-11 14:35:00,9,33,Landes de Gascogne,33272,Marsas,45.0628,-0.3769,0.06,0.06,False,Inconnue,,
2016,2016-09-11 14:56:00,9,40,Landes de Gascogne,40037,Benquet,43.8207,-0.5069,2.7,2.7,False,Inconnue,,
2016,2016-09-11 15:46:00,9,40,Landes de Gascogne,40184,Mimizan,44.1996,-1.2323,0.7,0.7,False,Inconnue,,
2016,2016-09-12 13:44:00,9,33,Landes de Gascogne,33498,Salles,44.536,-0.8899,57.02,57.02,False,Inconnue,,
2016,2016-09-12 14:03:00,9,33,Landes de Gascogne,33230,Lapouyade,45.1094,-0.2854,0.5,0.5,False,Inconnue,,
2016,2016-09-12 14:30:00,9,33,Landes de Gascogne,33233,Laruscade,45.1206,-0.3394,46.0,46.0,False,Inconnue,,
2016,2016-09-12 20:52:00,9,33,Landes de Gascogne,33261,Lussac,44.9683,-0.0878,0.065,0.065,False,Inconnue,,
2016,2016-09-12 21:55:00,9,33,Landes de Gascogne,33385,Saint-Christophe-de-Double,45.0838,0.0233,5.0,1.5,False,Inconnue,,
2016,2016-09-13 00:13:00,9,33,Landes de Gascogne,33122,Cestas,44.7274,-0.7349,0.2,0.2,False,Inconnue,,
2016,2016-09-13 00:26:00,9,40,Landes de Gascogne,40310,Soustons,43.754,-1.3305,0.01,0.01,False,Inconnue,,
2016,2016-09-13 00:26:00,9,40,Landes de Gascogne,40310,Soustons,43.754,-1.3305,1.11,1.11,False,Inconnue,,
2016,2016-09-13 00:26:00,9,40,Landes de Gascogne,40310,Soustons,43.754,-1.3305,0.1,0.1,False,Inconnue,,
2016,2016-09-13 10:02:00,9,33,Landes de Gascogne,33478,Saint-Seurin-sur-l'Isle,45.0093,-0.004,0.01,0.005,False,Inconnue,,
2016,2016-09-13 11:23:00,9,33,Landes de Gascogne,33547,Villandraut,44.4502,-0.381,0.03,0.03,False,Inconnue,,
2016,2016-09-13 11:49:00,9,33,Landes de Gascogne,33547,Villandraut,44.4502,-0.381,0.09,0.09,False,Inconnue,,
2016,2016-09-13 12:12:00,9,33,Landes de Gascogne,33452,Saint-Michel-de-Rieufret,44.6273,-0.4453,0.03,0.03,False,Naturelle,,
2016,2016-09-13 14:39:00,9,40,Landes de Gascogne,40217,Parentis-en-Born,44.3527,-1.0879,0.0005,0.0005,False,Naturelle,,
2016,2016-09-13 17:20:00,9,33,Landes de Gascogne,33237,Léogeats,44.5053,-0.3648,0.05,0.05,False,Naturelle,,
2016,2016-09-13 18:49:00,9,33,Landes de Gascogne,33237,Léogeats,44.5053,-0.3648,0.001,0.001,False,Naturelle,,
2016,2016-09-13 19:36:00,9,33,Landes de Gascogne,33124,Chamadelle,45.0975,-0.0883,0.015,0.015,False,Naturelle,,
2016,2016-09-14 15:49:00,9,33,Landes de Gascogne,33051,Biganos,44.6599,-0.9582,0.002,0.002,False,Naturelle,,
2016,2016-09-14 18:23:00,9,06,Alpes-Maritimes,06019,Blausasc,43.7938,7.357,0.1994,0.1994,False,Accidentelle,,
2016,2016-09-15 08:48:00,9,40,Landes de Gascogne,40287,Sanguinet,44.4776,-1.0903,0.0005,0.0005,False,Naturelle,,
2016,2016-09-15 14:13:00,9,40,Landes de Gascogne,40046,Biscarrosse,44.4077,-1.1525,0.0053,0.0003,False,Naturelle,,
2016,2016-09-20 20:03:00,9,33,Landes de Gascogne,33341,Pugnac,45.0825,-0.5003,0.08,0.08,False,Accidentelle,,
2016,2016-09-22 11:08:00,9,40,Landes de Gascogne,40182,Mézos,44.0848,-1.141,0.15,0.15,False,Inconnue,,
2016,2016-09-22 15:08:00,9,33,Landes de Gascogne,33527,Le Teich,44.5805,-1.0234,0.5,0.5,False,Inconnue,,
2016,2016-09-22 15:24:00,9,40,Landes de Gascogne,40164,Retjons,44.1399,-0.2929,7.7,7.7,False,Inconnue,,
2016,2016-09-22 15:24:00,9,40,Landes de Gascogne,40164,Retjons,44.1399,-0.2929,14.0,14.0,False,Inconnue,,
2016,2016-09-23 16:53:00,9,33,Landes de Gascogne,33473,Saint-Savin,45.1611,-0.4449,5.0,1.0,False,Inconnue,,
2016,2016-09-26 14:28:00,9,33,Landes de Gascogne,33307,Noaillan,44.4812,-0.3698,1.0,1.0,False,Inconnue,,
2016,2016-09-26 17:28:00,9,33,Landes de Gascogne,33502,Saugon,45.1864,-0.5006,0.2,0.2,False,Inconnue,,
2016,2016-09-26 17:41:00,9,33,Landes de Gascogne,33473,Saint-Savin,45.1611,-0.4449,0.3,0.3,False,Inconnue,,
2016,2016-09-27 17:24:00,9,40,Landes de Gascogne,40262,Saint-Gor,44.0752,-0.2367,0.15,0.15,False,Involontaire (travaux),,
2016,2016-09-27 17:55:00,9,33,Landes de Gascogne,33293,Montussan,44.8843,-0.4294,0.001,0.001,False,Accidentelle,,
2016,2016-09-28 04:32:00,9,33,Landes de Gascogne,33076,Budos,44.537,-0.4058,0.02,0.02,False,Accidentelle,,
2016,2016-09-28 16:14:00,9,33,Landes de Gascogne,33357,Roaillan,44.5086,-0.2804,0.1,0.1,False,Inconnue,,
2016,2016-09-28 17:10:00,9,33,Landes de Gascogne,33262,Macau,45.0112,-0.6086,0.06,0.06,False,Inconnue,,
2016,2016-09-29 13:34:00,9,33,Landes de Gascogne,33073,Braud-et-Saint-Louis,45.2569,-0.6581,1.4,1.4,False,Inconnue,,
2016,2016-09-29 13:40:00,9,33,Landes de Gascogne,33199,Gujan-Mestras,44.5758,-1.0813,0.0002,0.0002,False,Inconnue,,
2016,2016-09-29 16:04:00,9,33,Landes de Gascogne,33417,Sainte-Hélène,44.9653,-0.9071,0.025,0.025,False,Accidentelle,,
2016,2016-09-29 18:49:00,9,33,Landes de Gascogne,33184,Générac,45.1769,-0.5481,0.05,0.05,False,Inconnue,,
2016,2016-09-30 23:27:00,9,33,Landes de Gascogne,33450,Saint-Michel-de-Castelnau,44.2882,-0.0939,1.0,1.0,False,Inconnue,,
2016,2016-10-02 17:50:00,10,06,Alpes-Maritimes,06126,Saint-Martin-du-Var,43.8168,7.2012,0.066,0.066,False,Involontaire (particulier),,
2016,2016-10-02 18:28:00,10,33,Landes de Gascogne,33450,Saint-Michel-de-Castelnau,44.2882,-0.0939,0.04,0.04,False,Inconnue,,
2016,2016-10-03 14:56:00,10,33,Landes de Gascogne,33214,Lacanau,44.9879,-1.096,0.7,0.7,False,Inconnue,,
2016,2016-10-03 16:42:00,10,06,Alpes-Maritimes,06057,L'Escarène,43.8303,7.3665,0.577,0.577,False,Involontaire (particulier),,
2016,2016-10-04 23:43:00,10,33,Landes de Gascogne,33422,Saint-Jean-d'Illac,44.7973,-0.8156,0.1,0.1,False,Accidentelle,,
2016,2016-10-08 14:37:00,10,06,Alpes-Maritimes,06114,Saint-André-de-la-Roche,43.7455,7.2875,0.4004,0.1882,False,Involontaire (particulier),,
2016,2016-10-08 20:56:00,10,33,Landes de Gascogne,33051,Biganos,44.6599,-0.9582,0.5,0.5,False,Inconnue,,
2016,2016-10-09 15:37:00,10,33,Landes de Gascogne,33199,Gujan-Mestras,44.5758,-1.0813,0.03,0.03,False,Inconnue,,
2016,2016-10-09 16:45:00,10,33,Landes de Gascogne,33397,Sainte-Eulalie,44.9027,-0.48,0.0001,0.0001,False,Inconnue,,
2016,2016-10-11 07:43:00,10,33,Landes de Gascogne,33527,Le Teich,44.5805,-1.0234,0.2,0.2,False,Inconnue,,
2016,2016-10-11 14:11:00,10,33,Landes de Gascogne,33527,Le Teich,44.5805,-1.0234,0.5,0.5,False,Inconnue,,
2016,2016-10-11 19:30:00,10,33,Landes de Gascogne,33262,Macau,45.0112,-0.6086,0.05,0.05,False,Malveillance,,
2016,2016-10-12 16:03:00,10,33,Landes de Gascogne,33009,Arcachon,44.6515,-1.1718,0.003,0.003,False,Inconnue,,
2016,2016-10-12 19:45:00,10,33,Landes de Gascogne,33496,Sallebœuf,44.8423,-0.392,0.0015,0.0015,False,Inconnue,,
2016,2016-10-18 10:39:00,10,33,Landes de Gascogne,33007,Arbanats,44.6679,-0.4025,0.002,0.002,False,Inconnue,,
2016,2016-10-18 19:19:00,10,33,Landes de Gascogne,33262,Macau,45.0112,-0.6086,0.001,0.001,False,Inconnue,,
2016,2016-10-19 14:43:00,10,33,Landes de Gascogne,33003,Ambarès-et-Lagrave,44.9517,-0.5,0.0005,0.0005,False,Malveillance,,
2016,2016-10-20 15:42:00,10,33,Landes de Gascogne,33473,Saint-Savin,45.1611,-0.4449,0.01,0.01,False,Inconnue,,
2016,2016-10-22 15:48:00,10,06,Alpes-Maritimes,06088,Nice,43.7032,7.2528,0.264,0.264,False,Involontaire (particulier),,
2016,2016-10-23 17:57:00,10,40,Landes de Gascogne,40281,Saint-Pierre-du-Mont,43.8725,-0.52,0.05,0.05,False,Accidentelle,,
2016,2016-10-28 14:37:00,10,06,Alpes-Maritimes,06163,Tende,44.0971,7.5499,1.99,1.9,False,Inconnue,,
2016,2016-10-30 16:09:00,10,40,Landes de Gascogne,40217,Parentis-en-Born,44.3527,-1.0879,0.0003,0.0003,False,Involontaire (particulier),,
2016,2016-10-31 15:10:00,10,33,Landes de Gascogne,33203,Hourtin,45.1831,-1.0534,0.1,0.1,False,Involontaire (particulier),,
2016,2016-11-03 14:01:00,11,33,Landes de Gascogne,33056,Blanquefort,44.9216,-0.61,0.05,0.05,False,Accidentelle,,
2016,2016-11-07 08:40:00,11,33,Landes de Gascogne,33104,Castelnau-de-Médoc,45.0033,-0.8162,0.005,0.005,False,Malveillance,,
2016,2016-11-23 23:04:00,11,33,Landes de Gascogne,33459,Saint-Pey-d'Armens,44.8539,-0.1165,0.0015,0.0015,False,Accidentelle,,
2016,2016-12-01 15:43:00,12,06,Alpes-Maritimes,06074,Lantosque,43.9787,7.3121,0.317,0.317,False,Inconnue,,
2016,2016-12-08 15:08:00,12,33,Landes de Gascogne,33529,La Teste-de-Buch,44.586,-1.1809,0.003,0.003,False,Accidentelle,,
2016,2016-12-08 16:16:00,12,06,Alpes-Maritimes,06074,Lantosque,43.9787,7.3121,1.192,1.192,False,Malveillance,,
2016,2016-12-12 19:54:00,12,06,Alpes-Maritimes,06077,Lucéram,43.8997,7.3506,0.032,0.032,False,Inconnue,,
2016,2016-12-13 14:22:00,12,06,Alpes-Maritimes,06151,Utelle,43.9392,7.2458,0.1,0.047,False,Inconnue,,
2016,2016-12-13 17:32:00,12,06,Alpes-Maritimes,06074,Lantosque,43.9787,7.3121,14.37,13.77,False,Inconnue,,
2016,2016-12-29 13:58:00,12,06,Alpes-Maritimes,06103,Roquebillière,44.0282,7.2885,32.305,3.305,False,Malveillance,,
2017,2017-01-03 13:05:00,1,06,Alpes-Maritimes,06104,Roquebrune-Cap-Martin,43.7638,7.4576,0.45,0.45,False,Involontaire (particulier),,
2017,2017-01-04 13:32:00,1,06,Alpes-Maritimes,06050,Coursegoules,43.7898,7.0384,1.42,1.42,False,Malveillance,,
2017,2017-01-04 13:56:00,1,06,Alpes-Maritimes,06091,Peille,43.8043,7.4088,1.65,1.65,False,Involontaire (particulier),,
2017,2017-01-04 15:56:00,1,06,Alpes-Maritimes,06049,Courmes,43.7514,7.0196,0.314,0.0,False,Malveillance,,
2017,2017-01-04 16:16:00,1,06,Alpes-Maritimes,06049,Courmes,43.7514,7.0196,0.941,0.0,False,Malveillance,,
2017,2017-01-06 11:13:00,1,06,Alpes-Maritimes,06077,Lucéram,43.8997,7.3506,7.93,7.0,False,Involontaire (travaux),,
2017,2017-01-13 13:58:00,1,06,Alpes-Maritimes,06103,Roquebillière,44.0282,7.2885,0.02,0.02,False,Malveillance,,
2017,2017-01-13 17:48:00,1,06,Alpes-Maritimes,06074,Lantosque,43.9787,7.3121,23.303,23.303,False,Malveillance,,
2017,2017-01-16 16:23:00,1,06,Alpes-Maritimes,06041,Cipières,43.7665,6.9229,3.726,0.0,False,Malveillance,,
2017,2017-01-17 14:36:00,1,06,Alpes-Maritimes,06066,Gilette,43.8436,7.1602,0.0905,0.0905,False,Involontaire (particulier),,
2017,2017-01-18 17:37:00,1,33,Landes de Gascogne,33015,Arveyres,44.89,-0.2798,0.002,0.002,False,Accidentelle,,
2017,2017-01-19 11:55:00,1,06,Alpes-Maritimes,06070,Gréolières,43.8037,6.9296,3.227,3.227,False,Malveillance,,
2017,2017-01-19 16:27:00,1,06,Alpes-Maritimes,06041,Cipières,43.7665,6.9229,1.5,0.705,False,Malveillance,,
2017,2017-01-20 21:47:00,1,06,Alpes-Maritimes,06050,Coursegoules,43.7898,7.0384,0.06,0.06,False,Malveillance,,
2017,2017-01-21 14:48:00,1,40,Landes de Gascogne,40229,Pontenx-les-Forges,44.2554,-1.0914,8.0,8.0,False,Inconnue,,
2017,2017-01-21 17:03:00,1,06,Alpes-Maritimes,06049,Courmes,43.7514,7.0196,3.187,0.0,False,Malveillance,,
2017,2017-01-25 14:14:00,1,06,Alpes-Maritimes,06157,Vence,43.7373,7.0995,6.122,0.0,False,Involontaire (travaux),,
2017,2017-01-25 17:11:00,1,06,Alpes-Maritimes,06074,Lantosque,43.9787,7.3121,0.096,0.0,False,Malveillance,,
2017,2017-01-25 17:50:00,1,06,Alpes-Maritimes,06017,Bézaudun-les-Alpes,43.8026,7.0908,0.519,0.0,False,Inconnue,,
2017,2017-02-01 18:56:00,2,06,Alpes-Maritimes,06074,Lantosque,43.9787,7.3121,1.326,0.026,False,Inconnue,,
2017,2017-02-13 06:04:00,2,40,Landes de Gascogne,40161,Lubbon,44.1097,-0.0127,1.06,1.06,False,Accidentelle,,
2017,2017-02-13 17:15:00,2,06,Alpes-Maritimes,06050,Coursegoules,43.7898,7.0384,1.423,0.123,False,Inconnue,,
2017,2017-02-18 12:42:00,2,40,Landes de Gascogne,40217,Parentis-en-Born,44.3527,-1.0879,0.65,0.65,False,Inconnue,,
2017,2017-02-18 14:37:00,2,06,Alpes-Maritimes,06080,Marie,44.0319,7.1668,0.624,0.624,False,Inconnue,,
2017,2017-02-19 13:11:00,2,06,Alpes-Maritimes,06103,Roquebillière,44.0282,7.2885,1.468,1.468,False,Inconnue,,
2017,2017-02-20 05:23:00,2,33,Landes de Gascogne,33019,Audenge,44.7133,-0.9533,0.5,0.5,False,Malveillance,,
2017,2017-02-21 14:18:00,2,40,Landes de Gascogne,40167,Luxey,44.2382,-0.5061,6.0,6.0,False,Involontaire (particulier),,
2017,2017-02-21 14:50:00,2,06,Alpes-Maritimes,06050,Coursegoules,43.7898,7.0384,8.037,0.0,False,Malveillance,,
2017,2017-02-22 13:32:00,2,06,Alpes-Maritimes,06050,Coursegoules,43.7898,7.0384,0.517,0.0,False,Malveillance,,
2017,2017-02-23 14:14:00,2,06,Alpes-Maritimes,06103,Roquebillière,44.0282,7.2885,2.7,2.7,False,Inconnue,,
2017,2017-02-24 15:18:00,2,40,Landes de Gascogne,40184,Mimizan,44.1996,-1.2323,0.004,0.004,False,Involontaire (particulier),,
2017,2017-02-25 16:42:00,2,06,Alpes-Maritimes,06074,Lantosque,43.9787,7.3121,0.011,0.011,False,Involontaire (travaux),,
2017,2017-02-26 10:46:00,2,06,Alpes-Maritimes,06156,Venanson,44.0412,7.2386,9.901,9.901,False,Involontaire (particulier),,
2017,2017-02-27 19:35:00,2,33,Landes de Gascogne,33302,Néac,44.9434,-0.1795,0.03,0.015,False,Naturelle,,
2017,2017-03-01 19:37:00,3,06,Alpes-Maritimes,06017,Bézaudun-les-Alpes,43.8026,7.0908,4.217,0.0,False,Involontaire (particulier),,
2017,2017-03-07 18:59:00,3,06,Alpes-Maritimes,06074,Lantosque,43.9787,7.3121,0.005,0.0,False,Inconnue,,
2017,2017-03-08 11:52:00,3,06,Alpes-Maritimes,06022,Bouyon,43.8272,7.125,31.048,5.0,False,Inconnue,,
2017,2017-03-08 14:26:00,3,06,Alpes-Maritimes,06070,Gréolières,43.8037,6.9296,1.371,1.371,False,Malveillance,,
2017,2017-03-08 14:26:00,3,06,Alpes-Maritimes,06050,Coursegoules,43.7898,7.0384,0.923,0.923,False,Malveillance,,
2017,2017-03-08 22:47:00,3,06,Alpes-Maritimes,06077,Lucéram,43.8997,7.3506,0.024,0.024,False,Malveillance,,
2017,2017-03-08 22:47:00,3,06,Alpes-Maritimes,06077,Lucéram,43.8997,7.3506,1.863,1.863,False,Malveillance,,
2017,2017-03-08 23:26:00,3,06,Alpes-Maritimes,06043,Coaraze,43.8693,7.3014,0.044,0.044,False,Inconnue,,
2017,2017-03-08 23:26:00,3,06,Alpes-Maritimes,06043,Coaraze,43.8693,7.3014,0.011,0.011,False,Inconnue,,
2017,2017-03-10 12:58:00,3,06,Alpes-Maritimes,06069,Grasse,43.656,6.937,0.331,0.331,False,Inconnue,,
2017,2017-03-15 11:52:00,3,06,Alpes-Maritimes,06151,Utelle,43.9392,7.2458,0.392,0.392,False,Inconnue,,
2017,2017-03-15 14:50:00,3,06,Alpes-Maritimes,06092,Peillon,43.7727,7.3668,0.029,0.029,False,Involontaire (particulier),,
2017,2017-03-15 16:16:00,3,06,Alpes-Maritimes,06049,Courmes,43.7514,7.0196,4.917,0.0,False,Malveillance,,
2017,2017-03-15 16:16:00,3,06,Alpes-Maritimes,06049,Courmes,43.7514,7.0196,4.722,2.022,False,Malveillance,,
2017,2017-03-15 16:53:00,3,33,Landes de Gascogne,33051,Biganos,44.6599,-0.9582,0.3,0.3,False,Inconnue,,
2017,2017-03-15 17:48:00,3,06,Alpes-Maritimes,06103,Roquebillière,44.0282,7.2885,4.9,4.9,False,Malveillance,,
2017,2017-03-15 20:15:00,3,06,Alpes-Maritimes,06103,Roquebillière,44.0282,7.2885,3.844,3.844,False,Malveillance,,
2017,2017-03-17 00:53:00,3,06,Alpes-Maritimes,06055,Duranus,43.8954,7.2796,0.669,0.669,False,Inconnue,,
2017,2017-03-17 11:27:00,3,06,Alpes-Maritimes,06136,Sospel,43.8872,7.4493,0.033,0.033,False,Involontaire (particulier),,
2017,2017-03-18 11:17:00,3,06,Alpes-Maritimes,06042,Clans,44.003,7.1827,8.837,8.837,False,Inconnue,,
2017,2017-03-19 04:46:00,3,33,Landes de Gascogne,33449,Saint-Médard-en-Jalles,44.8861,-0.7823,0.3,0.3,False,Inconnue,,
2017,2017-03-19 14:15:00,3,33,Landes de Gascogne,33233,Laruscade,45.1206,-0.3394,0.15,0.15,False,Inconnue,,
2017,2017-03-20 13:30:00,3,06,Alpes-Maritimes,06098,Puget-Rostang,44.0056,6.9333,0.236,0.236,False,Inconnue,,
2017,2017-03-25 14:58:00,3,33,Landes de Gascogne,33237,Léogeats,44.5053,-0.3648,0.005,0.005,False,Inconnue,,
2017,2017-03-26 13:58:00,3,33,Landes de Gascogne,33318,Pessac,44.786,-0.681,0.002,0.002,False,Inconnue,,
2017,2017-03-27 16:21:00,3,33,Landes de Gascogne,33012,Arsac,44.9869,-0.7018,4.0,4.0,False,Involontaire (travaux),,
2017,2017-03-28 23:41:00,3,33,Landes de Gascogne,33454,Saint-Morillon,44.6387,-0.5232,0.15,0.15,False,Involontaire (travaux),,
2017,2017-03-30 12:11:00,3,40,Landes de Gascogne,40242,Rimbez-et-Baudiets,44.0594,0.0473,0.03,0.03,False,Inconnue,,
2017,2017-03-30 15:19:00,3,33,Landes de Gascogne,33122,Cestas,44.7274,-0.7349,0.05,0.05,False,Involontaire (particulier),,
2017,2017-03-30 16:49:00,3,06,Alpes-Maritimes,06163,Tende,44.0971,7.5499,0.468,0.468,False,Involontaire (particulier),,
2017,2017-03-31 13:47:00,3,06,Alpes-Maritimes,06009,Bairols,43.9856,7.1174,1.027,1.027,False,Inconnue,,
2017,2017-03-31 17:17:00,3,33,Landes de Gascogne,33056,Blanquefort,44.9216,-0.61,1.5,1.5,False,Inconnue,,
2017,2017-04-06 16:17:00,4,33,Landes de Gascogne,33009,Arcachon,44.6515,-1.1718,0.02,0.02,False,Inconnue,,
2017,2017-04-06 17:34:00,4,33,Landes de Gascogne,33177,Gaillan-en-Médoc,45.3135,-0.9946,0.007,0.007,False,Inconnue,,
2017,2017-04-06 19:30:00,4,33,Landes de Gascogne,33449,Saint-Médard-en-Jalles,44.8861,-0.7823,1.0,1.0,False,Accidentelle,,
2017,2017-04-07 13:38:00,4,06,Alpes-Maritimes,06146,Tournefort,43.942,7.1596,15.125,8.125,False,Malveillance,,
2017,2017-04-10 15:10:00,4,33,Landes de Gascogne,33485,Sainte-Terre,44.8328,-0.1208,0.005,0.005,False,Inconnue,,
2017,2017-04-10 15:48:00,4,06,Alpes-Maritimes,06144,La Tour,43.9645,7.196,0.217,0.217,False,Inconnue,,
2017,2017-04-10 16:02:00,4,33,Landes de Gascogne,33284,Mios,44.6105,-0.8913,1.5,1.5,False,Inconnue,,
2017,2017-04-10 16:08:00,4,33,Landes de Gascogne,33094,Caplong,44.767,0.1507,0.5,0.5,False,Inconnue,,
2017,2017-04-11 08:44:00,4,33,Landes de Gascogne,33056,Blanquefort,44.9216,-0.61,0.05,0.05,False,Involontaire (particulier),,
2017,2017-04-11 19:13:00,4,33,Landes de Gascogne,33214,Lacanau,44.9879,-1.096,0.25,0.25,False,Inconnue,,
2017,2017-04-12 00:13:00,4,33,Landes de Gascogne,33443,Saint-Martin-de-Lerm,44.648,-0.0447,0.2,0.2,False,Inconnue,,
2017,2017-04-12 10:41:00,4,33,Landes de Gascogne,33320,Petit-Palais-et-Cornemps,44.9823,-0.053,1.2,1.2,False,Accidentelle,,
2017,2017-04-12 19:13:00,4,40,Landes de Gascogne,40217,Parentis-en-Born,44.3527,-1.0879,0.3,0.3,False,Inconnue,,
2017,2017-04-13 13:44:00,4,33,Landes de Gascogne,33192,Gradignan,44.7681,-0.6163,0.5,0.5,False,Inconnue,,
2017,2017-04-15 15:51:00,4,40,Landes de Gascogne,40056,Brocas,44.0533,-0.5446,0.06,0.06,False,Accidentelle,,
2017,2017-04-16 14:46:00,4,33,Landes de Gascogne,33333,Le Porge,44.8649,-1.1351,0.3,0.3,False,Inconnue,,
2017,2017-04-17 17:43:00,4,40,Landes de Gascogne,40234,Pouydesseaux,43.9882,-0.352,0.1,0.1,False,Inconnue,,
2017,2017-04-18 11:49:00,4,33,Landes de Gascogne,33273,Martignas-sur-Jalle,44.8451,-0.8006,5.0,5.0,False,Inconnue,,
2017,2017-04-18 14:25:00,4,33,Landes de Gascogne,33077,Cabanac-et-Villagrains,44.5889,-0.5412,0.05,0.05,False,Inconnue,,
2017,2017-04-18 14:52:00,4,33,Landes de Gascogne,33017,Aubiac,44.4713,-0.2438,0.01,0.01,False,Accidentelle,,
2017,2017-04-18 15:33:00,4,33,Landes de Gascogne,33198,Guîtres,45.0443,-0.1845,0.1,0.1,False,Accidentelle,,
2017,2017-04-18 16:00:00,4,33,Landes de Gascogne,33236,Lège-Cap-Ferret,44.7452,-1.174,0.5,0.5,False,Involontaire (particulier),,
2017,2017-04-18 17:20:00,4,33,Landes de Gascogne,33376,Saint-Aubin-de-Médoc,44.9343,-0.7478,0.06,0.06,False,Inconnue,,
2017,2017-04-18 19:24:00,4,06,Alpes-Maritimes,06050,Coursegoules,43.7898,7.0384,0.05,0.0,False,Inconnue,,
2017,2017-04-19 12:01:00,4,33,Landes de Gascogne,33197,Guillos,44.5507,-0.5235,0.3,0.3,False,Inconnue,,
2017,2017-04-19 13:47:00,4,33,Landes de Gascogne,33268,Margaux-Cantenac,45.0363,-0.6788,0.02,0.02,False,Inconnue,,
2017,2017-04-19 14:37:00,4,33,Landes de Gascogne,33025,Baigneaux,44.7246,-0.1957,0.6,0.6,False,Involontaire (particulier),,
2017,2017-04-19 14:56:00,4,33,Landes de Gascogne,33095,Captieux,44.2621,-0.2981,1.5,1.5,False,Inconnue,,
2017,2017-04-19 15:47:00,4,33,Landes de Gascogne,33412,Saint-Germain-d'Esteuil,45.2534,-0.8886,0.03,0.03,False,Involontaire (particulier),,
2017,2017-04-19 18:00:00,4,40,Landes de Gascogne,40181,Messanges,43.8086,-1.3629,0.08,0.08,False,Inconnue,,
2017,2017-04-20 03:09:00,4,33,Landes de Gascogne,33100,Cars,45.1272,-0.616,0.005,0.002,False,Involontaire (travaux),,
2017,2017-04-20 07:21:00,4,33,Landes de Gascogne,33498,Salles,44.536,-0.8899,0.5,0.5,False,Accidentelle,,
2017,2017-04-20 12:41:00,4,33,Landes de Gascogne,33047,Berson,45.1188,-0.5782,0.01,0.01,False,Inconnue,,
2017,2017-04-20 14:05:00,4,33,Landes de Gascogne,33125,Cissac-Médoc,45.2149,-0.8413,1075.5,1075.5,True,Inconnue,,
2017,2017-04-20 14:20:00,4,40,Landes de Gascogne,40152,Lesperon,43.9654,-1.0835,2.0,2.0,False,Involontaire (travaux),,
2017,2017-04-20 16:10:00,4,33,Landes de Gascogne,33529,La Teste-de-Buch,44.586,-1.1809,0.005,0.005,False,Accidentelle,,
2017,2017-04-20 17:23:00,4,40,Landes de Gascogne,40230,Pontonx-sur-l'Adour,43.7927,-0.9367,0.6,0.6,False,Inconnue,,
2017,2017-04-20 18:15:00,4,33,Landes de Gascogne,33056,Blanquefort,44.9216,-0.61,12.1,12.1,False,Inconnue,,
2017,2017-04-20 19:02:00,4,33,Landes de Gascogne,33240,Lesparre-Médoc,45.2796,-0.9235,3.0,3.0,False,Inconnue,,
2017,2017-04-21 00:07:00,4,33,Landes de Gascogne,33281,Mérignac,44.8313,-0.682,1.0,1.0,False,Inconnue,,
2017,2017-04-21 10:32:00,4,33,Landes de Gascogne,33454,Saint-Morillon,44.6387,-0.5232,0.003,0.003,False,Inconnue,,
2017,2017-04-21 10:49:00,4,33,Landes de Gascogne,33056,Blanquefort,44.9216,-0.61,1.0,1.0,False,Inconnue,,
2017,2017-04-21 12:26:00,4,06,Alpes-Maritimes,06103,Roquebillière,44.0282,7.2885,0.245,0.245,False,Inconnue,,
2017,2017-04-21 12:50:00,4,40,Landes de Gascogne,40169,Maillas,44.212,-0.1786,0.2,0.2,False,Inconnue,,
2017,2017-04-21 13:16:00,4,33,Landes de Gascogne,33051,Biganos,44.6599,-0.9582,1.0,0.5,False,Inconnue,,
2017,2017-04-21 15:46:00,4,40,Landes de Gascogne,40046,Biscarrosse,44.4077,-1.1525,0.4,0.4,False,Inconnue,,
2017,2017-04-21 17:07:00,4,33,Landes de Gascogne,33527,Le Teich,44.5805,-1.0234,0.1,0.1,False,Involontaire (particulier),,
2017,2017-04-21 17:45:00,4,33,Landes de Gascogne,33174,Fronsac,44.9213,-0.2765,0.01,0.01,False,Involontaire (travaux),,
2017,2017-04-21 17:50:00,4,40,Landes de Gascogne,40210,Onesse-Laharie,44.063,-1.0224,0.02,0.02,False,Involontaire (particulier),,
2017,2017-04-21 18:42:00,4,33,Landes de Gascogne,33243,Libourne,44.9125,-0.2328,0.05,0.02,False,Malveillance,,
2017,2017-04-21 21:04:00,4,33,Landes de Gascogne,33537,Uzeste,44.4304,-0.3269,0.004,0.004,False,Inconnue,,
2017,2017-04-21 21:47:00,4,33,Landes de Gascogne,33125,Cissac-Médoc,45.2149,-0.8413,0.01,0.01,False,Inconnue,,
2017,2017-04-22 01:06:00,4,33,Landes de Gascogne,33167,Floirac,44.8322,-0.5215,0.03,0.03,False,Inconnue,,
2017,2017-04-22 13:53:00,4,33,Landes de Gascogne,33233,Laruscade,45.1206,-0.3394,2.0,2.0,False,Inconnue,,
2017,2017-04-22 14:07:00,4,06,Alpes-Maritimes,06012,Beausoleil,43.7471,7.4227,1.367,0.067,False,Inconnue,,
2017,2017-04-22 15:04:00,4,40,Landes de Gascogne,40135,Labrit,44.1269,-0.5557,0.3,0.3,False,Inconnue,,
2017,2017-04-22 16:40:00,4,33,Landes de Gascogne,33498,Salles,44.536,-0.8899,3.0,3.0,False,Accidentelle,,
2017,2017-04-22 18:53:00,4,33,Landes de Gascogne,33351,Reignac,45.2292,-0.5179,2.0,2.0,False,Inconnue,,
2017,2017-04-23 20:42:00,4,33,Landes de Gascogne,33063,Bordeaux,44.8624,-0.5848,0.05,0.05,False,Malveillance,,
2017,2017-04-24 02:12:00,4,33,Landes de Gascogne,33498,Salles,44.536,-0.8899,0.03,0.03,False,Inconnue,,
2017,2017-04-24 04:21:00,4,33,Landes de Gascogne,33237,Léogeats,44.5053,-0.3648,1.02,1.02,False,Inconnue,,
2017,2017-04-24 15:54:00,4,33,Landes de Gascogne,33473,Saint-Savin,45.1611,-0.4449,0.015,0.015,False,Accidentelle,,
2017,2017-04-25 16:07:00,4,40,Landes de Gascogne,40169,Maillas,44.212,-0.1786,3.0,0.5,False,Involontaire (travaux),,
2017,2017-04-26 17:36:00,4,33,Landes de Gascogne,33056,Blanquefort,44.9216,-0.61,0.1,0.05,False,Inconnue,,
2017,2017-04-29 04:38:00,4,33,Landes de Gascogne,33322,Le Pian-Médoc,44.9555,-0.6737,0.2,0.2,False,Inconnue,,
2017,2017-04-30 09:08:00,4,33,Landes de Gascogne,33019,Audenge,44.7133,-0.9533,0.001,0.001,False,Inconnue,,
2017,2017-04-30 20:14:00,4,33,Landes de Gascogne,33529,La Teste-de-Buch,44.586,-1.1809,0.001,0.001,False,Involontaire (particulier),,
2017,2017-05-03 14:24:00,5,33,Landes de Gascogne,33501,Saucats,44.6476,-0.6377,0.15,0.15,False,Accidentelle,,
2017,2017-05-09 16:05:00,5,40,Landes de Gascogne,40267,Saint-Justin,43.9907,-0.2265,0.15,0.15,False,Inconnue,,
2017,2017-05-10 16:17:00,5,40,Landes de Gascogne,40287,Sanguinet,44.4776,-1.0903,0.02,0.02,False,Naturelle,,
2017,2017-05-21 19:24:00,5,06,Alpes-Maritimes,06109,La Roquette-sur-Var,43.8328,7.2072,0.227,0.227,False,Involontaire (particulier),,
2017,2017-05-24 21:35:00,5,40,Landes de Gascogne,40297,Le Sen,44.139,-0.5067,0.3,0.3,False,Involontaire (particulier),,
2017,2017-05-26 19:19:00,5,33,Landes de Gascogne,33255,Lucmau,44.2955,-0.3364,0.03,0.03,False,Inconnue,,
2017,2017-05-27 08:45:00,5,40,Landes de Gascogne,40060,Callen,44.2743,-0.4688,0.02,0.02,False,Naturelle,,
2017,2017-05-27 18:32:00,5,33,Landes de Gascogne,33262,Macau,45.0112,-0.6086,0.01,0.01,False,Inconnue,,
2017,2017-05-27 19:06:00,5,33,Landes de Gascogne,33336,Préchac,44.3859,-0.3715,0.6,0.6,False,Naturelle,,
2017,2017-05-28 05:38:00,5,40,Landes de Gascogne,40326,Vielle-Saint-Girons,43.9429,-1.3219,0.05,0.05,False,Inconnue,,
2017,2017-05-28 13:39:00,5,33,Landes de Gascogne,33552,Virelade,44.6565,-0.3981,0.88,0.88,False,Inconnue,,
2017,2017-05-28 16:08:00,5,33,Landes de Gascogne,33240,Lesparre-Médoc,45.2796,-0.9235,1.0,1.0,False,Inconnue,,
2017,2017-05-29 18:07:00,5,40,Landes de Gascogne,40167,Luxey,44.2382,-0.5061,0.061,0.061,False,Naturelle,,
2017,2017-06-02 00:19:00,6,33,Landes de Gascogne,33237,Léogeats,44.5053,-0.3648,2.0,2.0,False,Inconnue,,
2017,2017-06-08 11:22:00,6,06,Alpes-Maritimes,06027,Cagnes-sur-Mer,43.6712,7.1502,0.05,0.0,False,Inconnue,,
2017,2017-06-09 09:41:00,6,33,Landes de Gascogne,33333,Le Porge,44.8649,-1.1351,0.01,0.01,False,Naturelle,,
2017,2017-06-09 12:41:00,6,33,Landes de Gascogne,33159,Étauliers,45.2221,-0.5851,0.0001,0.0001,False,Naturelle,,
2017,2017-06-10 19:26:00,6,33,Landes de Gascogne,33123,Cézac,45.0867,-0.4171,0.04,0.04,False,Inconnue,,
2017,2017-06-11 12:12:00,6,06,Alpes-Maritimes,06136,Sospel,43.8872,7.4493,0.332,0.25,False,Involontaire (particulier),,
2017,2017-06-11 17:20:00,6,40,Landes de Gascogne,40065,Capbreton,43.6311,-1.4289,0.1,0.0,False,Inconnue,,
2017,2017-06-12 16:35:00,6,06,Alpes-Maritimes,06130,Saint-Vallier-de-Thiey,43.6994,6.8516,0.343,0.343,False,Malveillance,,
2017,2017-06-13 03:39:00,6,33,Landes de Gascogne,33272,Marsas,45.0628,-0.3769,0.3,0.3,False,Inconnue,,
2017,2017-06-13 13:38:00,6,06,Alpes-Maritimes,06104,Roquebrune-Cap-Martin,43.7638,7.4576,0.158,0.158,False,Inconnue,,
2017,2017-06-13 16:35:00,6,06,Alpes-Maritimes,06130,Saint-Vallier-de-Thiey,43.6994,6.8516,0.401,0.401,False,Malveillance,,
2017,2017-06-14 17:14:00,6,33,Landes de Gascogne,33214,Lacanau,44.9879,-1.096,0.01,0.01,False,Inconnue,,
2017,2017-06-15 19:15:00,6,33,Landes de Gascogne,33012,Arsac,44.9869,-0.7018,0.1,0.1,False,Inconnue,,
2017,2017-06-16 20:02:00,6,33,Landes de Gascogne,33199,Gujan-Mestras,44.5758,-1.0813,0.07,0.07,False,Inconnue,,
2017,2017-06-17 15:17:00,6,40,Landes de Gascogne,40114,Gourbera,43.8068,-1.0422,0.73,0.05,False,Involontaire (travaux),,
2017,2017-06-17 15:44:00,6,33,Landes de Gascogne,33529,La Teste-de-Buch,44.586,-1.1809,0.04,0.04,False,Inconnue,,
2017,2017-06-17 17:44:00,6,40,Landes de Gascogne,40037,Benquet,43.8207,-0.5069,0.25,0.25,False,Inconnue,,
2017,2017-06-18 14:11:00,6,40,Landes de Gascogne,40200,Moustey,44.387,-0.7703,7.94,7.94,False,Inconnue,,
2017,2017-06-18 17:20:00,6,33,Landes de Gascogne,33527,Le Teich,44.5805,-1.0234,0.3,0.3,False,Inconnue,,
2017,2017-06-19 10:30:00,6,40,Landes de Gascogne,40297,Le Sen,44.139,-0.5067,0.01,0.01,False,Involontaire (travaux),,
2017,2017-06-19 11:48:00,6,06,Alpes-Maritimes,06095,Peymeinade,43.6289,6.8807,1.082,1.082,False,Inconnue,,
2017,2017-06-19 16:31:00,6,33,Landes de Gascogne,33095,Captieux,44.2621,-0.2981,0.1,0.1,False,Inconnue,,
2017,2017-06-19 17:29:00,6,40,Landes de Gascogne,40243,Rion-des-Landes,43.9318,-0.9436,0.25,0.25,False,Accidentelle,,
2017,2017-06-19 23:12:00,6,40,Landes de Gascogne,40319,Trensacq,44.232,-0.7015,0.052,0.052,False,Inconnue,,
2017,2017-06-20 15:30:00,6,33,Landes de Gascogne,33255,Lucmau,44.2955,-0.3364,0.5,0.5,False,Inconnue,,
2017,2017-06-20 22:12:00,6,33,Landes de Gascogne,33357,Roaillan,44.5086,-0.2804,2.0,2.0,False,Inconnue,,
2017,2017-06-21 06:40:00,6,33,Landes de Gascogne,33336,Préchac,44.3859,-0.3715,0.005,0.005,False,Inconnue,,
2017,2017-06-21 14:25:00,6,33,Landes de Gascogne,33022,Avensan,45.0033,-0.7574,0.05,0.05,False,Inconnue,,
2017,2017-06-21 14:40:00,6,33,Landes de Gascogne,33022,Avensan,45.0033,-0.7574,0.002,0.002,False,Inconnue,,
2017,2017-06-21 16:09:00,6,33,Landes de Gascogne,33233,Laruscade,45.1206,-0.3394,3.0,3.0,False,Inconnue,,
2017,2017-06-22 05:26:00,6,33,Landes de Gascogne,33233,Laruscade,45.1206,-0.3394,0.05,0.05,False,Inconnue,,
2017,2017-06-22 09:07:00,6,33,Landes de Gascogne,33382,Saint-Christoly-de-Blaye,45.1499,-0.4967,0.15,0.15,False,Inconnue,,
2017,2017-06-22 15:29:00,6,33,Landes de Gascogne,33022,Avensan,45.0033,-0.7574,0.5,0.5,False,Inconnue,,
2017,2017-06-22 16:01:00,6,33,Landes de Gascogne,33376,Saint-Aubin-de-Médoc,44.9343,-0.7478,0.05,0.05,False,Inconnue,,
2017,2017-06-24 06:36:00,6,33,Landes de Gascogne,33151,Donnezac,45.2397,-0.4468,0.25,0.25,False,Inconnue,,
2017,2017-06-24 10:54:00,6,33,Landes de Gascogne,33022,Avensan,45.0033,-0.7574,0.001,0.001,False,Inconnue,,
2017,2017-06-24 22:06:00,6,33,Landes de Gascogne,33441,Saint-Martin-Lacaussade,45.1397,-0.6411,0.002,0.002,False,Accidentelle,,
2017,2017-06-26 07:11:00,6,33,Landes de Gascogne,33527,Le Teich,44.5805,-1.0234,0.5,0.5,False,Inconnue,,
2017,2017-06-26 15:42:00,6,33,Landes de Gascogne,33115,Cazalis,44.3304,-0.3875,0.002,0.002,False,Naturelle,,
2017,2017-06-28 15:43:00,6,06,Alpes-Maritimes,06149,La Trinité,43.7415,7.3413,2.22,0.0,False,Naturelle,,
2017,2017-07-02 16:36:00,7,33,Landes de Gascogne,33205,Illats,44.6087,-0.3797,0.08,0.08,False,Accidentelle,,
2017,2017-07-03 13:34:00,7,06,Alpes-Maritimes,06046,Colomars,43.757,7.2212,0.786,0.786,False,Inconnue,,
2017,2017-07-03 17:32:00,7,06,Alpes-Maritimes,06157,Vence,43.7373,7.0995,34.285,0.0,False,Accidentelle,,
2017,2017-07-04 07:08:00,7,06,Alpes-Maritimes,06118,Saint-Cézaire-sur-Siagne,43.6592,6.8049,0.079,0.079,False,Accidentelle,,
2017,2017-07-04 17:11:00,7,06,Alpes-Maritimes,06155,Vallauris,43.5787,7.0604,0.04,0.0188,False,Inconnue,,
2017,2017-07-05 15:34:00,7,40,Landes de Gascogne,40060,Callen,44.2743,-0.4688,491.6,0.0,True,Involontaire (particulier),,
2017,2017-07-05 15:39:00,7,33,Landes de Gascogne,33022,Avensan,45.0033,-0.7574,0.15,0.15,False,Inconnue,,
2017,2017-07-05 15:59:00,7,33,Landes de Gascogne,33498,Salles,44.536,-0.8899,0.35,0.25,False,Accidentelle,,
2017,2017-07-06 17:29:00,7,06,Alpes-Maritimes,06149,La Trinité,43.7415,7.3413,6.634,6.634,False,Inconnue,,
2017,2017-07-07 15:05:00,7,33,Landes de Gascogne,33248,Listrac-Médoc,45.0699,-0.827,0.3,0.3,False,Inconnue,,
2017,2017-07-08 15:22:00,7,06,Alpes-Maritimes,06110,Roubion,44.1121,7.0233,0.13,0.13,False,Naturelle,,
2017,2017-07-13 18:15:00,7,40,Landes de Gascogne,40150,Léon,43.8474,-1.2768,0.015,0.015,False,Inconnue,,
2017,2017-07-14 03:21:00,7,06,Alpes-Maritimes,06007,Auribeau-sur-Siagne,43.6105,6.9118,0.005,0.005,False,Inconnue,,
2017,2017-07-16 08:36:00,7,40,Landes de Gascogne,40304,Soorts-Hossegor,43.6679,-1.4084,2.034,2.034,False,Inconnue,,
2017,2017-07-16 16:13:00,7,33,Landes de Gascogne,33077,Cabanac-et-Villagrains,44.5889,-0.5412,0.01,0.01,False,Inconnue,,
2017,2017-07-16 20:53:00,7,33,Landes de Gascogne,33243,Libourne,44.9125,-0.2328,0.0002,0.0002,False,Involontaire (particulier),,
2017,2017-07-17 14:48:00,7,06,Alpes-Maritimes,06034,Castagniers,43.79,7.2298,90.698,90.698,False,Involontaire (particulier),,
2017,2017-07-17 15:57:00,7,40,Landes de Gascogne,40243,Rion-des-Landes,43.9318,-0.9436,0.05,0.05,False,Naturelle,,
2017,2017-07-17 16:41:00,7,33,Landes de Gascogne,33345,Le Puy,44.6602,0.0632,2.0,2.0,False,Accidentelle,,
2017,2017-07-17 17:43:00,7,33,Landes de Gascogne,33049,Beychac-et-Caillau,44.8708,-0.3726,0.07,0.07,False,Inconnue,,
2017,2017-07-18 16:37:00,7,40,Landes de Gascogne,40217,Parentis-en-Born,44.3527,-1.0879,0.08,0.08,False,Inconnue,,
2017,2017-07-18 18:39:00,7,33,Landes de Gascogne,33012,Arsac,44.9869,-0.7018,0.2,0.2,False,Inconnue,,
2017,2017-07-18 21:18:00,7,33,Landes de Gascogne,33095,Captieux,44.2621,-0.2981,0.075,0.075,False,Naturelle,,
2017,2017-07-18 21:19:00,7,33,Landes de Gascogne,33029,Le Barp,44.6297,-0.7437,0.05,0.05,False,Naturelle,,
2017,2017-07-18 22:46:00,7,33,Landes de Gascogne,33322,Le Pian-Médoc,44.9555,-0.6737,0.03,0.03,False,Naturelle,,
2017,2017-07-18 23:12:00,7,40,Landes de Gascogne,40053,Bourriot-Bergonce,44.153,-0.2091,0.01,0.01,False,Inconnue,,
2017,2017-07-18 23:24:00,7,33,Landes de Gascogne,33473,Saint-Savin,45.1611,-0.4449,0.1,0.1,False,Naturelle,,
2017,2017-07-19 13:54:00,7,33,Landes de Gascogne,33449,Saint-Médard-en-Jalles,44.8861,-0.7823,0.001,0.001,False,Inconnue,,
2017,2017-07-19 17:46:00,7,40,Landes de Gascogne,40053,Bourriot-Bergonce,44.153,-0.2091,0.15,0.15,False,Naturelle,,
2017,2017-07-21 13:52:00,7,40,Landes de Gascogne,40167,Luxey,44.2382,-0.5061,0.0001,0.0001,False,Naturelle,,
2017,2017-07-21 14:53:00,7,33,Landes de Gascogne,33329,Pompéjac,44.3986,-0.2997,0.002,0.002,False,Inconnue,,
2017,2017-07-21 16:21:00,7,40,Landes de Gascogne,40246,Sabres,44.1532,-0.7332,0.0001,0.0001,False,Naturelle,,
2017,2017-07-21 22:05:00,7,33,Landes de Gascogne,33233,Laruscade,45.1206,-0.3394,0.005,0.005,False,Inconnue,,
2017,2017-07-22 15:20:00,7,06,Alpes-Maritimes,06054,Drap,43.7587,7.3395,0.0045,0.0045,False,Accidentelle,,
2017,2017-07-23 14:40:00,7,33,Landes de Gascogne,33095,Captieux,44.2621,-0.2981,0.3,0.3,False,Naturelle,,
2017,2017-07-24 14:37:00,7,06,Alpes-Maritimes,06007,Auribeau-sur-Siagne,43.6105,6.9118,0.284,0.284,False,Inconnue,,
2017,2017-07-24 15:48:00,7,06,Alpes-Maritimes,06018,Biot,43.6273,7.0821,0.0759,0.0,False,Inconnue,,
2017,2017-07-24 15:53:00,7,06,Alpes-Maritimes,06130,Saint-Vallier-de-Thiey,43.6994,6.8516,15.493,7.0,False,Malveillance,,
2017,2017-07-24 16:06:00,7,06,Alpes-Maritimes,06033,Carros,43.785,7.1798,70.787,70.787,False,Inconnue,,
2017,2017-07-25 00:03:00,7,06,Alpes-Maritimes,06129,Saint-Sauveur-sur-Tinée,44.1163,7.1226,0.236,0.236,False,Involontaire (particulier),,
2017,2017-07-25 15:13:00,7,06,Alpes-Maritimes,06069,Grasse,43.656,6.937,0.0122,0.0122,False,Inconnue,,
2017,2017-07-25 23:25:00,7,33,Landes de Gascogne,33322,Le Pian-Médoc,44.9555,-0.6737,0.02,0.02,False,Inconnue,,
2017,2017-07-26 16:39:00,7,33,Landes de Gascogne,33310,Origne,44.5025,-0.509,0.05,0.05,False,Inconnue,,
2017,2017-07-27 09:30:00,7,33,Landes de Gascogne,33248,Listrac-Médoc,45.0699,-0.827,0.001,0.001,False,Inconnue,,
2017,2017-07-27 18:43:00,7,33,Landes de Gascogne,33336,Préchac,44.3859,-0.3715,0.015,0.015,False,Involontaire (travaux),,
2017,2017-07-27 21:53:00,7,06,Alpes-Maritimes,06083,Menton,43.7961,7.498,0.02,0.0,False,Inconnue,,
2017,2017-07-28 16:58:00,7,06,Alpes-Maritimes,06148,Tourrettes-sur-Loup,43.718,7.0353,0.001,0.001,False,Inconnue,,
2017,2017-07-28 21:54:00,7,33,Landes de Gascogne,33329,Pompéjac,44.3986,-0.2997,0.2,0.2,False,Inconnue,,
2017,2017-07-28 22:58:00,7,06,Alpes-Maritimes,06122,Saint-Jeannet,43.7619,7.1477,0.009,0.009,False,Accidentelle,,
2017,2017-07-30 21:57:00,7,40,Landes de Gascogne,40046,Biscarrosse,44.4077,-1.1525,0.05,0.05,False,Inconnue,,
2017,2017-07-31 14:54:00,7,40,Landes de Gascogne,40217,Parentis-en-Born,44.3527,-1.0879,0.1,0.1,False,Inconnue,,
2017,2017-08-01 05:02:00,8,06,Alpes-Maritimes,06021,Bonson,43.8613,7.1786,0.635,0.635,False,Accidentelle,,
2017,2017-08-01 11:37:00,8,06,Alpes-Maritimes,06029,Cannes,43.5454,7.0152,0.243,0.243,False,Inconnue,,
2017,2017-08-01 13:43:00,8,40,Landes de Gascogne,40246,Sabres,44.1532,-0.7332,0.004,0.004,False,Naturelle,,
2017,2017-08-01 14:11:00,8,06,Alpes-Maritimes,06118,Saint-Cézaire-sur-Siagne,43.6592,6.8049,42.77,42.733,False,Inconnue,,
2017,2017-08-01 17:06:00,8,33,Landes de Gascogne,33514,Soulac-sur-Mer,45.5057,-1.0694,0.15,0.15,False,Inconnue,,
2017,2017-08-03 11:02:00,8,06,Alpes-Maritimes,06101,Rigaud,43.9942,6.976,8.9033,8.9033,False,Involontaire (travaux),,
2017,2017-08-03 12:34:00,8,06,Alpes-Maritimes,06116,Saint-Auban,43.8319,6.7367,0.345,0.345,False,Involontaire (particulier),,
2017,2017-08-04 15:15:00,8,40,Landes de Gascogne,40192,Mont-de-Marsan,43.8931,-0.5009,0.05,0.05,False,Inconnue,,
2017,2017-08-04 15:46:00,8,40,Landes de Gascogne,40184,Mimizan,44.1996,-1.2323,0.005,0.005,False,Inconnue,,
2017,2017-08-04 18:15:00,8,06,Alpes-Maritimes,06126,Saint-Martin-du-Var,43.8168,7.2012,0.0025,0.0025,False,Naturelle,,
2017,2017-08-05 18:07:00,8,40,Landes de Gascogne,40181,Messanges,43.8086,-1.3629,0.0002,0.0002,False,Inconnue,,
2017,2017-08-06 05:53:00,8,06,Alpes-Maritimes,06129,Saint-Sauveur-sur-Tinée,44.1163,7.1226,0.004,0.0019,False,Naturelle,,
2017,2017-08-06 15:48:00,8,06,Alpes-Maritimes,06120,Saint-Étienne-de-Tinée,44.2597,6.9252,0.039,0.0,False,Naturelle,,
2017,2017-08-06 17:11:00,8,06,Alpes-Maritimes,06153,Valdeblore,44.1152,7.1949,0.005,0.005,False,Naturelle,,
2017,2017-08-06 19:08:00,8,33,Landes de Gascogne,33539,Vayres,44.8908,-0.326,0.3,0.1,False,Inconnue,,
2017,2017-08-06 21:41:00,8,33,Landes de Gascogne,33449,Saint-Médard-en-Jalles,44.8861,-0.7823,0.02,0.02,False,Inconnue,,
2017,2017-08-08 13:42:00,8,33,Landes de Gascogne,33449,Saint-Médard-en-Jalles,44.8861,-0.7823,0.1,0.1,False,Naturelle,,
2017,2017-08-08 15:18:00,8,33,Landes de Gascogne,33019,Audenge,44.7133,-0.9533,0.1,0.1,False,Naturelle,,
2017,2017-08-08 15:49:00,8,40,Landes de Gascogne,40310,Soustons,43.754,-1.3305,0.0004,0.0004,False,Involontaire (particulier),,
2017,2017-08-08 16:41:00,8,33,Landes de Gascogne,33115,Cazalis,44.3304,-0.3875,0.55,0.55,False,Inconnue,,
2017,2017-08-09 15:43:00,8,06,Alpes-Maritimes,06136,Sospel,43.8872,7.4493,0.455,0.455,False,Malveillance,,
2017,2017-08-10 14:51:00,8,33,Landes de Gascogne,33465,Saint-Pierre-de-Mons,44.5433,-0.2172,0.2,0.2,False,Accidentelle,,
2017,2017-08-12 23:43:00,8,06,Alpes-Maritimes,06135,Sigale,43.8742,6.9652,0.447,0.447,False,Involontaire (particulier),,
2017,2017-08-13 16:35:00,8,06,Alpes-Maritimes,06077,Lucéram,43.8997,7.3506,132.076,102.076,True,Involontaire (particulier),,
2017,2017-08-13 16:47:00,8,40,Landes de Gascogne,40167,Luxey,44.2382,-0.5061,0.005,0.005,False,Inconnue,,
2017,2017-08-14 07:43:00,8,33,Landes de Gascogne,33029,Le Barp,44.6297,-0.7437,0.001,0.001,False,Inconnue,,
2017,2017-08-14 14:56:00,8,40,Landes de Gascogne,40217,Parentis-en-Born,44.3527,-1.0879,1.9,1.9,False,Inconnue,,
2017,2017-08-15 00:03:00,8,33,Landes de Gascogne,33244,Lignan-de-Bazas,44.433,-0.2745,0.001,0.001,False,Naturelle,,
2017,2017-08-15 03:07:00,8,33,Landes de Gascogne,33487,Saint-Vincent-de-Paul,44.9704,-0.4815,0.005,0.005,False,Accidentelle,,
2017,2017-08-15 03:30:00,8,40,Landes de Gascogne,40135,Labrit,44.1269,-0.5557,0.02,0.02,False,Naturelle,,
2017,2017-08-15 06:48:00,8,33,Landes de Gascogne,33555,Marcheprime,44.7033,-0.8557,0.002,0.002,False,Naturelle,,
2017,2017-08-15 13:09:00,8,33,Landes de Gascogne,33144,Cudos,44.3786,-0.1841,0.07,0.07,False,Naturelle,,
2017,2017-08-15 16:04:00,8,40,Landes de Gascogne,40319,Trensacq,44.232,-0.7015,0.5,0.5,False,Naturelle,,
2017,2017-08-15 16:37:00,8,33,Landes de Gascogne,33115,Cazalis,44.3304,-0.3875,0.01,0.01,False,Inconnue,,
2017,2017-08-15 17:23:00,8,40,Landes de Gascogne,40307,Sore,44.3073,-0.6021,0.8056,0.8056,False,Inconnue,,
2017,2017-08-15 18:13:00,8,40,Landes de Gascogne,40135,Labrit,44.1269,-0.5557,1.0,1.0,False,Naturelle,,
2017,2017-08-16 12:23:00,8,33,Landes de Gascogne,33529,La Teste-de-Buch,44.586,-1.1809,0.02,0.02,False,Naturelle,,
2017,2017-08-16 18:16:00,8,33,Landes de Gascogne,33051,Biganos,44.6599,-0.9582,0.5,0.5,False,Inconnue,,
2017,2017-08-16 18:36:00,8,06,Alpes-Maritimes,06046,Colomars,43.757,7.2212,0.002,0.002,False,Inconnue,,
2017,2017-08-16 19:03:00,8,40,Landes de Gascogne,40060,Callen,44.2743,-0.4688,0.175,0.175,False,Naturelle,,
2017,2017-08-17 09:55:00,8,40,Landes de Gascogne,40246,Sabres,44.1532,-0.7332,4.7,4.7,False,Inconnue,,
2017,2017-08-17 10:46:00,8,06,Alpes-Maritimes,06150,La Turbie,43.7462,7.3973,0.074,0.074,False,Involontaire (particulier),,
2017,2017-08-17 12:12:00,8,33,Landes de Gascogne,33095,Captieux,44.2621,-0.2981,0.035,0.035,False,Inconnue,,
2017,2017-08-17 13:00:00,8,33,Landes de Gascogne,33284,Mios,44.6105,-0.8913,3.0,3.0,False,Naturelle,,
2017,2017-08-17 15:40:00,8,40,Landes de Gascogne,40295,Saugnac-et-Muret,44.3893,-0.8494,0.1247,0.1247,False,Inconnue,,
2017,2017-08-18 10:48:00,8,40,Landes de Gascogne,40333,Ygos-Saint-Saturnin,43.9934,-0.7297,0.001,0.001,False,Naturelle,,
2017,2017-08-19 13:16:00,8,33,Landes de Gascogne,33051,Biganos,44.6599,-0.9582,0.4,0.4,False,Naturelle,,
2017,2017-08-19 14:36:00,8,33,Landes de Gascogne,33284,Mios,44.6105,-0.8913,0.45,0.45,False,Naturelle,,
2017,2017-08-22 21:12:00,8,06,Alpes-Maritimes,06088,Nice,43.7032,7.2528,0.009,0.009,False,Inconnue,,
2017,2017-08-23 16:53:00,8,06,Alpes-Maritimes,06012,Beausoleil,43.7471,7.4227,0.09,0.09,False,Inconnue,,
2017,2017-08-23 19:58:00,8,40,Landes de Gascogne,40187,Moliets-et-Maa,43.8626,-1.3589,0.02,0.02,False,Malveillance,,
2017,2017-08-24 18:37:00,8,33,Landes de Gascogne,33366,Saint-André-de-Cubzac,44.9945,-0.4378,0.05,0.05,False,Inconnue,,
2017,2017-08-25 14:44:00,8,40,Landes de Gascogne,40227,Pissos,44.3012,-0.7906,0.01,0.01,False,Inconnue,,
2017,2017-08-25 17:44:00,8,40,Landes de Gascogne,40158,Losse,44.0948,-0.0933,0.287,0.287,False,Inconnue,,
2017,2017-08-25 22:41:00,8,33,Landes de Gascogne,33051,Biganos,44.6599,-0.9582,3.0,3.0,False,Inconnue,,
2017,2017-08-26 12:43:00,8,33,Landes de Gascogne,33151,Donnezac,45.2397,-0.4468,0.002,0.002,False,Malveillance,,
2017,2017-08-26 18:36:00,8,06,Alpes-Maritimes,06019,Blausasc,43.7938,7.357,0.026,0.0122,False,Inconnue,,
2017,2017-08-27 14:45:00,8,33,Landes de Gascogne,33284,Mios,44.6105,-0.8913,0.1,0.1,False,Naturelle,,
2017,2017-08-27 14:52:00,8,33,Landes de Gascogne,33498,Salles,44.536,-0.8899,0.25,0.25,False,Naturelle,,
2017,2017-08-27 15:15:00,8,33,Landes de Gascogne,33229,Lanton,44.7719,-0.9799,0.005,0.005,False,Naturelle,,
2017,2017-08-27 15:41:00,8,33,Landes de Gascogne,33449,Saint-Médard-en-Jalles,44.8861,-0.7823,0.08,0.08,False,Naturelle,,
2017,2017-08-27 15:48:00,8,33,Landes de Gascogne,33503,Saumos,44.9119,-1.0029,0.1,0.1,False,Naturelle,,
2017,2017-08-27 16:34:00,8,33,Landes de Gascogne,33012,Arsac,44.9869,-0.7018,0.1,0.1,False,Naturelle,,
2017,2017-08-27 16:34:00,8,33,Landes de Gascogne,33054,Blaignac,44.5488,-0.052,0.001,0.001,False,Naturelle,,
2017,2017-08-27 16:52:00,8,33,Landes de Gascogne,33218,Lagorce,45.0813,-0.1606,0.4,0.4,False,Naturelle,,
2017,2017-08-27 19:42:00,8,33,Landes de Gascogne,33528,Le Temple,44.8662,-0.9609,0.015,0.015,False,Naturelle,,
2017,2017-08-27 23:06:00,8,33,Landes de Gascogne,33529,La Teste-de-Buch,44.586,-1.1809,0.05,0.05,False,Inconnue,,
2017,2017-08-28 13:28:00,8,33,Landes de Gascogne,33029,Le Barp,44.6297,-0.7437,2.0,2.0,False,Inconnue,,
2017,2017-08-28 14:28:00,8,33,Landes de Gascogne,33225,Landiras,44.5696,-0.4333,0.5,0.5,False,Naturelle,,
2017,2017-08-28 14:38:00,8,33,Landes de Gascogne,33077,Cabanac-et-Villagrains,44.5889,-0.5412,0.3,0.3,False,Naturelle,,
2017,2017-08-28 15:14:00,8,33,Landes de Gascogne,33494,Salaunes,44.9281,-0.8502,0.2,0.2,False,Naturelle,,
2017,2017-08-28 15:19:00,8,33,Landes de Gascogne,33424,Saint-Laurent-Médoc,45.1402,-0.8557,1.0,1.0,False,Inconnue,,
2017,2017-08-28 23:14:00,8,33,Landes de Gascogne,33494,Salaunes,44.9281,-0.8502,3.5,3.5,False,Inconnue,,
2017,2017-08-29 08:39:00,8,40,Landes de Gascogne,40303,Solférino,44.1155,-0.907,0.1,0.1,False,Naturelle,,
2017,2017-08-29 11:41:00,8,40,Landes de Gascogne,40303,Solférino,44.1155,-0.907,0.0005,0.0005,False,Naturelle,,
2017,2017-08-29 13:38:00,8,40,Landes de Gascogne,40332,Ychoux,44.3545,-0.9643,0.3747,0.3747,False,Naturelle,,
2017,2017-08-29 15:33:00,8,33,Landes de Gascogne,33422,Saint-Jean-d'Illac,44.7973,-0.8156,0.06,0.06,False,Naturelle,,
2017,2017-08-29 16:20:00,8,33,Landes de Gascogne,33528,Le Temple,44.8662,-0.9609,1.0,1.0,False,Naturelle,,
2017,2017-08-29 16:45:00,8,40,Landes de Gascogne,40332,Ychoux,44.3545,-0.9643,0.35,0.35,False,Naturelle,,
2017,2017-08-29 16:54:00,8,40,Landes de Gascogne,40217,Parentis-en-Born,44.3527,-1.0879,0.2,0.2,False,Naturelle,,
2017,2017-08-29 17:42:00,8,40,Landes de Gascogne,40303,Solférino,44.1155,-0.907,0.4,0.4,False,Naturelle,,
2017,2017-08-29 17:47:00,8,33,Landes de Gascogne,33422,Saint-Jean-d'Illac,44.7973,-0.8156,1.0,1.0,False,Naturelle,,
2017,2017-08-29 18:07:00,8,40,Landes de Gascogne,40330,Villenave,43.9681,-0.8227,0.03,0.03,False,Inconnue,,
2017,2017-08-29 18:34:00,8,33,Landes de Gascogne,33233,Laruscade,45.1206,-0.3394,0.01,0.01,False,Involontaire (travaux),,
2017,2017-08-30 00:05:00,8,33,Landes de Gascogne,33003,Ambarès-et-Lagrave,44.9517,-0.5,0.3,0.3,False,Inconnue,,
2017,2017-08-30 14:49:00,8,33,Landes de Gascogne,33123,Cézac,45.0867,-0.4171,0.06,0.06,False,Malveillance,,
2017,2017-08-31 01:04:00,8,06,Alpes-Maritimes,06057,L'Escarène,43.8303,7.3665,0.0605,0.0605,False,Involontaire (particulier),,
2017,2017-08-31 09:18:00,8,33,Landes de Gascogne,33203,Hourtin,45.1831,-1.0534,0.001,0.001,False,Naturelle,,
2017,2017-08-31 16:18:00,8,33,Landes de Gascogne,33494,Salaunes,44.9281,-0.8502,0.05,0.05,False,Inconnue,,
2017,2017-08-31 19:13:00,8,40,Landes de Gascogne,40142,Laluque,43.8533,-0.9816,1.9,0.9,False,Naturelle,,
2017,2017-09-02 13:56:00,9,06,Alpes-Maritimes,06151,Utelle,43.9392,7.2458,0.383,0.383,False,Naturelle,,
2017,2017-09-02 16:24:00,9,40,Landes de Gascogne,40060,Callen,44.2743,-0.4688,0.17,0.17,False,Inconnue,,
2017,2017-09-02 17:50:00,9,33,Landes de Gascogne,33284,Mios,44.6105,-0.8913,1.0,1.0,False,Inconnue,,
2017,2017-09-02 18:36:00,9,06,Alpes-Maritimes,06141,Toudon,43.8857,7.1094,0.004,0.004,False,Naturelle,,
2017,2017-09-03 16:40:00,9,33,Landes de Gascogne,33029,Le Barp,44.6297,-0.7437,2.0,2.0,False,Inconnue,,
2017,2017-09-04 05:38:00,9,06,Alpes-Maritimes,06037,Caussols,43.7387,6.9071,0.219,0.219,False,Inconnue,,
2017,2017-09-08 17:14:00,9,33,Landes de Gascogne,33213,La Brède,44.6777,-0.5396,0.03,0.03,False,Malveillance,,
2017,2017-09-08 18:19:00,9,33,Landes de Gascogne,33284,Mios,44.6105,-0.8913,0.005,0.005,False,Inconnue,,
2017,2017-09-12 14:48:00,9,06,Alpes-Maritimes,06088,Nice,43.7032,7.2528,0.145,0.0,False,Involontaire (particulier),,
2017,2017-09-16 16:11:00,9,06,Alpes-Maritimes,06060,Falicon,43.7533,7.266,1.27,0.0,False,Involontaire (particulier),,
2017,2017-09-17 10:31:00,9,06,Alpes-Maritimes,06050,Coursegoules,43.7898,7.0384,5.415,5.415,False,Involontaire (particulier),,
2017,2017-09-18 13:57:00,9,06,Alpes-Maritimes,06042,Clans,44.003,7.1827,0.0112,0.0112,False,Malveillance,,
2017,2017-09-20 18:30:00,9,06,Alpes-Maritimes,06077,Lucéram,43.8997,7.3506,0.001,0.001,False,Naturelle,,
2017,2017-09-20 19:18:00,9,06,Alpes-Maritimes,06077,Lucéram,43.8997,7.3506,11.66,11.66,False,Naturelle,,
2017,2017-09-23 17:40:00,9,40,Landes de Gascogne,40104,Gamarde-les-Bains,43.7275,-0.8715,0.35,0.35,False,Inconnue,,
2017,2017-09-24 15:16:00,9,06,Alpes-Maritimes,06075,Levens,43.8501,7.2358,0.349,0.349,False,Inconnue,,
2017,2017-09-26 16:52:00,9,33,Landes de Gascogne,33095,Captieux,44.2621,-0.2981,0.01,0.01,False,Involontaire (particulier),,
2017,2017-09-27 17:27:00,9,33,Landes de Gascogne,33229,Lanton,44.7719,-0.9799,0.02,0.02,False,Involontaire (particulier),,
2017,2017-09-29 18:12:00,9,40,Landes de Gascogne,40246,Sabres,44.1532,-0.7332,0.5,0.3,False,Inconnue,,
2017,2017-09-30 17:41:00,9,06,Alpes-Maritimes,06049,Courmes,43.7514,7.0196,2.409,0.0,False,Inconnue,,
2017,2017-09-30 17:41:00,9,06,Alpes-Maritimes,06148,Tourrettes-sur-Loup,43.718,7.0353,0.0015,0.0015,False,Involontaire (particulier),,
2017,2017-09-30 19:33:00,9,06,Alpes-Maritimes,06049,Courmes,43.7514,7.0196,0.252,0.0,False,Inconnue,,
2017,2017-10-03 13:40:00,10,06,Alpes-Maritimes,06003,Andon,43.7755,6.8211,0.538,0.238,False,Naturelle,,
2017,2017-10-04 12:16:00,10,06,Alpes-Maritimes,06057,L'Escarène,43.8303,7.3665,0.005,0.005,False,Involontaire (particulier),,
2017,2017-10-04 16:49:00,10,33,Landes de Gascogne,33012,Arsac,44.9869,-0.7018,0.2,0.2,False,Inconnue,,
2017,2017-10-07 06:04:00,10,06,Alpes-Maritimes,06066,Gilette,43.8436,7.1602,12.514,12.514,False,Involontaire (particulier),,
2017,2017-10-08 10:33:00,10,06,Alpes-Maritimes,06103,Roquebillière,44.0282,7.2885,0.028,0.028,False,Malveillance,,
2017,2017-10-14 15:14:00,10,06,Alpes-Maritimes,06066,Gilette,43.8436,7.1602,0.003,0.003,False,Accidentelle,,
2017,2017-10-15 12:13:00,10,33,Landes de Gascogne,33011,Arès,44.7997,-1.0837,3.0,3.0,False,Inconnue,,
2017,2017-10-15 13:52:00,10,06,Alpes-Maritimes,06073,Isola,44.1903,7.0835,0.929,0.929,False,Involontaire (particulier),,
2017,2017-10-16 01:24:00,10,33,Landes de Gascogne,33329,Pompéjac,44.3986,-0.2997,1.0,1.0,False,Inconnue,,
2017,2017-10-16 14:58:00,10,06,Alpes-Maritimes,06163,Tende,44.0971,7.5499,2.5,1.175,False,Inconnue,,
2017,2017-10-16 22:06:00,10,33,Landes de Gascogne,33255,Lucmau,44.2955,-0.3364,0.1,0.1,False,Inconnue,,
2017,2017-10-17 16:07:00,10,33,Landes de Gascogne,33329,Pompéjac,44.3986,-0.2997,0.1,0.1,False,Inconnue,,
2017,2017-10-19 14:59:00,10,33,Landes de Gascogne,33076,Budos,44.537,-0.4058,0.006,0.006,False,Naturelle,,
2017,2017-10-22 15:19:00,10,06,Alpes-Maritimes,06003,Andon,43.7755,6.8211,0.055,0.055,False,Involontaire (particulier),,
2017,2017-10-25 15:51:00,10,33,Landes de Gascogne,33019,Audenge,44.7133,-0.9533,0.06,0.06,False,Inconnue,,
2017,2017-10-25 19:22:00,10,33,Landes de Gascogne,33519,Le Taillan-Médoc,44.9123,-0.6785,0.01,0.01,False,Involontaire (particulier),,
2017,2017-10-27 12:25:00,10,06,Alpes-Maritimes,06037,Caussols,43.7387,6.9071,0.207,0.207,False,Involontaire (particulier),,
2017,2017-10-28 17:56:00,10,33,Landes de Gascogne,33247,Listrac-de-Durèze,44.7618,0.0369,0.05,0.05,False,Involontaire (travaux),,
2017,2017-10-29 11:49:00,10,40,Landes de Gascogne,40056,Brocas,44.0533,-0.5446,0.005,0.005,False,Involontaire (particulier),,
2017,2017-10-29 12:29:00,10,06,Alpes-Maritimes,06049,Courmes,43.7514,7.0196,1.086,0.0,False,Inconnue,,
2017,2017-10-29 20:43:00,10,06,Alpes-Maritimes,06016,Beuil,44.1176,6.9693,0.1,0.047,False,Involontaire (particulier),,
2017,2017-10-30 06:41:00,10,06,Alpes-Maritimes,06081,Le Mas,43.8388,6.8572,1.352,1.352,False,Malveillance,,
2017,2017-10-30 13:57:00,10,06,Alpes-Maritimes,06081,Le Mas,43.8388,6.8572,0.297,0.297,False,Malveillance,,
2017,2017-11-01 11:46:00,11,06,Alpes-Maritimes,06162,La Brigue,44.0897,7.6496,0.411,0.411,False,Involontaire (particulier),,
2017,2017-11-01 15:40:00,11,06,Alpes-Maritimes,06013,Belvédère,44.0615,7.3612,0.302,0.0,False,Inconnue,,
2017,2017-11-02 10:52:00,11,06,Alpes-Maritimes,06016,Beuil,44.1176,6.9693,1.37,0.6439,False,Malveillance,,
2017,2017-11-04 19:58:00,11,33,Landes de Gascogne,33203,Hourtin,45.1831,-1.0534,0.02,0.02,False,Inconnue,,
2017,2017-11-16 23:13:00,11,33,Landes de Gascogne,33048,Berthez,44.4826,-0.1288,0.5,0.5,False,Inconnue,,
2017,2017-11-17 17:59:00,11,06,Alpes-Maritimes,06163,Tende,44.0971,7.5499,1.468,1.468,False,Accidentelle,,
2017,2017-11-18 12:22:00,11,06,Alpes-Maritimes,06070,Gréolières,43.8037,6.9296,1.175,1.175,False,Involontaire (particulier),,
2017,2017-11-21 13:49:00,11,40,Landes de Gascogne,40307,Sore,44.3073,-0.6021,0.0225,0.02,False,Inconnue,,
2017,2017-11-23 13:38:00,11,33,Landes de Gascogne,33036,Bazas,44.4409,-0.2177,0.5,0.5,False,Inconnue,,
2017,2017-11-27 11:55:00,11,06,Alpes-Maritimes,06083,Menton,43.7961,7.498,1.706,1.706,False,Involontaire (particulier),,
2017,2017-12-02 13:50:00,12,06,Alpes-Maritimes,06074,Lantosque,43.9787,7.3121,9.86,4.6342,False,Inconnue,,
2017,2017-12-02 15:38:00,12,06,Alpes-Maritimes,06072,Ilonse,44.0319,7.0901,1.0,0.47,False,Inconnue,,
2017,2017-12-05 10:24:00,12,06,Alpes-Maritimes,06074,Lantosque,43.9787,7.3121,0.149,0.0,False,Inconnue,,
2017,2017-12-09 14:57:00,12,06,Alpes-Maritimes,06007,Auribeau-sur-Siagne,43.6105,6.9118,0.8,0.376,False,Inconnue,,
2017,2017-12-15 14:28:00,12,06,Alpes-Maritimes,06156,Venanson,44.0412,7.2386,0.2,0.094,False,Inconnue,,
2017,2017-12-16 16:04:00,12,06,Alpes-Maritimes,06041,Cipières,43.7665,6.9229,1.0,0.47,False,Inconnue,,
2017,2017-12-23 19:10:00,12,06,Alpes-Maritimes,06157,Vence,43.7373,7.0995,0.8,0.376,False,Involontaire (particulier),,
2018,2018-01-02 16:24:00,1,06,Alpes-Maritimes,06157,Vence,43.7373,7.0995,2.605,0.0,False,Malveillance,,
2018,2018-01-03 01:58:00,1,06,Alpes-Maritimes,06137,Spéracèdes,43.652,6.8573,0.2,0.094,False,Involontaire (particulier),,
2018,2018-01-03 20:08:00,1,06,Alpes-Maritimes,06149,La Trinité,43.7415,7.3413,2.053,2.053,False,Accidentelle,,
2018,2018-01-04 15:24:00,1,06,Alpes-Maritimes,06072,Ilonse,44.0319,7.0901,0.556,0.0,False,Involontaire (particulier),,
2018,2018-01-21 11:37:00,1,06,Alpes-Maritimes,06041,Cipières,43.7665,6.9229,1.502,0.0,False,Malveillance,,
2018,2018-02-02 12:14:00,2,40,Landes de Gascogne,40105,Garein,44.0521,-0.6514,0.002,0.002,False,Involontaire (travaux),,
2018,2018-02-11 14:50:00,2,06,Alpes-Maritimes,06077,Lucéram,43.8997,7.3506,0.3,0.15,False,Inconnue,,
2018,2018-02-11 17:50:00,2,06,Alpes-Maritimes,06050,Coursegoules,43.7898,7.0384,0.03,0.0,False,Malveillance,,
2018,2018-02-15 13:51:00,2,06,Alpes-Maritimes,06163,Tende,44.0971,7.5499,0.31,0.31,False,Involontaire (particulier),,
2018,2018-02-15 14:37:00,2,06,Alpes-Maritimes,06074,Lantosque,43.9787,7.3121,4.112,4.112,False,Inconnue,,
2018,2018-02-26 18:14:00,2,33,Landes de Gascogne,33284,Mios,44.6105,-0.8913,0.2,0.2,False,Inconnue,,
2018,2018-03-08 16:51:00,3,33,Landes de Gascogne,33011,Arès,44.7997,-1.0837,0.1,0.1,False,Inconnue,,
2018,2018-03-09 11:27:00,3,40,Landes de Gascogne,40125,Heugas,43.6416,-1.0848,1.0,1.0,False,Involontaire (particulier),,
2018,2018-03-11 11:44:00,3,33,Landes de Gascogne,33333,Le Porge,44.8649,-1.1351,0.02,0.02,False,Inconnue,,
2018,2018-03-11 14:09:00,3,33,Landes de Gascogne,33457,Saint-Pardon-de-Conques,44.5501,-0.1898,0.04,0.04,False,Inconnue,,
2018,2018-03-11 17:23:00,3,33,Landes de Gascogne,33472,Saint-Sauveur-de-Puynormand,44.9958,-0.0308,0.3,0.3,False,Involontaire (travaux),,
2018,2018-03-11 17:44:00,3,33,Landes de Gascogne,33307,Noaillan,44.4812,-0.3698,0.12,0.12,False,Malveillance,,
2018,2018-03-21 13:29:00,3,06,Alpes-Maritimes,06049,Courmes,43.7514,7.0196,0.111,0.0,False,Malveillance,,
2018,2018-03-21 13:42:00,3,06,Alpes-Maritimes,06058,Escragnolles,43.7236,6.7758,0.878,0.0,False,Malveillance,,
2018,2018-03-21 16:24:00,3,33,Landes de Gascogne,33555,Marcheprime,44.7033,-0.8557,2.0,2.0,False,Involontaire (particulier),,
2018,2018-03-22 11:13:00,3,06,Alpes-Maritimes,06041,Cipières,43.7665,6.9229,0.231,0.231,False,Involontaire (travaux),,
2018,2018-03-24 12:45:00,3,40,Landes de Gascogne,40184,Mimizan,44.1996,-1.2323,0.0004,0.0004,False,Inconnue,,
2018,2018-03-25 15:09:00,3,06,Alpes-Maritimes,06062,Fontan,44.0213,7.5527,9.0,2.0,False,Involontaire (particulier),,
2018,2018-03-27 14:42:00,3,06,Alpes-Maritimes,06109,La Roquette-sur-Var,43.8328,7.2072,0.97,0.12,False,Involontaire (particulier),,
2018,2018-04-01 14:56:00,4,06,Alpes-Maritimes,06120,Saint-Étienne-de-Tinée,44.2597,6.9252,0.5,0.0,False,Accidentelle,,
2018,2018-04-01 15:46:00,4,06,Alpes-Maritimes,06101,Rigaud,43.9942,6.976,1.5,0.0,False,Inconnue,,
2018,2018-04-07 18:21:00,4,06,Alpes-Maritimes,06066,Gilette,43.8436,7.1602,0.13,0.0,False,Involontaire (particulier),,
2018,2018-04-07 20:22:00,4,06,Alpes-Maritimes,06041,Cipières,43.7665,6.9229,0.02,0.02,False,Involontaire (particulier),,
2018,2018-04-16 16:37:00,4,06,Alpes-Maritimes,06074,Lantosque,43.9787,7.3121,5.02,4.02,False,Inconnue,,
2018,2018-04-17 08:07:00,4,40,Landes de Gascogne,40296,Seignosse,43.7055,-1.3939,0.02,0.02,False,Accidentelle,,
2018,2018-04-18 15:37:00,4,33,Landes de Gascogne,33146,Cussac-Fort-Médoc,45.1207,-0.726,14.31,14.31,False,Inconnue,,
2018,2018-04-19 13:31:00,4,33,Landes de Gascogne,33235,Lavazan,44.3926,-0.1133,0.6,0.6,False,Inconnue,,
2018,2018-04-19 14:08:00,4,33,Landes de Gascogne,33197,Guillos,44.5507,-0.5235,6.0,6.0,False,Inconnue,,
2018,2018-04-19 19:44:00,4,06,Alpes-Maritimes,06074,Lantosque,43.9787,7.3121,17.34,4.1,False,Malveillance,,
2018,2018-04-21 10:45:00,4,33,Landes de Gascogne,33498,Salles,44.536,-0.8899,2.5,2.5,False,Inconnue,,
2018,2018-04-21 12:09:00,4,06,Alpes-Maritimes,06077,Lucéram,43.8997,7.3506,1.87,1.87,False,Inconnue,,
2018,2018-04-22 03:39:00,4,06,Alpes-Maritimes,06041,Cipières,43.7665,6.9229,1.18,0.11,False,Malveillance,,
2018,2018-04-22 06:26:00,4,33,Landes de Gascogne,33494,Salaunes,44.9281,-0.8502,0.02,0.02,False,Accidentelle,,
2018,2018-04-23 14:05:00,4,06,Alpes-Maritimes,06074,Lantosque,43.9787,7.3121,0.09,0.09,False,Malveillance,,
2018,2018-04-26 15:18:00,4,06,Alpes-Maritimes,06074,Lantosque,43.9787,7.3121,0.15,0.15,False,Malveillance,,
2018,2018-04-26 17:04:00,4,06,Alpes-Maritimes,06074,Lantosque,43.9787,7.3121,0.06,0.06,False,Malveillance,,
2018,2018-04-27 18:43:00,4,33,Landes de Gascogne,33527,Le Teich,44.5805,-1.0234,0.04,0.04,False,Inconnue,,
2018,2018-04-27 19:09:00,4,33,Landes de Gascogne,33199,Gujan-Mestras,44.5758,-1.0813,0.04,0.04,False,Inconnue,,
2018,2018-04-27 21:03:00,4,33,Landes de Gascogne,33199,Gujan-Mestras,44.5758,-1.0813,0.01,0.01,False,Inconnue,,
2018,2018-04-27 21:24:00,4,33,Landes de Gascogne,33199,Gujan-Mestras,44.5758,-1.0813,0.005,0.005,False,Inconnue,,
2018,2018-04-28 08:28:00,4,33,Landes de Gascogne,33199,Gujan-Mestras,44.5758,-1.0813,0.04,0.04,False,Inconnue,,
2018,2018-04-28 14:01:00,4,06,Alpes-Maritimes,06130,Saint-Vallier-de-Thiey,43.6994,6.8516,0.51,0.0,False,Involontaire (particulier),,
2018,2018-04-29 16:28:00,4,06,Alpes-Maritimes,06103,Roquebillière,44.0282,7.2885,11.19,2.26,False,Inconnue,,
2018,2018-05-03 11:35:00,5,40,Landes de Gascogne,40327,Vielle-Soubiran,44.0549,-0.1715,1.0,1.0,False,Inconnue,,
2018,2018-05-06 10:18:00,5,33,Landes de Gascogne,33248,Listrac-Médoc,45.0699,-0.827,0.02,0.02,False,Inconnue,,
2018,2018-05-10 16:14:00,5,06,Alpes-Maritimes,06079,Mandelieu-la-Napoule,43.5334,6.918,0.002,0.0,False,Involontaire (particulier),,
2018,2018-05-11 14:11:00,5,06,Alpes-Maritimes,06077,Lucéram,43.8997,7.3506,0.005,0.0,False,Naturelle,,
2018,2018-05-21 21:48:00,5,40,Landes de Gascogne,40163,Lüe,44.2337,-0.9858,0.08,0.08,False,Inconnue,,
2018,2018-05-23 16:31:00,5,33,Landes de Gascogne,33115,Cazalis,44.3304,-0.3875,1.0,1.0,False,Naturelle,,
2018,2018-05-24 16:20:00,5,33,Landes de Gascogne,33199,Gujan-Mestras,44.5758,-1.0813,0.2,0.2,False,Involontaire (travaux),,
2018,2018-05-26 14:36:00,5,06,Alpes-Maritimes,06141,Toudon,43.8857,7.1094,0.18,0.18,False,Involontaire (particulier),,
2018,2018-06-01 17:05:00,6,33,Landes de Gascogne,33385,Saint-Christophe-de-Double,45.0838,0.0233,0.01,0.01,False,Involontaire (travaux),,
2018,2018-06-04 09:34:00,6,40,Landes de Gascogne,40167,Luxey,44.2382,-0.5061,0.0001,0.0001,False,Naturelle,,
2018,2018-06-04 19:14:00,6,33,Landes de Gascogne,33203,Hourtin,45.1831,-1.0534,0.06,0.06,False,Accidentelle,,
2018,2018-06-10 16:23:00,6,33,Landes de Gascogne,33529,La Teste-de-Buch,44.586,-1.1809,0.003,0.003,False,Inconnue,,
2018,2018-06-14 21:36:00,6,33,Landes de Gascogne,33422,Saint-Jean-d'Illac,44.7973,-0.8156,0.5,0.5,False,Accidentelle,,
2018,2018-06-17 22:55:00,6,33,Landes de Gascogne,33077,Cabanac-et-Villagrains,44.5889,-0.5412,0.02,0.02,False,Accidentelle,,
2018,2018-06-26 13:00:00,6,33,Landes de Gascogne,33333,Le Porge,44.8649,-1.1351,0.7,0.7,False,Inconnue,,
2018,2018-07-01 21:10:00,7,33,Landes de Gascogne,33436,Saint-Magne,44.559,-0.6623,0.001,0.001,False,Naturelle,,
2018,2018-07-10 12:56:00,7,33,Landes de Gascogne,33454,Saint-Morillon,44.6387,-0.5232,0.1,0.1,False,Inconnue,,
2018,2018-07-12 11:46:00,7,33,Landes de Gascogne,33422,Saint-Jean-d'Illac,44.7973,-0.8156,0.002,0.002,False,Involontaire (travaux),,
2018,2018-07-12 21:34:00,7,40,Landes de Gascogne,40184,Mimizan,44.1996,-1.2323,0.02,0.02,False,Inconnue,,
2018,2018-07-12 22:31:00,7,33,Landes de Gascogne,33042,Belin-Béliet,44.4959,-0.7989,0.03,0.03,False,Inconnue,,
2018,2018-07-13 22:59:00,7,06,Alpes-Maritimes,06134,Séranon,43.7655,6.6892,0.01,0.01,False,Inconnue,,
2018,2018-07-15 08:00:00,7,33,Landes de Gascogne,33417,Sainte-Hélène,44.9653,-0.9071,1.5,1.5,False,Naturelle,,
2018,2018-07-15 23:49:00,7,33,Landes de Gascogne,33300,Naujac-sur-Mer,45.2596,-1.0643,0.001,0.001,False,Naturelle,,
2018,2018-07-16 13:30:00,7,40,Landes de Gascogne,40217,Parentis-en-Born,44.3527,-1.0879,0.3,0.3,False,Naturelle,,
2018,2018-07-18 17:57:00,7,33,Landes de Gascogne,33271,Marions,44.373,-0.0881,0.5,0.5,False,Inconnue,,
2018,2018-07-19 14:07:00,7,40,Landes de Gascogne,40274,Saint-Martin-d'Oney,43.9293,-0.6497,0.005,0.005,False,Inconnue,,
2018,2018-07-19 17:14:00,7,33,Landes de Gascogne,33097,Carcans,45.0794,-1.0404,0.8,0.8,False,Naturelle,,
2018,2018-07-19 17:28:00,7,33,Landes de Gascogne,33527,Le Teich,44.5805,-1.0234,0.0003,0.0003,False,Inconnue,,
2018,2018-07-20 11:53:00,7,06,Alpes-Maritimes,06133,Sauze,44.0862,6.7987,0.006,0.006,False,Inconnue,,
2018,2018-07-20 15:01:00,7,33,Landes de Gascogne,33260,Lugos,44.4782,-0.9241,1.0,1.0,False,Involontaire (particulier),,
2018,2018-07-21 16:48:00,7,06,Alpes-Maritimes,06075,Levens,43.8501,7.2358,0.0006,0.0006,False,Inconnue,,
2018,2018-07-22 10:32:00,7,33,Landes de Gascogne,33336,Préchac,44.3859,-0.3715,0.01,0.01,False,Naturelle,,
2018,2018-07-24 15:20:00,7,06,Alpes-Maritimes,06126,Saint-Martin-du-Var,43.8168,7.2012,0.03,0.0,False,Inconnue,,
2018,2018-07-27 04:50:00,7,33,Landes de Gascogne,33097,Carcans,45.0794,-1.0404,0.2,0.2,False,Inconnue,,
2018,2018-07-27 07:01:00,7,33,Landes de Gascogne,33236,Lège-Cap-Ferret,44.7452,-1.174,0.0001,0.0001,False,Inconnue,,
2018,2018-07-27 17:04:00,7,33,Landes de Gascogne,33322,Le Pian-Médoc,44.9555,-0.6737,2.0,2.0,False,Inconnue,,
2018,2018-07-28 18:01:00,7,33,Landes de Gascogne,33322,Le Pian-Médoc,44.9555,-0.6737,2.25,2.25,False,Inconnue,,
2018,2018-07-29 12:13:00,7,40,Landes de Gascogne,40326,Vielle-Saint-Girons,43.9429,-1.3219,0.05,0.05,False,Inconnue,,
2018,2018-07-29 23:12:00,7,33,Landes de Gascogne,33338,Prignac-en-Médoc,,,0.01,0.01,False,Accidentelle,,
2018,2018-07-30 12:28:00,7,33,Landes de Gascogne,33238,Léognan,44.7236,-0.6172,0.04,0.04,False,Involontaire (particulier),,
2018,2018-07-31 14:46:00,7,40,Landes de Gascogne,40228,Pomarez,43.6208,-0.8394,0.3,0.3,False,Inconnue,,
2018,2018-08-02 05:38:00,8,40,Landes de Gascogne,40326,Vielle-Saint-Girons,43.9429,-1.3219,0.01,0.01,False,Inconnue,,
2018,2018-08-02 06:32:00,8,33,Landes de Gascogne,33097,Carcans,45.0794,-1.0404,0.4,0.4,False,Inconnue,,
2018,2018-08-02 17:00:00,8,06,Alpes-Maritimes,06161,Villeneuve-Loubet,43.647,7.0984,0.48,0.0,False,Inconnue,,
2018,2018-08-02 17:38:00,8,33,Landes de Gascogne,33097,Carcans,45.0794,-1.0404,0.3,0.3,False,Inconnue,,
2018,2018-08-03 16:36:00,8,33,Landes de Gascogne,33456,Saint-Palais,45.3078,-0.6007,0.6,0.4,False,Inconnue,,
2018,2018-08-04 09:28:00,8,06,Alpes-Maritimes,06142,Touët-de-l'Escarène,43.8516,7.3799,0.01,0.005,False,Naturelle,,
2018,2018-08-04 18:18:00,8,33,Landes de Gascogne,33498,Salles,44.536,-0.8899,0.6,0.6,False,Inconnue,,
2018,2018-08-06 00:28:00,8,33,Landes de Gascogne,33544,Le Verdon-sur-Mer,45.5481,-1.0826,0.15,0.15,False,Inconnue,,
2018,2018-08-06 00:28:00,8,33,Landes de Gascogne,33190,Goualade,44.3182,-0.1252,0.3,0.3,False,Inconnue,,
2018,2018-08-06 13:06:00,8,33,Landes de Gascogne,33026,Balizac,44.4878,-0.45,0.1,0.1,False,Accidentelle,,
2018,2018-08-06 14:43:00,8,40,Landes de Gascogne,40267,Saint-Justin,43.9907,-0.2265,0.01,0.01,False,Involontaire (travaux),,
2018,2018-08-06 15:19:00,8,33,Landes de Gascogne,33226,Langoiran,44.7071,-0.3734,0.5,0.5,False,Inconnue,,
2018,2018-08-06 16:47:00,8,33,Landes de Gascogne,33272,Marsas,45.0628,-0.3769,1.0,1.0,False,Inconnue,,
2018,2018-08-07 07:10:00,8,33,Landes de Gascogne,33498,Salles,44.536,-0.8899,5.0,5.0,False,Inconnue,,
2018,2018-08-07 18:13:00,8,33,Landes de Gascogne,33473,Saint-Savin,45.1611,-0.4449,0.15,0.15,False,Inconnue,,
2018,2018-08-07 18:32:00,8,33,Landes de Gascogne,33473,Saint-Savin,45.1611,-0.4449,0.01,0.01,False,Inconnue,,
2018,2018-08-08 02:10:00,8,33,Landes de Gascogne,33544,Le Verdon-sur-Mer,45.5481,-1.0826,0.1,0.1,False,Inconnue,,
2018,2018-08-08 09:47:00,8,33,Landes de Gascogne,33473,Saint-Savin,45.1611,-0.4449,0.01,0.01,False,Inconnue,,
2018,2018-08-08 13:34:00,8,33,Landes de Gascogne,33281,Mérignac,44.8313,-0.682,0.001,0.001,False,Accidentelle,,
2018,2018-08-08 16:02:00,8,06,Alpes-Maritimes,06023,Breil-sur-Roya,43.9379,7.4996,0.1,0.05,False,Naturelle,,
2018,2018-08-08 17:27:00,8,06,Alpes-Maritimes,06088,Nice,43.7032,7.2528,0.02,0.0,False,Accidentelle,,
2018,2018-08-10 18:04:00,8,33,Landes de Gascogne,33097,Carcans,45.0794,-1.0404,0.04,0.04,False,Inconnue,,
2018,2018-08-12 18:59:00,8,33,Landes de Gascogne,33233,Laruscade,45.1206,-0.3394,0.1,0.01,False,Accidentelle,,
2018,2018-08-15 16:29:00,8,33,Landes de Gascogne,33226,Langoiran,44.7071,-0.3734,0.2,0.2,False,Inconnue,,
2018,2018-08-17 02:11:00,8,33,Landes de Gascogne,33424,Saint-Laurent-Médoc,45.1402,-0.8557,0.3,0.3,False,Inconnue,,
2018,2018-08-17 14:37:00,8,33,Landes de Gascogne,33525,Tauriac,45.0524,-0.5059,0.103,0.003,False,Inconnue,,
2018,2018-08-17 15:55:00,8,33,Landes de Gascogne,33441,Saint-Martin-Lacaussade,45.1397,-0.6411,0.0545,0.0045,False,Inconnue,,
2018,2018-08-17 18:13:00,8,40,Landes de Gascogne,40094,Escource,44.1639,-1.0361,0.2066,0.2066,False,Inconnue,,
2018,2018-08-18 14:40:00,8,33,Landes de Gascogne,33095,Captieux,44.2621,-0.2981,0.32,0.32,False,Inconnue,,
2018,2018-08-18 18:46:00,8,33,Landes de Gascogne,33262,Macau,45.0112,-0.6086,0.3,0.3,False,Inconnue,,
2018,2018-08-18 19:54:00,8,33,Landes de Gascogne,33063,Bordeaux,44.8624,-0.5848,0.01,0.01,False,Involontaire (particulier),,
2018,2018-08-19 17:23:00,8,33,Landes de Gascogne,33284,Mios,44.6105,-0.8913,0.2,0.2,False,Inconnue,,
2018,2018-08-20 16:32:00,8,33,Landes de Gascogne,33389,Saint-Ciers-sur-Gironde,45.2947,-0.6648,0.15,0.15,False,Accidentelle,,
2018,2018-08-22 21:10:00,8,40,Landes de Gascogne,40025,Bascons,43.8337,-0.4233,0.3,0.15,False,Inconnue,,
2018,2018-08-23 11:26:00,8,33,Landes de Gascogne,33070,Brach,45.0409,-0.9468,0.15,0.15,False,Inconnue,,
2018,2018-08-23 17:06:00,8,06,Alpes-Maritimes,06136,Sospel,43.8872,7.4493,0.005,0.0024,False,Inconnue,,
2018,2018-08-26 09:26:00,8,40,Landes de Gascogne,40169,Maillas,44.212,-0.1786,0.05,0.05,False,Inconnue,,
2018,2018-08-27 00:07:00,8,33,Landes de Gascogne,33226,Langoiran,44.7071,-0.3734,0.02,0.02,False,Inconnue,,
2018,2018-08-27 14:20:00,8,40,Landes de Gascogne,40169,Maillas,44.212,-0.1786,0.15,0.15,False,Inconnue,,
2018,2018-08-28 12:06:00,8,40,Landes de Gascogne,40043,Bias,44.1347,-1.2379,1.5,1.5,False,Inconnue,,
2018,2018-08-28 12:50:00,8,33,Landes de Gascogne,33422,Saint-Jean-d'Illac,44.7973,-0.8156,0.001,0.001,False,Inconnue,,
2018,2018-08-28 16:44:00,8,06,Alpes-Maritimes,06088,Nice,43.7032,7.2528,0.08,0.0376,False,Inconnue,,
2018,2018-08-28 19:35:00,8,33,Landes de Gascogne,33274,Martillac,44.7176,-0.558,0.05,0.05,False,Inconnue,,
2018,2018-08-28 20:56:00,8,33,Landes de Gascogne,33534,Le Tourne,44.7182,-0.3974,0.0809,0.08,False,Inconnue,,
2018,2018-08-28 20:56:00,8,33,Landes de Gascogne,33385,Saint-Christophe-de-Double,45.0838,0.0233,2.0,2.0,False,Inconnue,,
2018,2018-08-28 21:43:00,8,33,Landes de Gascogne,33304,Neuffons,44.6481,0.0125,0.5,0.5,False,Inconnue,,
2018,2018-08-29 08:59:00,8,33,Landes de Gascogne,33528,Le Temple,44.8662,-0.9609,0.001,0.001,False,Naturelle,,
2018,2018-08-29 10:02:00,8,33,Landes de Gascogne,33076,Budos,44.537,-0.4058,0.002,0.002,False,Naturelle,,
2018,2018-08-29 14:37:00,8,33,Landes de Gascogne,33501,Saucats,44.6476,-0.6377,3.0,3.0,False,Naturelle,,
2018,2018-08-29 15:09:00,8,33,Landes de Gascogne,33436,Saint-Magne,44.559,-0.6623,0.0005,0.0005,False,Naturelle,,
2018,2018-08-29 15:44:00,8,33,Landes de Gascogne,33422,Saint-Jean-d'Illac,44.7973,-0.8156,0.25,0.25,False,Naturelle,,
2018,2018-08-29 17:09:00,8,40,Landes de Gascogne,40331,Villeneuve-de-Marsan,43.9087,-0.3057,0.05,0.05,False,Naturelle,,
2018,2018-08-30 12:40:00,8,06,Alpes-Maritimes,06104,Roquebrune-Cap-Martin,43.7638,7.4576,0.2,0.1,False,Involontaire (particulier),,
2018,2018-08-30 13:05:00,8,33,Landes de Gascogne,33203,Hourtin,45.1831,-1.0534,0.015,0.015,False,Inconnue,,
2018,2018-08-30 15:37:00,8,33,Landes de Gascogne,33197,Guillos,44.5507,-0.5235,0.015,0.015,False,Naturelle,,
2018,2018-08-30 16:16:00,8,40,Landes de Gascogne,40197,Morcenx-la-Nouvelle,44.0318,-0.9147,0.05,0.05,False,Naturelle,,
2018,2018-08-30 19:24:00,8,40,Landes de Gascogne,40243,Rion-des-Landes,43.9318,-0.9436,1.3,1.3,False,Naturelle,,
2018,2018-08-30 20:33:00,8,40,Landes de Gascogne,40111,Geloux,43.9784,-0.6374,1.3,1.3,False,Naturelle,,
2018,2018-08-30 21:06:00,8,40,Landes de Gascogne,40094,Escource,44.1639,-1.0361,1.0,0.5,False,Naturelle,,
2018,2018-08-31 12:45:00,8,33,Landes de Gascogne,33417,Sainte-Hélène,44.9653,-0.9071,3.0,3.0,False,Inconnue,,
2018,2018-08-31 16:06:00,8,33,Landes de Gascogne,33012,Arsac,44.9869,-0.7018,0.2,0.2,False,Accidentelle,,
2018,2018-08-31 16:26:00,8,33,Landes de Gascogne,33498,Salles,44.536,-0.8899,1.0,1.0,False,Inconnue,,
2018,2018-08-31 19:04:00,8,33,Landes de Gascogne,33332,Porchères,45.0363,-0.0003,0.02,0.02,False,Accidentelle,,
2018,2018-09-01 13:56:00,9,06,Alpes-Maritimes,06039,Châteauneuf-Villevieille,43.8007,7.2951,0.15,0.0,False,Naturelle,,
2018,2018-09-01 16:54:00,9,33,Landes de Gascogne,33502,Saugon,45.1864,-0.5006,1.0,1.0,False,Inconnue,,
2018,2018-09-02 01:18:00,9,33,Landes de Gascogne,33190,Goualade,44.3182,-0.1252,0.15,0.15,False,Inconnue,,
2018,2018-09-03 13:31:00,9,33,Landes de Gascogne,33498,Salles,44.536,-0.8899,0.02,0.02,False,Inconnue,,
2018,2018-09-03 14:48:00,9,33,Landes de Gascogne,33449,Saint-Médard-en-Jalles,44.8861,-0.7823,0.2,0.2,False,Inconnue,,
2018,2018-09-04 11:40:00,9,40,Landes de Gascogne,40278,Saint-Paul-en-Born,44.2083,-1.155,0.0834,0.0834,False,Accidentelle,,
2018,2018-09-04 12:52:00,9,33,Landes de Gascogne,33236,Lège-Cap-Ferret,44.7452,-1.174,0.06,0.06,False,Accidentelle,,
2018,2018-09-04 14:19:00,9,33,Landes de Gascogne,33385,Saint-Christophe-de-Double,45.0838,0.0233,4.9997,4.9997,False,Inconnue,,
2018,2018-09-04 17:14:00,9,40,Landes de Gascogne,40245,Roquefort,44.0378,-0.3287,0.1,0.1,False,Inconnue,,
2018,2018-09-04 21:12:00,9,40,Landes de Gascogne,40326,Vielle-Saint-Girons,43.9429,-1.3219,0.04,0.04,False,Inconnue,,
2018,2018-09-06 10:20:00,9,40,Landes de Gascogne,40168,Magescq,43.7753,-1.1841,0.0025,0.0025,False,Naturelle,,
2018,2018-09-07 15:49:00,9,40,Landes de Gascogne,40150,Léon,43.8474,-1.2768,0.45,0.45,False,Inconnue,,
2018,2018-09-08 10:20:00,9,40,Landes de Gascogne,40168,Magescq,43.7753,-1.1841,0.25,0.25,False,Naturelle,,
2018,2018-09-10 14:50:00,9,33,Landes de Gascogne,33229,Lanton,44.7719,-0.9799,0.15,0.15,False,Inconnue,,
2018,2018-09-10 15:31:00,9,33,Landes de Gascogne,33229,Lanton,44.7719,-0.9799,0.1,0.1,False,Inconnue,,
2018,2018-09-11 13:06:00,9,40,Landes de Gascogne,40243,Rion-des-Landes,43.9318,-0.9436,7.8,7.8,False,Involontaire (travaux),,
2018,2018-09-12 16:59:00,9,33,Landes de Gascogne,33502,Saugon,45.1864,-0.5006,0.02,0.02,False,Inconnue,,
2018,2018-09-15 13:39:00,9,33,Landes de Gascogne,33503,Saumos,44.9119,-1.0029,0.1,0.1,False,Inconnue,,
2018,2018-09-15 17:44:00,9,33,Landes de Gascogne,33445,Saint-Martin-du-Bois,45.0218,-0.2615,0.05,0.05,False,Inconnue,,
2018,2018-09-15 17:57:00,9,40,Landes de Gascogne,40287,Sanguinet,44.4776,-1.0903,0.66,0.16,False,Inconnue,,
2018,2018-09-15 18:36:00,9,33,Landes de Gascogne,33233,Laruscade,45.1206,-0.3394,0.25,0.25,False,Inconnue,,
2018,2018-09-15 19:06:00,9,33,Landes de Gascogne,33284,Mios,44.6105,-0.8913,0.6,0.6,False,Inconnue,,
2018,2018-09-15 19:23:00,9,33,Landes de Gascogne,33529,La Teste-de-Buch,44.586,-1.1809,4.0,4.0,False,Inconnue,,
2018,2018-09-16 00:58:00,9,33,Landes de Gascogne,33214,Lacanau,44.9879,-1.096,0.05,0.05,False,Inconnue,,
2018,2018-09-17 08:33:00,9,33,Landes de Gascogne,33501,Saucats,44.6476,-0.6377,1.0,1.0,False,Accidentelle,,
2018,2018-09-18 15:17:00,9,33,Landes de Gascogne,33498,Salles,44.536,-0.8899,0.6,0.6,False,Inconnue,,
2018,2018-09-19 16:42:00,9,40,Landes de Gascogne,40075,Castets,43.8806,-1.1487,0.05,0.05,False,Inconnue,,
2018,2018-09-20 15:14:00,9,33,Landes de Gascogne,33529,La Teste-de-Buch,44.586,-1.1809,0.09,0.09,False,Inconnue,,
2018,2018-09-23 09:09:00,9,33,Landes de Gascogne,33226,Langoiran,44.7071,-0.3734,0.002,0.002,False,Inconnue,,
2018,2018-09-24 13:56:00,9,06,Alpes-Maritimes,06104,Roquebrune-Cap-Martin,43.7638,7.4576,0.9,0.5,False,Involontaire (particulier),,
2018,2018-09-26 13:20:00,9,33,Landes de Gascogne,33011,Arès,44.7997,-1.0837,2.5,2.5,False,Inconnue,,
2018,2018-09-26 14:29:00,9,33,Landes de Gascogne,33159,Étauliers,45.2221,-0.5851,1.5,1.5,False,Inconnue,,
2018,2018-09-26 16:45:00,9,33,Landes de Gascogne,33449,Saint-Médard-en-Jalles,44.8861,-0.7823,0.006,0.003,False,Inconnue,,
2018,2018-09-27 08:13:00,9,33,Landes de Gascogne,33322,Le Pian-Médoc,44.9555,-0.6737,0.4,0.4,False,Inconnue,,
2018,2018-09-27 14:00:00,9,33,Landes de Gascogne,33417,Sainte-Hélène,44.9653,-0.9071,0.5,0.5,False,Inconnue,,
2018,2018-09-28 14:05:00,9,33,Landes de Gascogne,33416,Saint-Girons-d'Aiguevives,45.1465,-0.5376,1.0,1.0,False,Inconnue,,
2018,2018-09-29 22:09:00,9,33,Landes de Gascogne,33274,Martillac,44.7176,-0.558,0.3,0.3,False,Inconnue,,
2018,2018-09-30 16:40:00,9,33,Landes de Gascogne,33452,Saint-Michel-de-Rieufret,44.6273,-0.4453,0.001,0.001,False,Inconnue,,
2018,2018-10-02 19:17:00,10,33,Landes de Gascogne,33484,Saint-Symphorien,44.4261,-0.5505,0.001,0.001,False,Inconnue,,
2018,2018-10-02 19:50:00,10,33,Landes de Gascogne,33484,Saint-Symphorien,44.4261,-0.5505,0.015,0.015,False,Inconnue,,
2018,2018-10-02 22:40:00,10,33,Landes de Gascogne,33422,Saint-Jean-d'Illac,44.7973,-0.8156,0.05,0.05,False,Inconnue,,
2018,2018-10-03 00:53:00,10,40,Landes de Gascogne,40051,Bougue,43.9018,-0.4033,1.4,1.4,False,Inconnue,,
2018,2018-10-03 15:01:00,10,33,Landes de Gascogne,33527,Le Teich,44.5805,-1.0234,1.51,1.5,False,Inconnue,,
2018,2018-10-03 15:04:00,10,40,Landes de Gascogne,40217,Parentis-en-Born,44.3527,-1.0879,0.86,0.86,False,Inconnue,,
2018,2018-10-03 17:07:00,10,40,Landes de Gascogne,40134,Labouheyre,44.2243,-0.9107,0.08,0.08,False,Involontaire (travaux),,
2018,2018-10-04 13:43:00,10,06,Alpes-Maritimes,06042,Clans,44.003,7.1827,0.5,0.0,False,Involontaire (particulier),,
2018,2018-10-04 14:16:00,10,06,Alpes-Maritimes,06157,Vence,43.7373,7.0995,0.01,0.0,False,Involontaire (particulier),,
2018,2018-10-04 14:26:00,10,06,Alpes-Maritimes,06141,Toudon,43.8857,7.1094,0.001,0.001,False,Naturelle,,
2018,2018-10-14 09:41:00,10,33,Landes de Gascogne,33115,Cazalis,44.3304,-0.3875,0.25,0.25,False,Accidentelle,,
2018,2018-10-21 15:35:00,10,33,Landes de Gascogne,33300,Naujac-sur-Mer,45.2596,-1.0643,0.2,0.1,False,Accidentelle,,
2018,2018-10-24 13:35:00,10,33,Landes de Gascogne,33214,Lacanau,44.9879,-1.096,0.2,0.2,False,Inconnue,,
2018,2018-10-25 17:25:00,10,33,Landes de Gascogne,33300,Naujac-sur-Mer,45.2596,-1.0643,2.0,2.0,False,Accidentelle,,
2018,2018-12-19 14:40:00,12,40,Landes de Gascogne,40028,Bastennes,43.6504,-0.7802,0.0015,0.0015,False,Naturelle,,
2018,2018-12-26 16:20:00,12,06,Alpes-Maritimes,06074,Lantosque,43.9787,7.3121,0.5,0.0,False,Accidentelle,,
2018,2018-12-30 13:58:00,12,40,Landes de Gascogne,40080,Cazères-sur-l'Adour,43.7729,-0.2777,0.006,0.006,False,Inconnue,,
2019,2019-01-05 16:10:00,1,06,Alpes-Maritimes,06074,Lantosque,43.9787,7.3121,0.5,0.235,False,Inconnue,,
2019,2019-01-07 16:41:00,1,40,Landes de Gascogne,40192,Mont-de-Marsan,43.8931,-0.5009,0.005,0.005,False,Inconnue,,
2019,2019-01-11 21:16:00,1,06,Alpes-Maritimes,06066,Gilette,43.8436,7.1602,2.0,0.94,False,Involontaire (travaux),,
2019,2019-01-12 11:34:00,1,06,Alpes-Maritimes,06070,Gréolières,43.8037,6.9296,8.0,0.0,False,Involontaire (particulier),,
2019,2019-01-13 16:45:00,1,06,Alpes-Maritimes,06098,Puget-Rostang,44.0056,6.9333,3.0,0.0,False,Malveillance,,
2019,2019-01-14 11:52:00,1,06,Alpes-Maritimes,06053,Daluis,44.0426,6.8045,6.0,0.0,False,Inconnue,,
2019,2019-01-26 17:38:00,1,06,Alpes-Maritimes,06013,Belvédère,44.0615,7.3612,0.8,0.376,False,Inconnue,,
2019,2019-01-27 11:10:00,1,06,Alpes-Maritimes,06148,Tourrettes-sur-Loup,43.718,7.0353,73.4,7.0,False,Malveillance,,
2019,2019-01-27 17:01:00,1,06,Alpes-Maritimes,06077,Lucéram,43.8997,7.3506,1.0,0.47,False,Involontaire (particulier),,
2019,2019-01-29 14:30:00,1,06,Alpes-Maritimes,06049,Courmes,43.7514,7.0196,3.0,1.41,False,Malveillance,,
2019,2019-02-11 11:56:00,2,06,Alpes-Maritimes,06074,Lantosque,43.9787,7.3121,0.15,0.0705,False,Involontaire (particulier),,
2019,2019-02-13 13:57:00,2,33,Landes de Gascogne,33284,Mios,44.6105,-0.8913,0.005,0.005,False,Inconnue,,
2019,2019-02-14 12:52:00,2,06,Alpes-Maritimes,06074,Lantosque,43.9787,7.3121,29.0,7.0,False,Inconnue,,
2019,2019-02-14 12:52:00,2,06,Alpes-Maritimes,06074,Lantosque,43.9787,7.3121,10.0,2.0,False,Inconnue,,
2019,2019-02-15 09:53:00,2,06,Alpes-Maritimes,06070,Gréolières,43.8037,6.9296,0.03,0.0141,False,Involontaire (particulier),,
2019,2019-02-15 13:01:00,2,06,Alpes-Maritimes,06049,Courmes,43.7514,7.0196,1.0,0.47,False,Malveillance,,
2019,2019-02-20 11:52:00,2,06,Alpes-Maritimes,06018,Biot,43.6273,7.0821,0.05,0.0235,False,Inconnue,,
2019,2019-02-20 14:40:00,2,33,Landes de Gascogne,33555,Marcheprime,44.7033,-0.8557,0.15,0.15,False,Involontaire (travaux),,
2019,2019-02-22 14:14:00,2,40,Landes de Gascogne,40272,Saint-Martin-de-Hinx,43.5803,-1.2684,1.0,1.0,False,Involontaire (particulier),,
2019,2019-02-22 15:18:00,2,33,Landes de Gascogne,33012,Arsac,44.9869,-0.7018,5.0,5.0,False,Inconnue,,
2019,2019-02-23 13:40:00,2,33,Landes de Gascogne,33036,Bazas,44.4409,-0.2177,4.0,4.0,False,Inconnue,,
2019,2019-02-23 14:00:00,2,33,Landes de Gascogne,33527,Le Teich,44.5805,-1.0234,43.53,43.53,False,Inconnue,,
2019,2019-02-23 17:48:00,2,40,Landes de Gascogne,40002,Amou,43.5891,-0.7464,0.25,0.25,False,Involontaire (particulier),,
2019,2019-02-24 14:44:00,2,33,Landes de Gascogne,33051,Biganos,44.6599,-0.9582,0.05,0.05,False,Involontaire (travaux),,
2019,2019-02-25 12:04:00,2,06,Alpes-Maritimes,06074,Lantosque,43.9787,7.3121,37.0,7.0,False,Malveillance,,
2019,2019-02-26 05:37:00,2,40,Landes de Gascogne,40178,Mazerolles,43.8848,-0.4334,0.03,0.03,False,Inconnue,,
2019,2019-02-26 14:14:00,2,33,Landes de Gascogne,33519,Le Taillan-Médoc,44.9123,-0.6785,0.25,0.25,False,Accidentelle,,
2019,2019-02-27 15:04:00,2,33,Landes de Gascogne,33284,Mios,44.6105,-0.8913,0.04,0.04,False,Inconnue,,
2019,2019-02-27 16:17:00,2,40,Landes de Gascogne,40284,Saint-Vincent-de-Tyrosse,43.663,-1.3013,0.1954,0.1954,False,Involontaire (particulier),,
2019,2019-02-27 17:26:00,2,06,Alpes-Maritimes,06103,Roquebillière,44.0282,7.2885,0.02,0.0094,False,Malveillance,,
2019,2019-02-27 18:48:00,2,06,Alpes-Maritimes,06074,Lantosque,43.9787,7.3121,0.02,0.0094,False,Inconnue,,
2019,2019-02-27 19:45:00,2,06,Alpes-Maritimes,06103,Roquebillière,44.0282,7.2885,0.03,0.0141,False,Malveillance,,
2019,2019-02-28 11:38:00,2,40,Landes de Gascogne,40233,Pouillon,43.6067,-1.0,0.4,0.4,False,Involontaire (particulier),,
2019,2019-03-01 17:21:00,3,33,Landes de Gascogne,33233,Laruscade,45.1206,-0.3394,2.5,2.0,False,Involontaire (particulier),,
2019,2019-03-01 18:46:00,3,06,Alpes-Maritimes,06115,Saint-Antonin,43.9085,6.9739,0.05,0.0235,False,Inconnue,,
2019,2019-03-01 19:23:00,3,06,Alpes-Maritimes,06094,Péone,44.1333,6.925,0.03,0.0141,False,Involontaire (particulier),,
2019,2019-03-01 22:38:00,3,06,Alpes-Maritimes,06037,Caussols,43.7387,6.9071,0.15,0.0705,False,Malveillance,,
2019,2019-03-01 23:00:00,3,06,Alpes-Maritimes,06037,Caussols,43.7387,6.9071,0.1,0.047,False,Inconnue,,
2019,2019-03-02 13:23:00,3,33,Landes de Gascogne,33270,Marimbault,44.4122,-0.2573,1.8,1.8,False,Malveillance,,
2019,2019-03-03 02:00:00,3,06,Alpes-Maritimes,06022,Bouyon,43.8272,7.125,0.25,0.1175,False,Inconnue,,
2019,2019-03-03 17:06:00,3,33,Landes de Gascogne,33046,Bernos-Beaulac,44.3641,-0.259,0.5,0.5,False,Inconnue,,
2019,2019-03-03 19:14:00,3,33,Landes de Gascogne,33202,Hostens,44.4834,-0.6616,16.0,16.0,False,Inconnue,,
2019,2019-03-04 14:49:00,3,33,Landes de Gascogne,33436,Saint-Magne,44.559,-0.6623,0.05,0.05,False,Inconnue,,
2019,2019-03-04 15:12:00,3,06,Alpes-Maritimes,06153,Valdeblore,44.1152,7.1949,34.21,10.0,False,Malveillance,,
2019,2019-03-05 14:11:00,3,33,Landes de Gascogne,33284,Mios,44.6105,-0.8913,0.25,0.15,False,Inconnue,,
2019,2019-03-05 18:33:00,3,06,Alpes-Maritimes,06042,Clans,44.003,7.1827,137.0,52.0,True,Malveillance,,
2019,2019-03-06 15:43:00,3,40,Landes de Gascogne,40310,Soustons,43.754,-1.3305,20.69,18.25,False,Inconnue,,
2019,2019-03-06 19:04:00,3,06,Alpes-Maritimes,06103,Roquebillière,44.0282,7.2885,0.04,0.0188,False,Inconnue,,
2019,2019-03-11 12:30:00,3,06,Alpes-Maritimes,06105,Roquefort-les-Pins,43.6723,7.0565,0.25,0.1175,False,Involontaire (particulier),,
2019,2019-03-12 09:38:00,3,06,Alpes-Maritimes,06062,Fontan,44.0213,7.5527,180.0,165.0,True,Involontaire (travaux),,
2019,2019-03-14 20:23:00,3,06,Alpes-Maritimes,06130,Saint-Vallier-de-Thiey,43.6994,6.8516,3.27,1.27,False,Inconnue,,
2019,2019-03-16 13:46:00,3,33,Landes de Gascogne,33019,Audenge,44.7133,-0.9533,0.05,0.05,False,Inconnue,,
2019,2019-03-16 14:10:00,3,33,Landes de Gascogne,33019,Audenge,44.7133,-0.9533,0.01,0.01,False,Inconnue,,
2019,2019-03-17 12:34:00,3,33,Landes de Gascogne,33207,Izon,44.9188,-0.3561,0.0015,0.0015,False,Inconnue,,
2019,2019-03-18 16:23:00,3,40,Landes de Gascogne,40031,Bégaar,43.8305,-0.869,0.8,0.8,False,Involontaire (particulier),,
2019,2019-03-21 09:25:00,3,33,Landes de Gascogne,33492,Saint-Yzan-de-Soudiac,45.1548,-0.4047,0.002,0.002,False,Accidentelle,,
2019,2019-03-22 14:31:00,3,40,Landes de Gascogne,40164,Retjons,44.1399,-0.2929,0.4,0.4,False,Involontaire (particulier),,
2019,2019-03-25 12:34:00,3,33,Landes de Gascogne,33192,Gradignan,44.7681,-0.6163,0.003,0.003,False,Malveillance,,
2019,2019-03-25 18:06:00,3,33,Landes de Gascogne,33233,Laruscade,45.1206,-0.3394,0.001,0.001,False,Inconnue,,
2019,2019-03-26 00:24:00,3,06,Alpes-Maritimes,06013,Belvédère,44.0615,7.3612,5.0,0.0,False,Malveillance,,
2019,2019-03-26 01:35:00,3,06,Alpes-Maritimes,06132,Saorge,43.9935,7.5403,0.02,0.0094,False,Inconnue,,
2019,2019-03-26 07:49:00,3,06,Alpes-Maritimes,06013,Belvédère,44.0615,7.3612,0.03,0.0141,False,Malveillance,,
2019,2019-03-26 10:27:00,3,06,Alpes-Maritimes,06158,Villars-sur-Var,43.9564,7.076,1.0,0.47,False,Accidentelle,,
2019,2019-03-28 17:26:00,3,33,Landes de Gascogne,33214,Lacanau,44.9879,-1.096,0.3,0.3,False,Malveillance,,
2019,2019-03-29 12:45:00,3,40,Landes de Gascogne,40133,Labenne,43.5982,-1.4371,0.25,0.25,False,Inconnue,,
2019,2019-03-29 18:13:00,3,33,Landes de Gascogne,33449,Saint-Médard-en-Jalles,44.8861,-0.7823,0.005,0.005,False,Inconnue,,
2019,2019-03-29 22:06:00,3,33,Landes de Gascogne,33011,Arès,44.7997,-1.0837,0.1,0.1,False,Inconnue,,
2019,2019-03-30 10:09:00,3,33,Landes de Gascogne,33351,Reignac,45.2292,-0.5179,2.0,2.0,False,Accidentelle,,
2019,2019-03-30 11:42:00,3,40,Landes de Gascogne,40134,Labouheyre,44.2243,-0.9107,0.03,0.03,False,Accidentelle,,
2019,2019-03-30 14:23:00,3,06,Alpes-Maritimes,06090,Pégomas,43.5886,6.9213,0.1,0.047,False,Involontaire (particulier),,
2019,2019-03-30 16:49:00,3,33,Landes de Gascogne,33115,Cazalis,44.3304,-0.3875,0.1,0.1,False,Involontaire (travaux),,
2019,2019-03-31 10:56:00,3,06,Alpes-Maritimes,06151,Utelle,43.9392,7.2458,0.15,0.0705,False,Inconnue,,
2019,2019-03-31 15:58:00,3,33,Landes de Gascogne,33544,Le Verdon-sur-Mer,45.5481,-1.0826,0.01,0.01,False,Inconnue,,
2019,2019-04-01 11:33:00,4,06,Alpes-Maritimes,06120,Saint-Étienne-de-Tinée,44.2597,6.9252,0.3,0.141,False,Involontaire (particulier),,
2019,2019-04-01 20:46:00,4,33,Landes de Gascogne,33382,Saint-Christoly-de-Blaye,45.1499,-0.4967,1.0,1.0,False,Inconnue,,
2019,2019-04-02 20:00:00,4,33,Landes de Gascogne,33225,Landiras,44.5696,-0.4333,0.6,0.6,False,Inconnue,,
2019,2019-04-05 08:03:00,4,33,Landes de Gascogne,33146,Cussac-Fort-Médoc,45.1207,-0.726,0.01,0.01,False,Involontaire (travaux),,
2019,2019-04-09 18:58:00,4,06,Alpes-Maritimes,06093,La Penne,43.9202,6.9361,0.12,0.0564,False,Inconnue,,
2019,2019-04-13 12:55:00,4,40,Landes de Gascogne,40043,Bias,44.1347,-1.2379,0.4,0.4,False,Inconnue,,
2019,2019-04-14 08:20:00,4,33,Landes de Gascogne,33502,Saugon,45.1864,-0.5006,0.04,0.04,False,Accidentelle,,
2019,2019-04-15 15:31:00,4,33,Landes de Gascogne,33122,Cestas,44.7274,-0.7349,0.5,0.5,False,Inconnue,,
2019,2019-04-15 16:53:00,4,33,Landes de Gascogne,33251,Louchats,44.5104,-0.5691,15.0,15.0,False,Involontaire (travaux),,
2019,2019-04-15 17:01:00,4,40,Landes de Gascogne,40163,Lüe,44.2337,-0.9858,3.1,3.1,False,Involontaire (travaux),,
2019,2019-04-15 18:32:00,4,40,Landes de Gascogne,40168,Magescq,43.7753,-1.1841,0.25,0.25,False,Naturelle,,
2019,2019-04-16 15:28:00,4,33,Landes de Gascogne,33474,Saint-Selve,44.6574,-0.4726,0.0085,0.0035,False,Inconnue,,
2019,2019-04-19 17:46:00,4,33,Landes de Gascogne,33056,Blanquefort,44.9216,-0.61,0.03,0.03,False,Accidentelle,,
2019,2019-04-19 17:55:00,4,33,Landes de Gascogne,33214,Lacanau,44.9879,-1.096,4.0,4.0,False,Malveillance,,
2019,2019-05-06 14:49:00,5,40,Landes de Gascogne,40332,Ychoux,44.3545,-0.9643,2.8,2.8,False,Involontaire (travaux),,
2019,2019-05-06 23:22:00,5,33,Landes de Gascogne,33226,Langoiran,44.7071,-0.3734,0.01,0.01,False,Inconnue,,
2019,2019-05-12 20:26:00,5,33,Landes de Gascogne,33255,Lucmau,44.2955,-0.3364,0.16,0.16,False,Accidentelle,,
2019,2019-05-13 17:34:00,5,06,Alpes-Maritimes,06013,Belvédère,44.0615,7.3612,0.6,0.282,False,Inconnue,,
2019,2019-05-14 18:03:00,5,33,Landes de Gascogne,33056,Blanquefort,44.9216,-0.61,0.01,0.01,False,Inconnue,,
2019,2019-05-15 02:46:00,5,33,Landes de Gascogne,33529,La Teste-de-Buch,44.586,-1.1809,0.12,0.12,False,Inconnue,,
2019,2019-05-15 16:04:00,5,33,Landes de Gascogne,33119,Cenon,44.8552,-0.5223,0.002,0.002,False,Inconnue,,
2019,2019-05-16 16:57:00,5,40,Landes de Gascogne,40278,Saint-Paul-en-Born,44.2083,-1.155,0.03,0.03,False,Involontaire (travaux),,
2019,2019-05-25 20:26:00,5,33,Landes de Gascogne,33417,Sainte-Hélène,44.9653,-0.9071,0.2,0.2,False,Inconnue,,
2019,2019-05-30 14:49:00,5,33,Landes de Gascogne,33151,Donnezac,45.2397,-0.4468,1.0,1.0,False,Inconnue,,
2019,2019-05-31 13:02:00,5,33,Landes de Gascogne,33214,Lacanau,44.9879,-1.096,0.1,0.1,False,Inconnue,,
2019,2019-05-31 14:02:00,5,40,Landes de Gascogne,40006,Arengosse,44.0299,-0.7811,3.4,3.4,False,Involontaire (travaux),,
2019,2019-06-01 15:39:00,6,40,Landes de Gascogne,40287,Sanguinet,44.4776,-1.0903,0.001,0.001,False,Inconnue,,
2019,2019-06-01 20:16:00,6,33,Landes de Gascogne,33123,Cézac,45.0867,-0.4171,0.07,0.07,False,Inconnue,,
2019,2019-06-02 14:18:00,6,33,Landes de Gascogne,33199,Gujan-Mestras,44.5758,-1.0813,0.08,0.08,False,Inconnue,,
2019,2019-06-03 19:27:00,6,33,Landes de Gascogne,33151,Donnezac,45.2397,-0.4468,0.001,0.001,False,Inconnue,,
2019,2019-06-04 13:19:00,6,33,Landes de Gascogne,33026,Balizac,44.4878,-0.45,2.5,2.5,False,Inconnue,,
2019,2019-06-04 16:28:00,6,40,Landes de Gascogne,40307,Sore,44.3073,-0.6021,0.1388,0.1388,False,Involontaire (travaux),,
2019,2019-06-09 17:09:00,6,06,Alpes-Maritimes,06021,Bonson,43.8613,7.1786,0.05,0.0235,False,Inconnue,,
2019,2019-06-14 14:10:00,6,06,Alpes-Maritimes,06033,Carros,43.785,7.1798,0.5,0.235,False,Inconnue,,
2019,2019-06-17 13:40:00,6,06,Alpes-Maritimes,06035,Castellar,43.8227,7.4989,0.015,0.0071,False,Inconnue,,
2019,2019-06-17 17:10:00,6,40,Landes de Gascogne,40040,Beylongue,43.9201,-0.82,0.002,0.002,False,Involontaire (travaux),,
2019,2019-06-18 20:56:00,6,40,Landes de Gascogne,40316,Tilh,43.5819,-0.8336,0.25,0.25,False,Involontaire (particulier),,
2019,2019-06-19 14:07:00,6,40,Landes de Gascogne,40227,Pissos,44.3012,-0.7906,0.1,0.1,False,Inconnue,,
2019,2019-06-19 14:49:00,6,06,Alpes-Maritimes,06088,Nice,43.7032,7.2528,0.05,0.0235,False,Involontaire (particulier),,
2019,2019-06-19 17:45:00,6,06,Alpes-Maritimes,06155,Vallauris,43.5787,7.0604,0.7,0.329,False,Inconnue,,
2019,2019-06-20 03:54:00,6,33,Landes de Gascogne,33284,Mios,44.6105,-0.8913,0.1,0.1,False,Accidentelle,,
2019,2019-06-20 09:51:00,6,06,Alpes-Maritimes,06079,Mandelieu-la-Napoule,43.5334,6.918,0.02,0.0094,False,Involontaire (particulier),,
2019,2019-06-20 10:21:00,6,06,Alpes-Maritimes,06031,Cantaron,43.7694,7.3147,0.03,0.0141,False,Involontaire (particulier),,
2019,2019-06-20 17:04:00,6,33,Landes de Gascogne,33144,Cudos,44.3786,-0.1841,0.08,0.08,False,Inconnue,,
2019,2019-06-21 00:55:00,6,33,Landes de Gascogne,33544,Le Verdon-sur-Mer,45.5481,-1.0826,0.015,0.01,False,Inconnue,,
2019,2019-06-23 11:10:00,6,06,Alpes-Maritimes,06118,Saint-Cézaire-sur-Siagne,43.6592,6.8049,0.02,0.0094,False,Inconnue,,
2019,2019-06-25 18:46:00,6,40,Landes de Gascogne,40212,Orthevielle,43.5675,-1.1448,0.5,0.5,False,Involontaire (travaux),,
2019,2019-06-26 20:10:00,6,06,Alpes-Maritimes,06150,La Turbie,43.7462,7.3973,0.02,0.0094,False,Involontaire (particulier),,
2019,2019-06-27 15:41:00,6,33,Landes de Gascogne,33336,Préchac,44.3859,-0.3715,3.0,3.0,False,Inconnue,,
2019,2019-06-29 05:27:00,6,33,Landes de Gascogne,33544,Le Verdon-sur-Mer,45.5481,-1.0826,1.5,1.5,False,Inconnue,,
2019,2019-07-02 03:16:00,7,06,Alpes-Maritimes,06033,Carros,43.785,7.1798,0.05,0.0235,False,Inconnue,,
2019,2019-07-02 15:17:00,7,06,Alpes-Maritimes,06143,Touët-sur-Var,43.9433,7.0091,0.002,0.0009,False,Inconnue,,
2019,2019-07-04 16:10:00,7,06,Alpes-Maritimes,06077,Lucéram,43.8997,7.3506,0.49,0.49,False,Naturelle,,
2019,2019-07-04 18:01:00,7,40,Landes de Gascogne,40150,Léon,43.8474,-1.2768,1.0,1.0,False,Inconnue,,
2019,2019-07-05 10:21:00,7,06,Alpes-Maritimes,06020,La Bollène-Vésubie,43.9945,7.3749,0.0003,0.0001,False,Naturelle,,
2019,2019-07-05 20:49:00,7,40,Landes de Gascogne,40155,Linxe,43.9287,-1.2195,0.08,0.08,False,Inconnue,,
2019,2019-07-05 21:58:00,7,06,Alpes-Maritimes,06132,Saorge,43.9935,7.5403,110.0,8.0,True,Naturelle,,
2019,2019-07-06 13:54:00,7,33,Landes de Gascogne,33104,Castelnau-de-Médoc,45.0033,-0.8162,0.15,0.15,False,Naturelle,,
2019,2019-07-06 17:31:00,7,33,Landes de Gascogne,33122,Cestas,44.7274,-0.7349,0.5,0.5,False,Naturelle,,
2019,2019-07-06 18:13:00,7,33,Landes de Gascogne,33199,Gujan-Mestras,44.5758,-1.0813,0.08,0.08,False,Inconnue,,
2019,2019-07-06 22:22:00,7,40,Landes de Gascogne,40284,Saint-Vincent-de-Tyrosse,43.663,-1.3013,0.001,0.001,False,Inconnue,,
2019,2019-07-07 09:00:00,7,06,Alpes-Maritimes,06015,Berre-les-Alpes,43.8342,7.3306,0.002,0.0009,False,Naturelle,,
2019,2019-07-08 10:46:00,7,06,Alpes-Maritimes,06058,Escragnolles,43.7236,6.7758,0.05,0.0235,False,Malveillance,,
2019,2019-07-08 15:22:00,7,40,Landes de Gascogne,40295,Saugnac-et-Muret,44.3893,-0.8494,2.6,0.6,False,Inconnue,,
2019,2019-07-08 18:44:00,7,06,Alpes-Maritimes,06153,Valdeblore,44.1152,7.1949,0.05,0.0235,False,Inconnue,,
2019,2019-07-08 21:50:00,7,40,Landes de Gascogne,40326,Vielle-Saint-Girons,43.9429,-1.3219,2.0,2.0,False,Inconnue,,
2019,2019-07-09 08:23:00,7,33,Landes de Gascogne,33449,Saint-Médard-en-Jalles,44.8861,-0.7823,0.02,0.02,False,Inconnue,,
2019,2019-07-09 09:53:00,7,40,Landes de Gascogne,40046,Biscarrosse,44.4077,-1.1525,0.3,0.3,False,Naturelle,,
2019,2019-07-10 13:20:00,7,06,Alpes-Maritimes,06151,Utelle,43.9392,7.2458,0.015,0.0071,False,Naturelle,,
2019,2019-07-10 14:23:00,7,33,Landes de Gascogne,33449,Saint-Médard-en-Jalles,44.8861,-0.7823,0.01,0.01,False,Inconnue,,
2019,2019-07-10 15:14:00,7,33,Landes de Gascogne,33122,Cestas,44.7274,-0.7349,0.3,0.3,False,Naturelle,,
2019,2019-07-11 14:31:00,7,40,Landes de Gascogne,40332,Ychoux,44.3545,-0.9643,153.88,148.77,True,Inconnue,,
2019,2019-07-13 15:47:00,7,06,Alpes-Maritimes,06144,La Tour,43.9645,7.196,0.03,0.0141,False,Naturelle,,
2019,2019-07-14 17:17:00,7,40,Landes de Gascogne,40134,Labouheyre,44.2243,-0.9107,0.1,0.1,False,Inconnue,,
2019,2019-07-14 17:46:00,7,40,Landes de Gascogne,40163,Lüe,44.2337,-0.9858,6.162,6.162,False,Inconnue,,
2019,2019-07-14 20:58:00,7,33,Landes de Gascogne,33422,Saint-Jean-d'Illac,44.7973,-0.8156,2.0,2.0,False,Accidentelle,,
2019,2019-07-15 15:52:00,7,33,Landes de Gascogne,33449,Saint-Médard-en-Jalles,44.8861,-0.7823,0.1,0.1,False,Inconnue,,
2019,2019-07-16 07:47:00,7,40,Landes de Gascogne,40094,Escource,44.1639,-1.0361,0.01,0.01,False,Inconnue,,
2019,2019-07-16 13:53:00,7,06,Alpes-Maritimes,06028,Caille,43.7686,6.7544,0.04,0.0188,False,Involontaire (particulier),,
2019,2019-07-16 16:11:00,7,33,Landes de Gascogne,33498,Salles,44.536,-0.8899,68.0,42.0,False,Inconnue,,
2019,2019-07-16 16:34:00,7,40,Landes de Gascogne,40279,Saint-Paul-lès-Dax,43.7485,-1.0941,0.003,0.003,False,Inconnue,,
2019,2019-07-16 18:07:00,7,40,Landes de Gascogne,40046,Biscarrosse,44.4077,-1.1525,0.393,0.2,False,Involontaire (travaux),,
2019,2019-07-17 00:45:00,7,33,Landes de Gascogne,33022,Avensan,45.0033,-0.7574,0.2,0.2,False,Inconnue,,
2019,2019-07-17 01:43:00,7,33,Landes de Gascogne,33449,Saint-Médard-en-Jalles,44.8861,-0.7823,0.005,0.005,False,Inconnue,,
2019,2019-07-17 19:21:00,7,33,Landes de Gascogne,33290,Montagne,44.9324,-0.1304,0.05,0.05,False,Involontaire (particulier),,
2019,2019-07-17 21:48:00,7,33,Landes de Gascogne,33310,Origne,44.5025,-0.509,0.6,0.6,False,Inconnue,,
2019,2019-07-19 23:04:00,7,06,Alpes-Maritimes,06019,Blausasc,43.7938,7.357,0.5,0.235,False,Involontaire (particulier),,
2019,2019-07-20 19:45:00,7,40,Landes de Gascogne,40105,Garein,44.0521,-0.6514,0.141,0.141,False,Inconnue,,
2019,2019-07-21 10:57:00,7,33,Landes de Gascogne,33255,Lucmau,44.2955,-0.3364,0.2,0.2,False,Inconnue,,
2019,2019-07-22 11:44:00,7,06,Alpes-Maritimes,06148,Tourrettes-sur-Loup,43.718,7.0353,0.005,0.0024,False,Malveillance,,
2019,2019-07-22 14:45:00,7,06,Alpes-Maritimes,06099,Puget-Théniers,43.9498,6.9049,0.03,0.0141,False,Involontaire (particulier),,
2019,2019-07-22 17:46:00,7,40,Landes de Gascogne,40229,Pontenx-les-Forges,44.2554,-1.0914,0.2,0.2,False,Inconnue,,
2019,2019-07-23 14:51:00,7,40,Landes de Gascogne,40287,Sanguinet,44.4776,-1.0903,22.7,20.47,False,Inconnue,,
2019,2019-07-23 14:53:00,7,33,Landes de Gascogne,33527,Le Teich,44.5805,-1.0234,4.0,4.0,False,Accidentelle,,
2019,2019-07-23 17:00:00,7,33,Landes de Gascogne,33284,Mios,44.6105,-0.8913,0.05,0.05,False,Inconnue,,
2019,2019-07-23 18:59:00,7,40,Landes de Gascogne,40163,Lüe,44.2337,-0.9858,0.4,0.4,False,Inconnue,,
2019,2019-07-23 21:29:00,7,40,Landes de Gascogne,40152,Lesperon,43.9654,-1.0835,0.8,0.8,False,Accidentelle,,
2019,2019-07-24 11:02:00,7,33,Landes de Gascogne,33003,Ambarès-et-Lagrave,44.9517,-0.5,0.005,0.005,False,Inconnue,,
2019,2019-07-24 21:58:00,7,33,Landes de Gascogne,33290,Montagne,44.9324,-0.1304,0.02,0.02,False,Inconnue,,
2019,2019-07-25 10:29:00,7,06,Alpes-Maritimes,06155,Vallauris,43.5787,7.0604,0.04,0.0188,False,Involontaire (travaux),,
2019,2019-07-25 13:54:00,7,06,Alpes-Maritimes,06084,Mouans-Sartoux,43.6192,6.9677,1.81,0.8507,False,Inconnue,,
2019,2019-07-25 14:48:00,7,33,Landes de Gascogne,33474,Saint-Selve,44.6574,-0.4726,1.5,1.5,False,Accidentelle,,
2019,2019-07-25 15:52:00,7,33,Landes de Gascogne,33090,Canéjan,44.7572,-0.659,0.3,0.3,False,Inconnue,,
2019,2019-07-25 18:56:00,7,33,Landes de Gascogne,33192,Gradignan,44.7681,-0.6163,0.01,0.01,False,Inconnue,,
2019,2019-07-25 19:49:00,7,40,Landes de Gascogne,40168,Magescq,43.7753,-1.1841,0.01,0.01,False,Accidentelle,,
2019,2019-07-25 21:29:00,7,40,Landes de Gascogne,40129,Josse,43.6419,-1.2373,0.03,0.03,False,Naturelle,,
2019,2019-07-25 21:58:00,7,33,Landes de Gascogne,33449,Saint-Médard-en-Jalles,44.8861,-0.7823,0.01,0.01,False,Inconnue,,
2019,2019-07-25 22:49:00,7,40,Landes de Gascogne,40163,Lüe,44.2337,-0.9858,0.3,0.3,False,Naturelle,,
2019,2019-07-25 23:18:00,7,33,Landes de Gascogne,33376,Saint-Aubin-de-Médoc,44.9343,-0.7478,8.0,8.0,False,Inconnue,,
2019,2019-07-26 06:26:00,7,40,Landes de Gascogne,40075,Castets,43.8806,-1.1487,0.0003,0.0003,False,Naturelle,,
2019,2019-07-27 15:12:00,7,06,Alpes-Maritimes,06149,La Trinité,43.7415,7.3413,0.41,0.1927,False,Naturelle,,
2019,2019-07-28 13:59:00,7,40,Landes de Gascogne,40046,Biscarrosse,44.4077,-1.1525,1.1,1.1,False,Naturelle,,
2019,2019-07-29 12:24:00,7,33,Landes de Gascogne,33154,Les Églisottes-et-Chalaures,45.0946,-0.0389,2.0,0.5,False,Accidentelle,,
2019,2019-07-29 15:38:00,7,40,Landes de Gascogne,40085,Commensacq,44.2082,-0.8272,4.5,4.5,False,Naturelle,,
2019,2019-07-29 18:25:00,7,40,Landes de Gascogne,40046,Biscarrosse,44.4077,-1.1525,2.26,2.26,False,Naturelle,,
2019,2019-07-31 16:12:00,7,06,Alpes-Maritimes,06065,La Gaude,43.7177,7.1605,0.01,0.01,False,Involontaire (particulier),,
2019,2019-07-31 17:23:00,7,33,Landes de Gascogne,33284,Mios,44.6105,-0.8913,0.05,0.05,False,Inconnue,,
2019,2019-07-31 17:42:00,7,33,Landes de Gascogne,33029,Le Barp,44.6297,-0.7437,0.18,0.18,False,Naturelle,,
2019,2019-08-01 07:52:00,8,40,Landes de Gascogne,40246,Sabres,44.1532,-0.7332,0.0001,0.0001,False,Naturelle,,
2019,2019-08-01 18:56:00,8,33,Landes de Gascogne,33214,Lacanau,44.9879,-1.096,0.0002,0.0002,False,Naturelle,,
2019,2019-08-01 18:59:00,8,33,Landes de Gascogne,33214,Lacanau,44.9879,-1.096,0.0002,0.0002,False,Naturelle,,
2019,2019-08-02 13:42:00,8,33,Landes de Gascogne,33122,Cestas,44.7274,-0.7349,1.2,1.2,False,Naturelle,,
2019,2019-08-02 14:09:00,8,33,Landes de Gascogne,33097,Carcans,45.0794,-1.0404,0.1,0.1,False,Naturelle,,
2019,2019-08-02 15:06:00,8,33,Landes de Gascogne,33001,Abzac,45.0123,-0.1281,0.5,0.1,False,Accidentelle,,
2019,2019-08-02 16:27:00,8,33,Landes de Gascogne,33498,Salles,44.536,-0.8899,5.0,5.0,False,Naturelle,,
2019,2019-08-02 17:06:00,8,33,Landes de Gascogne,33498,Salles,44.536,-0.8899,4.0,4.0,False,Naturelle,,
2019,2019-08-02 18:31:00,8,33,Landes de Gascogne,33214,Lacanau,44.9879,-1.096,0.7,0.7,False,Naturelle,,
2019,2019-08-02 23:12:00,8,33,Landes de Gascogne,33498,Salles,44.536,-0.8899,0.4,0.4,False,Naturelle,,
2019,2019-08-03 13:20:00,8,33,Landes de Gascogne,33122,Cestas,44.7274,-0.7349,5.5,5.5,False,Inconnue,,
2019,2019-08-04 13:09:00,8,06,Alpes-Maritimes,06092,Peillon,43.7727,7.3668,0.03,0.03,False,Involontaire (particulier),,
2019,2019-08-04 14:38:00,8,33,Landes de Gascogne,33498,Salles,44.536,-0.8899,32.0,32.0,False,Naturelle,,
2019,2019-08-04 15:01:00,8,33,Landes de Gascogne,33073,Braud-et-Saint-Louis,45.2569,-0.6581,0.06,0.06,False,Involontaire (travaux),,
2019,2019-08-04 17:37:00,8,06,Alpes-Maritimes,06001,Aiglun,43.8552,6.9348,0.05,0.0,False,Involontaire (particulier),,
2019,2019-08-05 14:43:00,8,40,Landes de Gascogne,40332,Ychoux,44.3545,-0.9643,0.1388,0.1388,False,Involontaire (travaux),,
2019,2019-08-07 20:22:00,8,33,Landes de Gascogne,33225,Landiras,44.5696,-0.4333,0.2,0.2,False,Inconnue,,
2019,2019-08-08 13:06:00,8,33,Landes de Gascogne,33115,Cazalis,44.3304,-0.3875,4.0,4.0,False,Naturelle,,
2019,2019-08-08 13:54:00,8,33,Landes de Gascogne,33329,Pompéjac,44.3986,-0.2997,0.2,0.2,False,Accidentelle,,
2019,2019-08-14 21:19:00,8,33,Landes de Gascogne,33090,Canéjan,44.7572,-0.659,0.06,0.06,False,Inconnue,,
2019,2019-08-16 15:55:00,8,06,Alpes-Maritimes,06130,Saint-Vallier-de-Thiey,43.6994,6.8516,0.03,0.0141,False,Accidentelle,,
2019,2019-08-16 18:55:00,8,33,Landes de Gascogne,33018,Val de Virvée,45.021,-0.3887,0.2,0.2,False,Inconnue,,
2019,2019-08-18 08:28:00,8,33,Landes de Gascogne,33190,Goualade,44.3182,-0.1252,0.4,0.4,False,Inconnue,,
2019,2019-08-18 20:20:00,8,33,Landes de Gascogne,33090,Canéjan,44.7572,-0.659,0.002,0.002,False,Inconnue,,
2019,2019-08-19 15:53:00,8,06,Alpes-Maritimes,06074,Lantosque,43.9787,7.3121,0.05,0.0235,False,Naturelle,,
2019,2019-08-20 13:05:00,8,06,Alpes-Maritimes,06072,Ilonse,44.0319,7.0901,0.01,0.0047,False,Involontaire (particulier),,
2019,2019-08-21 08:21:00,8,33,Landes de Gascogne,33310,Origne,44.5025,-0.509,3.0,3.0,False,Inconnue,,
2019,2019-08-21 19:34:00,8,33,Landes de Gascogne,33501,Saucats,44.6476,-0.6377,0.015,0.015,False,Accidentelle,,
2019,2019-08-22 06:17:00,8,33,Landes de Gascogne,33310,Origne,44.5025,-0.509,1.0,1.0,False,Inconnue,,
2019,2019-08-22 11:01:00,8,33,Landes de Gascogne,33333,Le Porge,44.8649,-1.1351,0.001,0.001,False,Inconnue,,
2019,2019-08-22 17:07:00,8,33,Landes de Gascogne,33322,Le Pian-Médoc,44.9555,-0.6737,0.005,0.005,False,Inconnue,,
2019,2019-08-22 19:13:00,8,06,Alpes-Maritimes,06086,Moulinet,43.9503,7.4128,0.01,0.0047,False,Naturelle,,
2019,2019-08-22 22:22:00,8,33,Landes de Gascogne,33097,Carcans,45.0794,-1.0404,3.0,3.0,False,Inconnue,,
2019,2019-08-23 11:42:00,8,06,Alpes-Maritimes,06003,Andon,43.7755,6.8211,0.002,0.0009,False,Naturelle,,
2019,2019-08-23 16:26:00,8,40,Landes de Gascogne,40217,Parentis-en-Born,44.3527,-1.0879,1.03,1.03,False,Naturelle,,
2019,2019-08-23 18:39:00,8,06,Alpes-Maritimes,06010,Le Bar-sur-Loup,43.6993,6.9674,0.0025,0.0012,False,Naturelle,,
2019,2019-08-23 19:48:00,8,33,Landes de Gascogne,33214,Lacanau,44.9879,-1.096,0.22,0.22,False,Accidentelle,,
2019,2019-08-24 12:36:00,8,06,Alpes-Maritimes,06015,Berre-les-Alpes,43.8342,7.3306,0.1,0.047,False,Naturelle,,
2019,2019-08-24 15:25:00,8,33,Landes de Gascogne,33095,Captieux,44.2621,-0.2981,0.8,0.8,False,Inconnue,,
2019,2019-08-24 18:04:00,8,33,Landes de Gascogne,33026,Balizac,44.4878,-0.45,1.5,1.5,False,Inconnue,,
2019,2019-08-24 20:43:00,8,33,Landes de Gascogne,33547,Villandraut,44.4502,-0.381,1.0,1.0,False,Inconnue,,
2019,2019-08-25 10:21:00,8,33,Landes de Gascogne,33026,Balizac,44.4878,-0.45,0.005,0.005,False,Inconnue,,
2019,2019-08-25 11:39:00,8,33,Landes de Gascogne,33039,Bègles,44.803,-0.5485,0.01,0.01,False,Accidentelle,,
2019,2019-08-25 12:32:00,8,06,Alpes-Maritimes,06088,Nice,43.7032,7.2528,0.1,0.047,False,Inconnue,,
2019,2019-08-25 17:14:00,8,33,Landes de Gascogne,33260,Lugos,44.4782,-0.9241,8.0,8.0,False,Inconnue,,
2019,2019-08-25 18:41:00,8,33,Landes de Gascogne,33122,Cestas,44.7274,-0.7349,0.2,0.2,False,Inconnue,,
2019,2019-08-26 00:17:00,8,33,Landes de Gascogne,33026,Balizac,44.4878,-0.45,0.15,0.15,False,Inconnue,,
2019,2019-08-27 13:30:00,8,06,Alpes-Maritimes,06090,Pégomas,43.5886,6.9213,0.001,0.0005,False,Inconnue,,
2019,2019-08-27 15:30:00,8,33,Landes de Gascogne,33022,Avensan,45.0033,-0.7574,0.8,0.8,False,Inconnue,,
2019,2019-08-29 19:43:00,8,33,Landes de Gascogne,33214,Lacanau,44.9879,-1.096,0.05,0.05,False,Inconnue,,
2019,2019-08-29 20:30:00,8,33,Landes de Gascogne,33214,Lacanau,44.9879,-1.096,0.12,0.12,False,Inconnue,,
2019,2019-08-29 20:56:00,8,33,Landes de Gascogne,33214,Lacanau,44.9879,-1.096,0.1,0.1,False,Inconnue,,
2019,2019-08-29 21:06:00,8,33,Landes de Gascogne,33214,Lacanau,44.9879,-1.096,0.005,0.005,False,Inconnue,,
2019,2019-08-29 21:20:00,8,33,Landes de Gascogne,33417,Sainte-Hélène,44.9653,-0.9071,0.1,0.1,False,Inconnue,,
2019,2019-08-29 21:54:00,8,33,Landes de Gascogne,33417,Sainte-Hélène,44.9653,-0.9071,0.2,0.2,False,Inconnue,,
2019,2019-08-29 22:02:00,8,33,Landes de Gascogne,33214,Lacanau,44.9879,-1.096,0.005,0.005,False,Inconnue,,
2019,2019-08-30 10:25:00,8,33,Landes de Gascogne,33417,Sainte-Hélène,44.9653,-0.9071,0.001,0.001,False,Inconnue,,
2019,2019-08-30 20:55:00,8,33,Landes de Gascogne,33388,Saint-Ciers-de-Canesse,45.0877,-0.6033,0.002,0.002,False,Inconnue,,
2019,2019-08-31 15:26:00,8,33,Landes de Gascogne,33109,Castres-Gironde,44.6866,-0.4566,0.3,0.3,False,Inconnue,,
2019,2019-08-31 18:25:00,8,33,Landes de Gascogne,33519,Le Taillan-Médoc,44.9123,-0.6785,0.006,0.006,False,Inconnue,,
2019,2019-08-31 19:04:00,8,33,Landes de Gascogne,33259,Lugon-et-l'Île-du-Carnay,44.9546,-0.3586,0.3,0.3,False,Inconnue,,
2019,2019-09-01 07:28:00,9,40,Landes de Gascogne,40169,Maillas,44.212,-0.1786,4.47,4.47,False,Malveillance,,
2019,2019-09-02 14:28:00,9,33,Landes de Gascogne,33513,Sillas,44.3711,-0.0585,0.02,0.02,False,Inconnue,,
2019,2019-09-02 15:06:00,9,33,Landes de Gascogne,33207,Izon,44.9188,-0.3561,3.5,3.5,False,Inconnue,,
2019,2019-09-02 17:16:00,9,40,Landes de Gascogne,40229,Pontenx-les-Forges,44.2554,-1.0914,0.8,0.4,False,Involontaire (travaux),,
2019,2019-09-02 18:04:00,9,33,Landes de Gascogne,33236,Lège-Cap-Ferret,44.7452,-1.174,0.02,0.02,False,Involontaire (travaux),,
2019,2019-09-03 13:14:00,9,06,Alpes-Maritimes,06046,Colomars,43.757,7.2212,0.5,0.235,False,Inconnue,,
2019,2019-09-03 17:41:00,9,40,Landes de Gascogne,40210,Onesse-Laharie,44.063,-1.0224,0.002,0.002,False,Inconnue,,
2019,2019-09-03 20:31:00,9,33,Landes de Gascogne,33376,Saint-Aubin-de-Médoc,44.9343,-0.7478,0.02,0.02,False,Inconnue,,
2019,2019-09-04 08:27:00,9,33,Landes de Gascogne,33382,Saint-Christoly-de-Blaye,45.1499,-0.4967,3.0,3.0,False,Inconnue,,
2019,2019-09-04 17:03:00,9,33,Landes de Gascogne,33493,Saint-Yzans-de-Médoc,45.3321,-0.7994,2.0,2.0,False,Inconnue,,
2019,2019-09-04 20:17:00,9,33,Landes de Gascogne,33422,Saint-Jean-d'Illac,44.7973,-0.8156,0.03,0.03,False,Inconnue,,
2019,2019-09-05 13:20:00,9,33,Landes de Gascogne,33452,Saint-Michel-de-Rieufret,44.6273,-0.4453,0.3,0.3,False,Inconnue,,
2019,2019-09-05 19:04:00,9,33,Landes de Gascogne,33236,Lège-Cap-Ferret,44.7452,-1.174,0.02,0.02,False,Inconnue,,
2019,2019-09-05 19:57:00,9,40,Landes de Gascogne,40155,Linxe,43.9287,-1.2195,0.1,0.1,False,Inconnue,,
2019,2019-09-06 15:22:00,9,33,Landes de Gascogne,33473,Saint-Savin,45.1611,-0.4449,0.2,0.2,False,Inconnue,,
2019,2019-09-06 16:04:00,9,40,Landes de Gascogne,40158,Losse,44.0948,-0.0933,3.9,3.9,False,Inconnue,,
2019,2019-09-06 16:53:00,9,33,Landes de Gascogne,33202,Hostens,44.4834,-0.6616,0.3,0.3,False,Inconnue,,
2019,2019-09-06 17:02:00,9,06,Alpes-Maritimes,06046,Colomars,43.757,7.2212,0.002,0.0009,False,Naturelle,,
2019,2019-09-07 14:06:00,9,33,Landes de Gascogne,33056,Blanquefort,44.9216,-0.61,0.15,0.15,False,Inconnue,,
2019,2019-09-08 10:10:00,9,33,Landes de Gascogne,33034,Bayas,45.0736,-0.2048,4.5,2.0,False,Inconnue,,
2019,2019-09-08 15:01:00,9,06,Alpes-Maritimes,06158,Villars-sur-Var,43.9564,7.076,0.1,0.047,False,Naturelle,,
2019,2019-09-08 16:48:00,9,33,Landes de Gascogne,33051,Biganos,44.6599,-0.9582,0.005,0.005,False,Inconnue,,
2019,2019-09-08 17:15:00,9,06,Alpes-Maritimes,06005,Ascros,43.9171,7.0159,0.04,0.0188,False,Naturelle,,
2019,2019-09-08 18:18:00,9,33,Landes de Gascogne,33527,Le Teich,44.5805,-1.0234,0.2,0.2,False,Inconnue,,
2019,2019-09-09 12:51:00,9,33,Landes de Gascogne,33422,Saint-Jean-d'Illac,44.7973,-0.8156,0.6,0.6,False,Inconnue,,
2019,2019-09-09 18:43:00,9,33,Landes de Gascogne,33473,Saint-Savin,45.1611,-0.4449,0.3,0.3,False,Involontaire (travaux),,
2019,2019-09-09 21:16:00,9,33,Landes de Gascogne,33314,Pauillac,45.1983,-0.755,0.005,0.005,False,Malveillance,,
2019,2019-09-09 21:42:00,9,33,Landes de Gascogne,33473,Saint-Savin,45.1611,-0.4449,0.03,0.03,False,Inconnue,,
2019,2019-09-11 15:15:00,9,33,Landes de Gascogne,33527,Le Teich,44.5805,-1.0234,0.25,0.25,False,Inconnue,,
2019,2019-09-11 16:31:00,9,33,Landes de Gascogne,33236,Lège-Cap-Ferret,44.7452,-1.174,0.05,0.05,False,Inconnue,,
2019,2019-09-11 20:09:00,9,33,Landes de Gascogne,33527,Le Teich,44.5805,-1.0234,0.2,0.2,False,Inconnue,,
2019,2019-09-14 10:08:00,9,33,Landes de Gascogne,33529,La Teste-de-Buch,44.586,-1.1809,0.002,0.002,False,Inconnue,,
2019,2019-09-14 13:36:00,9,33,Landes de Gascogne,33284,Mios,44.6105,-0.8913,0.25,0.25,False,Inconnue,,
2019,2019-09-15 09:49:00,9,33,Landes de Gascogne,33213,La Brède,44.6777,-0.5396,0.1,0.1,False,Inconnue,,
2019,2019-09-17 09:58:00,9,33,Landes de Gascogne,33159,Étauliers,45.2221,-0.5851,0.08,0.08,False,Accidentelle,,
2019,2019-09-17 17:15:00,9,33,Landes de Gascogne,33005,Andernos-les-Bains,44.7529,-1.082,0.002,0.002,False,Inconnue,,
2019,2019-09-17 17:49:00,9,33,Landes de Gascogne,33214,Lacanau,44.9879,-1.096,0.25,0.25,False,Inconnue,,
2019,2019-09-18 13:45:00,9,33,Landes de Gascogne,33376,Saint-Aubin-de-Médoc,44.9343,-0.7478,1.0,1.0,False,Inconnue,,
2019,2019-09-18 16:35:00,9,33,Landes de Gascogne,33262,Macau,45.0112,-0.6086,0.4,0.4,False,Inconnue,,
2019,2019-09-19 10:26:00,9,33,Landes de Gascogne,33019,Audenge,44.7133,-0.9533,3.0,3.0,False,Inconnue,,
2019,2019-09-19 19:08:00,9,33,Landes de Gascogne,33484,Saint-Symphorien,44.4261,-0.5505,0.15,0.15,False,Inconnue,,
2019,2019-09-19 20:47:00,9,33,Landes de Gascogne,33423,Saint-Julien-Beychevelle,45.1606,-0.739,0.3,0.3,False,Inconnue,,
2019,2019-09-29 14:45:00,9,33,Landes de Gascogne,33422,Saint-Jean-d'Illac,44.7973,-0.8156,0.04,0.04,False,Inconnue,,
2019,2019-09-29 16:05:00,9,40,Landes de Gascogne,40133,Labenne,43.5982,-1.4371,0.015,0.015,False,Inconnue,,
2019,2019-10-11 14:21:00,10,40,Landes de Gascogne,40142,Laluque,43.8533,-0.9816,0.2,0.2,False,Involontaire (travaux),,
2019,2019-10-11 17:51:00,10,33,Landes de Gascogne,33273,Martignas-sur-Jalle,44.8451,-0.8006,0.01,0.01,False,Inconnue,,
2019,2019-10-12 17:44:00,10,40,Landes de Gascogne,40108,Gastes,44.3117,-1.1996,0.48,0.48,False,Naturelle,,
2019,2019-10-13 12:00:00,10,33,Landes de Gascogne,33284,Mios,44.6105,-0.8913,55.0,55.0,False,Inconnue,,
2019,2019-12-10 12:11:00,12,06,Alpes-Maritimes,06068,Gourdon,43.7266,6.9622,0.06,0.0282,False,Involontaire (particulier),,
2019,2019-12-10 16:21:00,12,06,Alpes-Maritimes,06046,Colomars,43.757,7.2212,0.01,0.0047,False,Involontaire (particulier),,
2019,2019-12-24 16:19:00,12,06,Alpes-Maritimes,06074,Lantosque,43.9787,7.3121,0.2,0.0,False,Malveillance,,
2019,2019-12-27 14:22:00,12,06,Alpes-Maritimes,06050,Coursegoules,43.7898,7.0384,0.5,0.235,False,Inconnue,,
2019,2019-12-27 14:53:00,12,06,Alpes-Maritimes,06151,Utelle,43.9392,7.2458,0.4,0.188,False,Inconnue,,
2019,2019-12-28 17:36:00,12,40,Landes de Gascogne,40225,Philondenx,43.5693,-0.4291,0.0005,0.0,False,Inconnue,,
2020,2020-01-05 14:00:00,1,06,Alpes-Maritimes,06096,Pierlas,44.035,7.0177,0.015,0.0071,False,Inconnue,,
2020,2020-01-07 17:32:00,1,06,Alpes-Maritimes,06058,Escragnolles,43.7236,6.7758,0.05,0.0235,False,Inconnue,,
2020,2020-01-20 23:06:00,1,06,Alpes-Maritimes,06023,Breil-sur-Roya,43.9379,7.4996,1.6,0.752,False,Inconnue,,
2020,2020-01-21 12:33:00,1,06,Alpes-Maritimes,06002,Amirat,43.8973,6.8108,0.1,0.047,False,Inconnue,,
2020,2020-01-22 15:53:00,1,06,Alpes-Maritimes,06049,Courmes,43.7514,7.0196,1.0,0.47,False,Malveillance,,
2020,2020-02-05 13:33:00,2,06,Alpes-Maritimes,06093,La Penne,43.9202,6.9361,3.5,1.0,False,Inconnue,,
2020,2020-02-05 16:53:00,2,33,Landes de Gascogne,33229,Lanton,44.7719,-0.9799,0.3,0.3,False,Naturelle,,
2020,2020-02-05 23:20:00,2,06,Alpes-Maritimes,06022,Bouyon,43.8272,7.125,16.5,2.5,False,Inconnue,,
2020,2020-02-06 00:25:00,2,06,Alpes-Maritimes,06023,Breil-sur-Roya,43.9379,7.4996,1.5,0.705,False,Inconnue,,
2020,2020-02-10 12:47:00,2,06,Alpes-Maritimes,06116,Saint-Auban,43.8319,6.7367,6.4,1.4,False,Inconnue,,
2020,2020-02-10 12:55:00,2,06,Alpes-Maritimes,06017,Bézaudun-les-Alpes,43.8026,7.0908,1.0,0.0,False,Inconnue,,
2020,2020-02-10 13:52:00,2,06,Alpes-Maritimes,06050,Coursegoules,43.7898,7.0384,0.8,0.376,False,Malveillance,,
2020,2020-02-10 14:00:00,2,06,Alpes-Maritimes,06050,Coursegoules,43.7898,7.0384,0.1,0.047,False,Malveillance,,
2020,2020-02-11 06:17:00,2,06,Alpes-Maritimes,06130,Saint-Vallier-de-Thiey,43.6994,6.8516,39.27,2.27,False,Accidentelle,,
2020,2020-02-11 11:06:00,2,06,Alpes-Maritimes,06070,Gréolières,43.8037,6.9296,19.54,11.54,False,Accidentelle,,
2020,2020-02-11 16:07:00,2,06,Alpes-Maritimes,06116,Saint-Auban,43.8319,6.7367,3.1,1.457,False,Accidentelle,,
2020,2020-02-12 10:30:00,2,06,Alpes-Maritimes,06105,Roquefort-les-Pins,43.6723,7.0565,0.15,0.0705,False,Accidentelle,,
2020,2020-02-12 12:10:00,2,06,Alpes-Maritimes,06116,Saint-Auban,43.8319,6.7367,5.2,1.0,False,Inconnue,,
2020,2020-02-15 17:08:00,2,06,Alpes-Maritimes,06103,Roquebillière,44.0282,7.2885,0.65,0.3055,False,Inconnue,,
2020,2020-02-17 16:00:00,2,06,Alpes-Maritimes,06042,Clans,44.003,7.1827,0.005,0.0024,False,Malveillance,,
2020,2020-02-17 22:28:00,2,06,Alpes-Maritimes,06138,Théoule-sur-Mer,43.499,6.9303,0.05,0.0235,False,Inconnue,,
2020,2020-02-21 16:44:00,2,06,Alpes-Maritimes,06020,La Bollène-Vésubie,43.9945,7.3749,1.7,0.799,False,Inconnue,,
2020,2020-02-23 16:44:00,2,33,Landes de Gascogne,33051,Biganos,44.6599,-0.9582,0.2,0.2,False,Naturelle,,
2020,2020-02-24 13:18:00,2,06,Alpes-Maritimes,06144,La Tour,43.9645,7.196,1.8,1.0,False,Inconnue,,
2020,2020-02-24 15:22:00,2,33,Landes de Gascogne,33449,Saint-Médard-en-Jalles,44.8861,-0.7823,0.001,0.001,False,Naturelle,,
2020,2020-02-24 17:21:00,2,40,Landes de Gascogne,40134,Labouheyre,44.2243,-0.9107,0.03,0.03,False,Inconnue,,
2020,2020-02-25 12:01:00,2,06,Alpes-Maritimes,06127,Saint-Martin-Vésubie,44.0944,7.307,0.1,0.047,False,Inconnue,,
2020,2020-02-25 13:41:00,2,06,Alpes-Maritimes,06071,Guillaumes,44.1007,6.8673,0.1,0.047,False,Malveillance,,
2020,2020-02-25 15:02:00,2,06,Alpes-Maritimes,06130,Saint-Vallier-de-Thiey,43.6994,6.8516,1.0,1.0,False,Inconnue,,
2020,2020-02-25 21:39:00,2,06,Alpes-Maritimes,06041,Cipières,43.7665,6.9229,2.2,1.034,False,Accidentelle,,
2020,2020-02-26 04:45:00,2,06,Alpes-Maritimes,06105,Roquefort-les-Pins,43.6723,7.0565,0.015,0.0071,False,Involontaire (particulier),,
2020,2020-02-26 10:42:00,2,06,Alpes-Maritimes,06130,Saint-Vallier-de-Thiey,43.6994,6.8516,0.1,0.047,False,Inconnue,,
2020,2020-02-26 12:51:00,2,06,Alpes-Maritimes,06088,Nice,43.7032,7.2528,0.8,0.376,False,Inconnue,,
2020,2020-02-26 15:24:00,2,06,Alpes-Maritimes,06110,Roubion,44.1121,7.0233,0.02,0.0094,False,Inconnue,,
2020,2020-03-01 15:24:00,3,33,Landes de Gascogne,33029,Le Barp,44.6297,-0.7437,12.55,12.55,False,Naturelle,,
2020,2020-03-08 13:30:00,3,06,Alpes-Maritimes,06068,Gourdon,43.7266,6.9622,0.05,0.0,False,Malveillance,,
2020,2020-03-09 15:58:00,3,06,Alpes-Maritimes,06103,Roquebillière,44.0282,7.2885,0.5,0.0,False,Inconnue,,
2020,2020-03-17 14:56:00,3,06,Alpes-Maritimes,06049,Courmes,43.7514,7.0196,2.1,0.5,False,Involontaire (particulier),,
2020,2020-03-18 20:17:00,3,06,Alpes-Maritimes,06157,Vence,43.7373,7.0995,4.8,2.0,False,Malveillance,,
2020,2020-03-20 12:21:00,3,06,Alpes-Maritimes,06048,Contes,43.8133,7.3263,0.15,0.0,False,Involontaire (particulier),,
2020,2020-03-22 11:54:00,3,06,Alpes-Maritimes,06103,Roquebillière,44.0282,7.2885,9.5,0.0,False,Malveillance,,
2020,2020-03-22 13:02:00,3,06,Alpes-Maritimes,06103,Roquebillière,44.0282,7.2885,11.2,1.2,False,Malveillance,,
2020,2020-03-25 16:48:00,3,06,Alpes-Maritimes,06021,Bonson,43.8613,7.1786,0.5,0.1,False,Involontaire (particulier),,
2020,2020-03-25 19:10:00,3,33,Landes de Gascogne,33240,Lesparre-Médoc,45.2796,-0.9235,0.03,0.03,False,Naturelle,,
2020,2020-03-26 10:34:00,3,06,Alpes-Maritimes,06116,Saint-Auban,43.8319,6.7367,3.0,1.0,False,Inconnue,,
2020,2020-03-28 15:35:00,3,06,Alpes-Maritimes,06148,Tourrettes-sur-Loup,43.718,7.0353,0.3,0.0,False,Involontaire (particulier),,
2020,2020-04-04 13:33:00,4,06,Alpes-Maritimes,06066,Gilette,43.8436,7.1602,0.05,0.0,False,Inconnue,,
2020,2020-04-04 15:36:00,4,33,Landes de Gascogne,33290,Montagne,44.9324,-0.1304,0.3,0.3,False,Inconnue,,
2020,2020-04-04 18:58:00,4,33,Landes de Gascogne,33501,Saucats,44.6476,-0.6377,6.7,6.7,False,Inconnue,,
2020,2020-04-05 01:23:00,4,33,Landes de Gascogne,33498,Salles,44.536,-0.8899,0.04,0.04,False,Inconnue,,
2020,2020-04-07 13:07:00,4,33,Landes de Gascogne,33179,Galgon,44.991,-0.278,0.003,0.0015,False,Inconnue,,
2020,2020-04-09 13:58:00,4,06,Alpes-Maritimes,06071,Guillaumes,44.1007,6.8673,20.2,7.2,False,Inconnue,,
2020,2020-04-10 15:35:00,4,06,Alpes-Maritimes,06094,Péone,44.1333,6.925,0.08,0.0376,False,Inconnue,,
2020,2020-04-11 17:34:00,4,33,Landes de Gascogne,33454,Saint-Morillon,44.6387,-0.5232,0.03,0.03,False,Inconnue,,
2020,2020-04-13 18:54:00,4,40,Landes de Gascogne,40248,Saint-André-de-Seignanx,43.5621,-1.3619,0.3,0.3,False,Inconnue,,
2020,2020-04-14 16:07:00,4,33,Landes de Gascogne,33449,Saint-Médard-en-Jalles,44.8861,-0.7823,79.86,79.86,False,Inconnue,,
2020,2020-04-14 17:41:00,4,33,Landes de Gascogne,33317,Périssac,45.0256,-0.3135,0.008,0.008,False,Inconnue,,
2020,2020-04-15 19:18:00,4,33,Landes de Gascogne,33307,Noaillan,44.4812,-0.3698,2.0,2.0,False,Inconnue,,
2020,2020-04-17 18:16:00,4,06,Alpes-Maritimes,06033,Carros,43.785,7.1798,0.06,0.0,False,Inconnue,,
2020,2020-04-18 04:55:00,4,06,Alpes-Maritimes,06060,Falicon,43.7533,7.266,0.01,0.0,False,Inconnue,,
2020,2020-04-18 14:41:00,4,33,Landes de Gascogne,33284,Mios,44.6105,-0.8913,0.15,0.15,False,Inconnue,,
2020,2020-04-26 10:39:00,4,33,Landes de Gascogne,33188,Giscos,44.2625,-0.1747,0.001,0.001,False,Inconnue,,
2020,2020-04-26 19:05:00,4,33,Landes de Gascogne,33188,Giscos,44.2625,-0.1747,9.95,4.475,False,Inconnue,,
2020,2020-05-19 09:08:00,5,33,Landes de Gascogne,33122,Cestas,44.7274,-0.7349,0.001,0.001,False,Inconnue,,
2020,2020-05-21 05:20:00,5,33,Landes de Gascogne,33011,Arès,44.7997,-1.0837,2.0,2.0,False,Inconnue,,
2020,2020-05-27 07:17:00,5,40,Landes de Gascogne,40330,Villenave,43.9681,-0.8227,1.4,0.6,False,Accidentelle,,
2020,2020-05-27 19:30:00,5,33,Landes de Gascogne,33193,Grayan-et-l'Hôpital,45.4324,-1.1057,0.15,0.15,False,Inconnue,,
2020,2020-05-29 12:17:00,5,33,Landes de Gascogne,33192,Gradignan,44.7681,-0.6163,0.002,0.002,False,Inconnue,,
2020,2020-05-30 14:26:00,5,33,Landes de Gascogne,33011,Arès,44.7997,-1.0837,0.001,0.001,False,Inconnue,,
2020,2020-05-31 10:22:00,5,33,Landes de Gascogne,33380,Val-de-Livenne,45.276,-0.5099,0.2,0.2,False,Inconnue,,
2020,2020-05-31 17:31:00,5,33,Landes de Gascogne,33300,Naujac-sur-Mer,45.2596,-1.0643,0.2,0.2,False,Inconnue,,
2020,2020-05-31 21:05:00,5,33,Landes de Gascogne,33236,Lège-Cap-Ferret,44.7452,-1.174,0.001,0.001,False,Inconnue,,
2020,2020-06-01 15:10:00,6,33,Landes de Gascogne,33199,Gujan-Mestras,44.5758,-1.0813,0.02,0.02,False,Naturelle,,
2020,2020-06-01 15:51:00,6,40,Landes de Gascogne,40056,Brocas,44.0533,-0.5446,0.2,0.2,False,Naturelle,,
2020,2020-06-01 16:16:00,6,33,Landes de Gascogne,33199,Gujan-Mestras,44.5758,-1.0813,0.1,0.1,False,Naturelle,,
2020,2020-06-01 21:38:00,6,40,Landes de Gascogne,40157,Lit-et-Mixe,44.0273,-1.2704,0.01,0.01,False,Inconnue,,
2020,2020-06-02 18:33:00,6,33,Landes de Gascogne,33022,Avensan,45.0033,-0.7574,0.2,0.2,False,Inconnue,,
2020,2020-06-03 10:37:00,6,40,Landes de Gascogne,40163,Lüe,44.2337,-0.9858,0.3,0.27,False,Inconnue,,
2020,2020-06-04 12:25:00,6,40,Landes de Gascogne,40114,Gourbera,43.8068,-1.0422,0.0004,0.0004,False,Naturelle,,
2020,2020-06-14 22:55:00,6,33,Landes de Gascogne,33377,Saint-Avit-de-Soulège,44.8116,0.12,0.02,0.02,False,Inconnue,,
2020,2020-06-20 14:44:00,6,40,Landes de Gascogne,40184,Mimizan,44.1996,-1.2323,0.01,0.005,False,Involontaire (particulier),,
2020,2020-06-21 20:51:00,6,33,Landes de Gascogne,33237,Léogeats,44.5053,-0.3648,0.003,0.003,False,Inconnue,,
2020,2020-06-22 13:22:00,6,06,Alpes-Maritimes,06029,Cannes,43.5454,7.0152,0.1,0.0,False,Involontaire (travaux),,
2020,2020-06-22 16:10:00,6,40,Landes de Gascogne,40046,Biscarrosse,44.4077,-1.1525,0.002,0.002,False,Inconnue,,
2020,2020-06-22 20:40:00,6,40,Landes de Gascogne,40326,Vielle-Saint-Girons,43.9429,-1.3219,0.001,0.001,False,Inconnue,,
2020,2020-06-23 18:39:00,6,40,Landes de Gascogne,40152,Lesperon,43.9654,-1.0835,0.01,0.01,False,Inconnue,,
2020,2020-06-24 17:42:00,6,33,Landes de Gascogne,33380,Val-de-Livenne,45.276,-0.5099,0.3,0.3,False,Inconnue,,
2020,2020-06-25 16:46:00,6,40,Landes de Gascogne,40215,Ousse-Suzan,43.9492,-0.7523,0.2,0.2,False,Malveillance,,
2020,2020-06-26 20:20:00,6,33,Landes de Gascogne,33380,Val-de-Livenne,45.276,-0.5099,0.03,0.03,False,Inconnue,,
2020,2020-06-28 16:16:00,6,40,Landes de Gascogne,40123,Herm,43.8013,-1.1332,0.12,0.12,False,Involontaire (particulier),,
2020,2020-06-29 14:59:00,6,40,Landes de Gascogne,40311,Taller,43.88,-1.0621,0.16,0.16,False,Inconnue,,
2020,2020-07-03 10:17:00,7,33,Landes de Gascogne,33236,Lège-Cap-Ferret,44.7452,-1.174,0.005,0.005,False,Inconnue,,
2020,2020-07-03 11:06:00,7,06,Alpes-Maritimes,06053,Daluis,44.0426,6.8045,1.3,0.611,False,Naturelle,,
2020,2020-07-05 21:37:00,7,33,Landes de Gascogne,33290,Montagne,44.9324,-0.1304,0.002,0.002,False,Inconnue,,
2020,2020-07-06 16:12:00,7,33,Landes de Gascogne,33380,Val-de-Livenne,45.276,-0.5099,0.15,0.15,False,Inconnue,,
2020,2020-07-06 22:22:00,7,06,Alpes-Maritimes,06149,La Trinité,43.7415,7.3413,0.04,0.0188,False,Malveillance,,
2020,2020-07-07 17:40:00,7,06,Alpes-Maritimes,06031,Cantaron,43.7694,7.3147,0.5,0.235,False,Malveillance,,
2020,2020-07-08 14:34:00,7,40,Landes de Gascogne,40319,Trensacq,44.232,-0.7015,0.05,0.05,False,Inconnue,,
2020,2020-07-08 15:44:00,7,33,Landes de Gascogne,33042,Belin-Béliet,44.4959,-0.7989,0.2,0.2,False,Inconnue,,
2020,2020-07-08 20:57:00,7,33,Landes de Gascogne,33333,Le Porge,44.8649,-1.1351,0.001,0.001,False,Inconnue,,
2020,2020-07-08 22:15:00,7,33,Landes de Gascogne,33233,Laruscade,45.1206,-0.3394,0.05,0.05,False,Inconnue,,
2020,2020-07-09 09:26:00,7,33,Landes de Gascogne,33380,Val-de-Livenne,45.276,-0.5099,0.001,0.001,False,Inconnue,,
2020,2020-07-09 10:28:00,7,40,Landes de Gascogne,40046,Biscarrosse,44.4077,-1.1525,0.005,0.005,False,Involontaire (travaux),,
2020,2020-07-09 18:47:00,7,33,Landes de Gascogne,33260,Lugos,44.4782,-0.9241,0.05,0.05,False,Inconnue,,
2020,2020-07-09 23:47:00,7,40,Landes de Gascogne,40046,Biscarrosse,44.4077,-1.1525,0.035,0.035,False,Inconnue,,
2020,2020-07-11 18:47:00,7,40,Landes de Gascogne,40123,Herm,43.8013,-1.1332,0.04,0.01,False,Accidentelle,,
2020,2020-07-11 20:13:00,7,33,Landes de Gascogne,33374,Saint-Aubin-de-Blaye,45.2591,-0.5763,0.8,0.8,False,Accidentelle,,
2020,2020-07-12 18:13:00,7,33,Landes de Gascogne,33490,Saint-Vivien-de-Médoc,45.4678,-0.9975,0.1,0.1,False,Inconnue,,
2020,2020-07-13 10:13:00,7,40,Landes de Gascogne,40197,Morcenx-la-Nouvelle,44.0318,-0.9147,0.008,0.008,False,Malveillance,,
2020,2020-07-13 14:02:00,7,33,Landes de Gascogne,33239,Lerm-et-Musset,44.3354,-0.1579,0.7,0.7,False,Inconnue,,
2020,2020-07-14 21:10:00,7,40,Landes de Gascogne,40308,Sort-en-Chalosse,43.6797,-0.9225,0.02,0.02,False,Involontaire (particulier),,
2020,2020-07-15 06:00:00,7,33,Landes de Gascogne,33200,Le Haillan,44.8713,-0.6903,0.06,0.06,False,Inconnue,,
2020,2020-07-17 15:44:00,7,33,Landes de Gascogne,33393,Saint-Denis-de-Pile,44.9893,-0.1833,1.0,1.0,False,Inconnue,,
2020,2020-07-17 16:06:00,7,33,Landes de Gascogne,33380,Val-de-Livenne,45.276,-0.5099,0.25,0.25,False,Inconnue,,
2020,2020-07-18 16:20:00,7,40,Landes de Gascogne,40152,Lesperon,43.9654,-1.0835,0.08,0.08,False,Accidentelle,,
2020,2020-07-19 20:37:00,7,33,Landes de Gascogne,33449,Saint-Médard-en-Jalles,44.8861,-0.7823,0.05,0.05,False,Inconnue,,
2020,2020-07-19 20:56:00,7,33,Landes de Gascogne,33448,Saint-Médard-d'Eyrans,44.714,-0.5125,0.4,0.4,False,Inconnue,,
2020,2020-07-20 15:36:00,7,33,Landes de Gascogne,33296,Mouliets-et-Villemartin,44.8311,-0.0223,0.01,0.01,False,Inconnue,,
2020,2020-07-21 01:03:00,7,33,Landes de Gascogne,33380,Val-de-Livenne,45.276,-0.5099,0.8,0.8,False,Inconnue,,
2020,2020-07-21 23:13:00,7,33,Landes de Gascogne,33382,Saint-Christoly-de-Blaye,45.1499,-0.4967,0.7,0.7,False,Inconnue,,
2020,2020-07-22 04:21:00,7,40,Landes de Gascogne,40326,Vielle-Saint-Girons,43.9429,-1.3219,1.2,1.2,False,Naturelle,,
2020,2020-07-22 19:51:00,7,40,Landes de Gascogne,40155,Linxe,43.9287,-1.2195,0.1,0.1,False,Inconnue,,
2020,2020-07-23 16:54:00,7,33,Landes de Gascogne,33380,Val-de-Livenne,45.276,-0.5099,0.3,0.3,False,Inconnue,,
2020,2020-07-23 19:04:00,7,33,Landes de Gascogne,33422,Saint-Jean-d'Illac,44.7973,-0.8156,0.2,0.2,False,Inconnue,,
2020,2020-07-23 22:19:00,7,40,Landes de Gascogne,40310,Soustons,43.754,-1.3305,0.05,0.05,False,Inconnue,,
2020,2020-07-24 13:25:00,7,40,Landes de Gascogne,40192,Mont-de-Marsan,43.8931,-0.5009,0.03,0.028,False,Involontaire (travaux),,
2020,2020-07-24 14:51:00,7,33,Landes de Gascogne,33380,Val-de-Livenne,45.276,-0.5099,0.25,0.25,False,Inconnue,,
2020,2020-07-24 16:43:00,7,06,Alpes-Maritimes,06020,La Bollène-Vésubie,43.9945,7.3749,0.02,0.0,False,Naturelle,,
2020,2020-07-24 20:12:00,7,33,Landes de Gascogne,33436,Saint-Magne,44.559,-0.6623,0.003,0.003,False,Inconnue,,
2020,2020-07-26 16:24:00,7,33,Landes de Gascogne,33529,La Teste-de-Buch,44.586,-1.1809,0.05,0.05,False,Inconnue,,
2020,2020-07-26 16:57:00,7,33,Landes de Gascogne,33090,Canéjan,44.7572,-0.659,0.03,0.03,False,Inconnue,,
2020,2020-07-27 13:51:00,7,33,Landes de Gascogne,33536,Le Tuzan,44.4508,-0.6011,289.7,289.7,True,Inconnue,,
2020,2020-07-29 16:27:00,7,33,Landes de Gascogne,33449,Saint-Médard-en-Jalles,44.8861,-0.7823,0.4,0.4,False,Inconnue,,
2020,2020-07-30 08:51:00,7,40,Landes de Gascogne,40158,Losse,44.0948,-0.0933,0.02,0.02,False,Involontaire (travaux),,
2020,2020-07-30 14:12:00,7,33,Landes de Gascogne,33449,Saint-Médard-en-Jalles,44.8861,-0.7823,2.5,2.5,False,Inconnue,,
2020,2020-07-30 17:14:00,7,40,Landes de Gascogne,40046,Biscarrosse,44.4077,-1.1525,0.058,0.048,False,Inconnue,,
2020,2020-07-30 17:23:00,7,33,Landes de Gascogne,33238,Léognan,44.7236,-0.6172,0.3,0.3,False,Inconnue,,
2020,2020-07-30 22:13:00,7,40,Landes de Gascogne,40274,Saint-Martin-d'Oney,43.9293,-0.6497,1.0,1.0,False,Naturelle,,
2020,2020-07-30 23:51:00,7,33,Landes de Gascogne,33272,Marsas,45.0628,-0.3769,0.19,0.19,False,Inconnue,,
2020,2020-07-31 00:53:00,7,33,Landes de Gascogne,33281,Mérignac,44.8313,-0.682,0.3,0.3,False,Inconnue,,
2020,2020-07-31 06:53:00,7,40,Landes de Gascogne,40280,Saint-Perdon,43.8734,-0.6038,0.001,0.001,False,Naturelle,,
2020,2020-07-31 08:03:00,7,40,Landes de Gascogne,40061,Campagne,43.8665,-0.6436,0.002,0.002,False,Naturelle,,
2020,2020-07-31 23:08:00,7,33,Landes de Gascogne,33236,Lège-Cap-Ferret,44.7452,-1.174,0.01,0.01,False,Inconnue,,
2020,2020-08-01 15:16:00,8,40,Landes de Gascogne,40184,Mimizan,44.1996,-1.2323,0.001,0.001,False,Inconnue,,
2020,2020-08-01 20:33:00,8,33,Landes de Gascogne,33184,Générac,45.1769,-0.5481,0.6,0.6,False,Inconnue,,
2020,2020-08-01 22:20:00,8,33,Landes de Gascogne,33382,Saint-Christoly-de-Blaye,45.1499,-0.4967,0.05,0.05,False,Inconnue,,
2020,2020-08-01 23:58:00,8,33,Landes de Gascogne,33205,Illats,44.6087,-0.3797,0.05,0.05,False,Inconnue,,
2020,2020-08-02 05:06:00,8,33,Landes de Gascogne,33529,La Teste-de-Buch,44.586,-1.1809,0.1,0.1,False,Inconnue,,
2020,2020-08-02 08:14:00,8,33,Landes de Gascogne,33450,Saint-Michel-de-Castelnau,44.2882,-0.0939,2.0,2.0,False,Inconnue,,
2020,2020-08-02 16:09:00,8,06,Alpes-Maritimes,06043,Coaraze,43.8693,7.3014,0.02,0.0094,False,Naturelle,,
2020,2020-08-02 20:59:00,8,33,Landes de Gascogne,33019,Audenge,44.7133,-0.9533,0.08,0.08,False,Inconnue,,
2020,2020-08-03 16:02:00,8,40,Landes de Gascogne,40296,Seignosse,43.7055,-1.3939,6.0,2.0,False,Involontaire (particulier),,
2020,2020-08-03 16:47:00,8,33,Landes de Gascogne,33146,Cussac-Fort-Médoc,45.1207,-0.726,0.5,0.5,False,Inconnue,,
2020,2020-08-04 14:42:00,8,33,Landes de Gascogne,33056,Blanquefort,44.9216,-0.61,4.0,4.0,False,Inconnue,,
2020,2020-08-04 16:45:00,8,40,Landes de Gascogne,40109,Gaujacq,43.6394,-0.7429,0.03,0.03,False,Involontaire (particulier),,
2020,2020-08-04 16:53:00,8,33,Landes de Gascogne,33393,Saint-Denis-de-Pile,44.9893,-0.1833,3.0,3.0,False,Inconnue,,
2020,2020-08-04 17:02:00,8,33,Landes de Gascogne,33249,Lormont,44.8749,-0.5176,0.005,0.005,False,Inconnue,,
2020,2020-08-04 17:42:00,8,33,Landes de Gascogne,33342,Puisseguin,44.9305,-0.0631,0.001,0.001,False,Inconnue,,
2020,2020-08-04 18:17:00,8,40,Landes de Gascogne,40061,Campagne,43.8665,-0.6436,0.12,0.02,False,Inconnue,,
2020,2020-08-05 00:28:00,8,33,Landes de Gascogne,33484,Saint-Symphorien,44.4261,-0.5505,0.005,0.005,False,Inconnue,,
2020,2020-08-05 12:55:00,8,33,Landes de Gascogne,33536,Le Tuzan,44.4508,-0.6011,0.3,0.3,False,Inconnue,,
2020,2020-08-05 15:18:00,8,40,Landes de Gascogne,40332,Ychoux,44.3545,-0.9643,1.2,1.2,False,Involontaire (particulier),,
2020,2020-08-05 15:56:00,8,33,Landes de Gascogne,33200,Le Haillan,44.8713,-0.6903,0.5,0.5,False,Inconnue,,
2020,2020-08-05 18:00:00,8,40,Landes de Gascogne,40162,Lucbardez-et-Bargues,43.9746,-0.4143,0.15,0.15,False,Inconnue,,
2020,2020-08-05 18:07:00,8,33,Landes de Gascogne,33029,Le Barp,44.6297,-0.7437,2.0,2.0,False,Inconnue,,
2020,2020-08-05 18:07:00,8,40,Landes de Gascogne,40310,Soustons,43.754,-1.3305,0.115,0.115,False,Inconnue,,
2020,2020-08-06 06:04:00,8,33,Landes de Gascogne,33029,Le Barp,44.6297,-0.7437,0.3,0.3,False,Inconnue,,
2020,2020-08-06 18:57:00,8,40,Landes de Gascogne,40094,Escource,44.1639,-1.0361,1.3,1.3,False,Naturelle,,
2020,2020-08-07 14:20:00,8,33,Landes de Gascogne,33218,Lagorce,45.0813,-0.1606,5.5,5.0,False,Inconnue,,
2020,2020-08-07 19:18:00,8,33,Landes de Gascogne,33124,Chamadelle,45.0975,-0.0883,1.5,0.5,False,Inconnue,,
2020,2020-08-08 01:02:00,8,40,Landes de Gascogne,40094,Escource,44.1639,-1.0361,0.02,0.02,False,Naturelle,,
2020,2020-08-08 14:03:00,8,33,Landes de Gascogne,33417,Sainte-Hélène,44.9653,-0.9071,1.0,1.0,False,Inconnue,,
2020,2020-08-08 15:07:00,8,06,Alpes-Maritimes,06094,Péone,44.1333,6.925,0.015,0.0071,False,Malveillance,,
2020,2020-08-08 16:58:00,8,06,Alpes-Maritimes,06114,Saint-André-de-la-Roche,43.7455,7.2875,0.06,0.0,False,Naturelle,,
2020,2020-08-09 00:44:00,8,33,Landes de Gascogne,33427,Saint-Laurent-du-Bois,44.6402,-0.1416,0.001,0.001,False,Inconnue,,
2020,2020-08-09 12:09:00,8,33,Landes de Gascogne,33393,Saint-Denis-de-Pile,44.9893,-0.1833,0.3,0.2,False,Inconnue,,
2020,2020-08-09 12:57:00,8,40,Landes de Gascogne,40310,Soustons,43.754,-1.3305,0.2,0.2,False,Inconnue,,
2020,2020-08-09 16:52:00,8,40,Landes de Gascogne,40169,Maillas,44.212,-0.1786,1.8,1.8,False,Inconnue,,
2020,2020-08-09 17:25:00,8,33,Landes de Gascogne,33522,Talence,44.8061,-0.5918,0.05,0.05,False,Inconnue,,
2020,2020-08-09 18:13:00,8,33,Landes de Gascogne,33376,Saint-Aubin-de-Médoc,44.9343,-0.7478,0.1,0.1,False,Inconnue,,
2020,2020-08-09 23:32:00,8,33,Landes de Gascogne,33536,Le Tuzan,44.4508,-0.6011,0.01,0.01,False,Inconnue,,
2020,2020-08-10 01:25:00,8,33,Landes de Gascogne,33536,Le Tuzan,44.4508,-0.6011,0.06,0.06,False,Inconnue,,
2020,2020-08-10 20:22:00,8,33,Landes de Gascogne,33083,Camarsac,44.8256,-0.3703,0.05,0.05,False,Inconnue,,
2020,2020-08-11 16:03:00,8,33,Landes de Gascogne,33522,Talence,44.8061,-0.5918,0.05,0.05,False,Inconnue,,
2020,2020-08-11 16:37:00,8,06,Alpes-Maritimes,06086,Moulinet,43.9503,7.4128,0.05,0.0,False,Naturelle,,
2020,2020-08-11 17:50:00,8,33,Landes de Gascogne,33380,Val-de-Livenne,45.276,-0.5099,0.3,0.3,False,Inconnue,,
2020,2020-08-11 18:01:00,8,33,Landes de Gascogne,33393,Saint-Denis-de-Pile,44.9893,-0.1833,3.0,2.5,False,Inconnue,,
2020,2020-08-11 18:42:00,8,33,Landes de Gascogne,33502,Saugon,45.1864,-0.5006,1.0,1.0,False,Involontaire (particulier),,
2020,2020-08-11 18:55:00,8,33,Landes de Gascogne,33284,Mios,44.6105,-0.8913,0.002,0.002,False,Accidentelle,,
2020,2020-08-11 22:23:00,8,40,Landes de Gascogne,40157,Lit-et-Mixe,44.0273,-1.2704,0.4356,0.4356,False,Inconnue,,
2020,2020-08-12 07:44:00,8,33,Landes de Gascogne,33042,Belin-Béliet,44.4959,-0.7989,0.0001,0.0001,False,Inconnue,,
2020,2020-08-12 11:08:00,8,40,Landes de Gascogne,40287,Sanguinet,44.4776,-1.0903,0.002,0.002,False,Naturelle,,
2020,2020-08-12 11:23:00,8,33,Landes de Gascogne,33498,Salles,44.536,-0.8899,0.002,0.001,False,Inconnue,,
2020,2020-08-12 15:27:00,8,33,Landes de Gascogne,33436,Saint-Magne,44.559,-0.6623,0.5,0.5,False,Inconnue,,
2020,2020-08-12 15:38:00,8,40,Landes de Gascogne,40006,Arengosse,44.0299,-0.7811,5.0,3.0,False,Naturelle,,
2020,2020-08-12 16:00:00,8,40,Landes de Gascogne,40134,Labouheyre,44.2243,-0.9107,1.3,1.3,False,Naturelle,,
2020,2020-08-12 16:06:00,8,33,Landes de Gascogne,33202,Hostens,44.4834,-0.6616,0.32,0.32,False,Inconnue,,
2020,2020-08-12 16:49:00,8,40,Landes de Gascogne,40307,Sore,44.3073,-0.6021,0.008,0.008,False,Naturelle,,
2020,2020-08-12 17:01:00,8,33,Landes de Gascogne,33307,Noaillan,44.4812,-0.3698,0.03,0.03,False,Inconnue,,
2020,2020-08-12 17:11:00,8,40,Landes de Gascogne,40311,Taller,43.88,-1.0621,1.0,1.0,False,Naturelle,,
2020,2020-08-12 17:22:00,8,33,Landes de Gascogne,33537,Uzeste,44.4304,-0.3269,1.0,1.0,False,Inconnue,,
2020,2020-08-12 18:32:00,8,40,Landes de Gascogne,40287,Sanguinet,44.4776,-1.0903,0.005,0.005,False,Naturelle,,
2020,2020-08-12 20:19:00,8,40,Landes de Gascogne,40167,Luxey,44.2382,-0.5061,0.155,0.155,False,Naturelle,,
2020,2020-08-12 20:46:00,8,33,Landes de Gascogne,33171,Fossès-et-Baleyssac,44.5991,0.0522,0.001,0.001,False,Inconnue,,
2020,2020-08-12 20:52:00,8,40,Landes de Gascogne,40167,Luxey,44.2382,-0.5061,0.003,0.003,False,Inconnue,,
2020,2020-08-13 11:48:00,8,40,Landes de Gascogne,40311,Taller,43.88,-1.0621,0.0005,0.0005,False,Naturelle,,
2020,2020-08-13 14:10:00,8,06,Alpes-Maritimes,06088,Nice,43.7032,7.2528,0.01,0.0,False,Inconnue,,
2020,2020-08-13 15:55:00,8,40,Landes de Gascogne,40246,Sabres,44.1532,-0.7332,0.5,0.5,False,Naturelle,,
2020,2020-08-13 16:14:00,8,06,Alpes-Maritimes,06062,Fontan,44.0213,7.5527,0.05,0.0235,False,Naturelle,,
2020,2020-08-13 20:22:00,8,40,Landes de Gascogne,40060,Callen,44.2743,-0.4688,8.4391,8.4391,False,Naturelle,,
2020,2020-08-14 14:48:00,8,40,Landes de Gascogne,40111,Geloux,43.9784,-0.6374,0.7392,0.7392,False,Naturelle,,
2020,2020-08-16 09:42:00,8,40,Landes de Gascogne,40332,Ychoux,44.3545,-0.9643,0.001,0.001,False,Naturelle,,
2020,2020-08-16 10:30:00,8,33,Landes de Gascogne,33422,Saint-Jean-d'Illac,44.7973,-0.8156,0.15,0.15,False,Inconnue,,
2020,2020-08-16 12:52:00,8,40,Landes de Gascogne,40319,Trensacq,44.232,-0.7015,12.0,12.0,False,Accidentelle,,
2020,2020-08-16 16:45:00,8,40,Landes de Gascogne,40164,Retjons,44.1399,-0.2929,0.005,0.005,False,Naturelle,,
2020,2020-08-16 17:52:00,8,33,Landes de Gascogne,33115,Cazalis,44.3304,-0.3875,0.16,0.16,False,Inconnue,,
2020,2020-08-16 19:09:00,8,33,Landes de Gascogne,33188,Giscos,44.2625,-0.1747,0.2,0.2,False,Accidentelle,,
2020,2020-08-17 09:56:00,8,40,Landes de Gascogne,40229,Pontenx-les-Forges,44.2554,-1.0914,2.0,2.0,False,Naturelle,,
2020,2020-08-17 19:19:00,8,40,Landes de Gascogne,40184,Mimizan,44.1996,-1.2323,0.01,0.01,False,Inconnue,,
2020,2020-08-18 12:55:00,8,06,Alpes-Maritimes,06030,Le Cannet,43.5745,7.001,0.04,0.0,False,Inconnue,,
2020,2020-08-19 12:12:00,8,33,Landes de Gascogne,33552,Virelade,44.6565,-0.3981,1.0,1.0,False,Accidentelle,,
2020,2020-08-20 14:42:00,8,33,Landes de Gascogne,33498,Salles,44.536,-0.8899,0.5,0.5,False,Involontaire (travaux),,
2020,2020-08-20 16:27:00,8,33,Landes de Gascogne,33536,Le Tuzan,44.4508,-0.6011,0.6,0.4,False,Accidentelle,,
2020,2020-08-22 08:33:00,8,33,Landes de Gascogne,33333,Le Porge,44.8649,-1.1351,0.07,0.07,False,Accidentelle,,
2020,2020-08-23 13:29:00,8,40,Landes de Gascogne,40152,Lesperon,43.9654,-1.0835,0.25,0.25,False,Naturelle,,
2020,2020-08-23 13:35:00,8,40,Landes de Gascogne,40310,Soustons,43.754,-1.3305,0.5396,0.5396,False,Naturelle,,
2020,2020-08-25 11:58:00,8,40,Landes de Gascogne,40332,Ychoux,44.3545,-0.9643,0.8,0.8,False,Inconnue,,
2020,2020-08-25 14:00:00,8,33,Landes de Gascogne,33369,Saint-André-et-Appelles,44.8074,0.1948,0.5,0.5,False,Involontaire (particulier),,
2020,2020-08-26 18:06:00,8,33,Landes de Gascogne,33393,Saint-Denis-de-Pile,44.9893,-0.1833,0.1,0.1,False,Accidentelle,,
2020,2020-09-01 14:31:00,9,40,Landes de Gascogne,40281,Saint-Pierre-du-Mont,43.8725,-0.52,1.0,1.0,False,Inconnue,,
2020,2020-09-01 15:17:00,9,33,Landes de Gascogne,33393,Saint-Denis-de-Pile,44.9893,-0.1833,3.0,1.0,False,Accidentelle,,
2020,2020-09-01 15:59:00,9,33,Landes de Gascogne,33056,Blanquefort,44.9216,-0.61,0.04,0.02,False,Accidentelle,,
2020,2020-09-01 16:11:00,9,33,Landes de Gascogne,33452,Saint-Michel-de-Rieufret,44.6273,-0.4453,1.0,1.0,False,Involontaire (travaux),,
2020,2020-09-03 18:02:00,9,33,Landes de Gascogne,33214,Lacanau,44.9879,-1.096,0.005,0.005,False,Accidentelle,,
2020,2020-09-04 15:25:00,9,33,Landes de Gascogne,33056,Blanquefort,44.9216,-0.61,0.3,0.3,False,Accidentelle,,
2020,2020-09-04 19:49:00,9,33,Landes de Gascogne,33376,Saint-Aubin-de-Médoc,44.9343,-0.7478,0.03,0.03,False,Accidentelle,,
2020,2020-09-05 15:38:00,9,40,Landes de Gascogne,40312,Tarnos,43.5338,-1.4717,0.001,0.0,False,Inconnue,,
2020,2020-09-05 15:44:00,9,33,Landes de Gascogne,33097,Carcans,45.0794,-1.0404,2.0,0.5,False,Accidentelle,,
2020,2020-09-05 16:22:00,9,33,Landes de Gascogne,33123,Cézac,45.0867,-0.4171,0.01,0.01,False,Accidentelle,,
2020,2020-09-06 15:20:00,9,33,Landes de Gascogne,33312,Parempuyre,44.9548,-0.5844,0.2,0.2,False,Involontaire (travaux),,
2020,2020-09-06 17:59:00,9,33,Landes de Gascogne,33214,Lacanau,44.9879,-1.096,0.001,0.001,False,Involontaire (travaux),,
2020,2020-09-07 15:12:00,9,33,Landes de Gascogne,33202,Hostens,44.4834,-0.6616,21.43,21.43,False,Accidentelle,,
2020,2020-09-09 12:07:00,9,40,Landes de Gascogne,40161,Lubbon,44.1097,-0.0127,0.002,0.002,False,Involontaire (particulier),,
2020,2020-09-09 14:30:00,9,33,Landes de Gascogne,33202,Hostens,44.4834,-0.6616,36.26,36.26,False,Accidentelle,,
2020,2020-09-09 16:56:00,9,40,Landes de Gascogne,40332,Ychoux,44.3545,-0.9643,0.21,0.21,False,Inconnue,,
2020,2020-09-10 06:30:00,9,33,Landes de Gascogne,33012,Arsac,44.9869,-0.7018,1.0,1.0,False,Accidentelle,,
2020,2020-09-10 13:37:00,9,33,Landes de Gascogne,33097,Carcans,45.0794,-1.0404,0.0002,0.0002,False,Involontaire (particulier),,
2020,2020-09-10 21:47:00,9,33,Landes de Gascogne,33318,Pessac,44.786,-0.681,0.05,0.05,False,Involontaire (travaux),,
2020,2020-09-10 23:42:00,9,33,Landes de Gascogne,33202,Hostens,44.4834,-0.6616,0.2,0.2,False,Involontaire (travaux),,
2020,2020-09-11 11:51:00,9,33,Landes de Gascogne,33155,Escaudes,44.3174,-0.2043,0.001,0.001,False,Accidentelle,,
2020,2020-09-12 00:53:00,9,40,Landes de Gascogne,40169,Maillas,44.212,-0.1786,1.6,1.6,False,Inconnue,,
2020,2020-09-12 11:19:00,9,06,Alpes-Maritimes,06139,Thiéry,43.9759,7.0365,0.01,0.0,False,Naturelle,,
2020,2020-09-12 12:36:00,9,33,Landes de Gascogne,33354,Riocaud,44.7484,0.203,0.04,0.04,False,Involontaire (particulier),,
2020,2020-09-12 12:51:00,9,06,Alpes-Maritimes,06044,La Colle-sur-Loup,43.6869,7.0975,0.15,0.15,False,Involontaire (particulier),,
2020,2020-09-12 14:33:00,9,33,Landes de Gascogne,33199,Gujan-Mestras,44.5758,-1.0813,0.35,0.35,False,Accidentelle,,
2020,2020-09-13 06:25:00,9,40,Landes de Gascogne,40326,Vielle-Saint-Girons,43.9429,-1.3219,0.04,0.04,False,Inconnue,,
2020,2020-09-13 13:07:00,9,33,Landes de Gascogne,33011,Arès,44.7997,-1.0837,0.5,0.5,False,Accidentelle,,
2020,2020-09-13 17:33:00,9,40,Landes de Gascogne,40279,Saint-Paul-lès-Dax,43.7485,-1.0941,0.785,0.485,False,Involontaire (particulier),,
2020,2020-09-13 18:52:00,9,33,Landes de Gascogne,33005,Andernos-les-Bains,44.7529,-1.082,0.2,0.2,False,Accidentelle,,
2020,2020-09-14 02:14:00,9,33,Landes de Gascogne,33011,Arès,44.7997,-1.0837,0.3,0.3,False,Involontaire (travaux),,
2020,2020-09-14 16:08:00,9,33,Landes de Gascogne,33240,Lesparre-Médoc,45.2796,-0.9235,0.02,0.02,False,Accidentelle,,
2020,2020-09-14 16:25:00,9,33,Landes de Gascogne,33360,La Roquille,44.7853,0.2295,2.0,0.5,False,Accidentelle,,
2020,2020-09-16 12:36:00,9,33,Landes de Gascogne,33527,Le Teich,44.5805,-1.0234,0.3,0.3,False,Involontaire (particulier),,
2020,2020-09-16 14:13:00,9,33,Landes de Gascogne,33029,Le Barp,44.6297,-0.7437,21.24,21.24,False,Accidentelle,,
2020,2020-09-16 15:42:00,9,40,Landes de Gascogne,40105,Garein,44.0521,-0.6514,1.0,1.0,False,Inconnue,,
2020,2020-09-17 13:47:00,9,40,Landes de Gascogne,40182,Mézos,44.0848,-1.141,0.5,0.5,False,Inconnue,,
2020,2020-09-17 16:06:00,9,33,Landes de Gascogne,33230,Lapouyade,45.1094,-0.2854,111.0,106.0,True,Accidentelle,,
2020,2020-09-17 17:06:00,9,33,Landes de Gascogne,33233,Laruscade,45.1206,-0.3394,6.0,6.0,False,Accidentelle,,
2020,2020-09-17 23:41:00,9,40,Landes de Gascogne,40200,Moustey,44.387,-0.7703,0.15,0.15,False,Inconnue,,
2020,2020-09-18 01:55:00,9,33,Landes de Gascogne,33544,Le Verdon-sur-Mer,45.5481,-1.0826,1.0,1.0,False,Malveillance,,
2020,2020-09-18 05:19:00,9,33,Landes de Gascogne,33202,Hostens,44.4834,-0.6616,5.0,5.0,False,Malveillance,,
2020,2020-09-18 11:07:00,9,33,Landes de Gascogne,33199,Gujan-Mestras,44.5758,-1.0813,0.15,0.15,False,Malveillance,,
2020,2020-09-18 11:56:00,9,40,Landes de Gascogne,40332,Ychoux,44.3545,-0.9643,0.12,0.12,False,Inconnue,,
2020,2020-09-18 14:30:00,9,33,Landes de Gascogne,33436,Saint-Magne,44.559,-0.6623,0.2,0.2,False,Involontaire (particulier),,
2020,2020-09-19 10:25:00,9,33,Landes de Gascogne,33029,Le Barp,44.6297,-0.7437,0.0001,0.0001,False,Malveillance,,
2020,2020-09-19 14:23:00,9,33,Landes de Gascogne,33115,Cazalis,44.3304,-0.3875,0.0005,0.0005,False,Malveillance,,
2020,2020-09-19 16:48:00,9,33,Landes de Gascogne,33537,Uzeste,44.4304,-0.3269,4.0,4.0,False,Malveillance,,
2020,2020-09-25 05:27:00,9,06,Alpes-Maritimes,06079,Mandelieu-la-Napoule,43.5334,6.918,0.2,0.1,False,Naturelle,,
2020,2020-09-28 14:25:00,9,06,Alpes-Maritimes,06128,Saint-Paul-de-Vence,43.6928,7.1196,0.08,0.0,False,Inconnue,,
2020,2020-10-15 11:15:00,10,40,Landes de Gascogne,40030,Baudignan,44.0913,0.0404,0.004,0.004,False,Inconnue,,
2020,2020-10-20 12:36:00,10,06,Alpes-Maritimes,06141,Toudon,43.8857,7.1094,0.05,0.04,False,Naturelle,,
2020,2020-10-30 10:43:00,10,06,Alpes-Maritimes,06070,Gréolières,43.8037,6.9296,0.5,0.0,False,Involontaire (particulier),,
2020,2020-11-02 19:06:00,11,40,Landes de Gascogne,40305,Sorbets,43.6418,-0.3311,0.003,0.003,False,Inconnue,,
2020,2020-11-12 16:43:00,11,40,Landes de Gascogne,40209,Ondres,43.5624,-1.4581,0.003,0.003,False,Inconnue,,
2021,2021-01-13 14:40:00,1,06,Alpes-Maritimes,06091,Peille,43.8043,7.4088,0.5,0.4,False,Accidentelle,,
2021,2021-02-20 12:52:00,2,40,Landes de Gascogne,40192,Mont-de-Marsan,43.8931,-0.5009,0.2,0.2,False,Inconnue,,
2021,2021-02-20 15:11:00,2,06,Alpes-Maritimes,06020,La Bollène-Vésubie,43.9945,7.3749,0.05,0.0235,False,Malveillance,,
2021,2021-02-22 14:03:00,2,06,Alpes-Maritimes,06083,Menton,43.7961,7.498,0.045,0.0212,False,Inconnue,,
2021,2021-02-28 11:40:00,2,06,Alpes-Maritimes,06038,Châteauneuf-Grasse,43.6626,6.9792,0.05,0.0235,False,Involontaire (particulier),,
2021,2021-03-02 11:40:00,3,06,Alpes-Maritimes,06136,Sospel,43.8872,7.4493,0.01,0.0047,False,Involontaire (particulier),,
2021,2021-03-03 17:30:00,3,40,Landes de Gascogne,40168,Magescq,43.7753,-1.1841,0.02,0.02,False,Inconnue,,
2021,2021-03-04 13:57:00,3,06,Alpes-Maritimes,06050,Coursegoules,43.7898,7.0384,4.0,0.0,False,Malveillance,,
2021,2021-03-05 12:48:00,3,33,Landes de Gascogne,33382,Saint-Christoly-de-Blaye,45.1499,-0.4967,1.5,1.5,False,Inconnue,,
2021,2021-03-08 08:52:00,3,06,Alpes-Maritimes,06035,Castellar,43.8227,7.4989,0.07,0.0329,False,Inconnue,,
2021,2021-03-08 13:56:00,3,06,Alpes-Maritimes,06149,La Trinité,43.7415,7.3413,0.05,0.0235,False,Involontaire (particulier),,
2021,2021-03-13 10:52:00,3,40,Landes de Gascogne,40307,Sore,44.3073,-0.6021,0.0002,0.0002,False,Involontaire (particulier),,
2021,2021-03-13 11:13:00,3,06,Alpes-Maritimes,06050,Coursegoules,43.7898,7.0384,0.8,0.0,False,Involontaire (travaux),,
2021,2021-03-13 11:50:00,3,06,Alpes-Maritimes,06133,Sauze,44.0862,6.7987,1.5,0.705,False,Involontaire (particulier),,
2021,2021-03-14 12:04:00,3,06,Alpes-Maritimes,06074,Lantosque,43.9787,7.3121,0.1,0.047,False,Inconnue,,
2021,2021-03-14 17:23:00,3,06,Alpes-Maritimes,06049,Courmes,43.7514,7.0196,3.6,0.6,False,Malveillance,,
2021,2021-03-15 02:29:00,3,06,Alpes-Maritimes,06024,Briançonnet,43.8654,6.7325,4.25,0.25,False,Inconnue,,
2021,2021-03-15 20:33:00,3,06,Alpes-Maritimes,06017,Bézaudun-les-Alpes,43.8026,7.0908,0.25,0.1175,False,Malveillance,,
2021,2021-03-16 11:25:00,3,06,Alpes-Maritimes,06049,Courmes,43.7514,7.0196,0.72,0.0,False,Involontaire (travaux),,
2021,2021-03-16 15:04:00,3,06,Alpes-Maritimes,06051,La Croix-sur-Roudoule,44.0032,6.871,1.2,0.0,False,Inconnue,,
2021,2021-03-17 14:11:00,3,33,Landes de Gascogne,33236,Lège-Cap-Ferret,44.7452,-1.174,0.01,0.01,False,Inconnue,,
2021,2021-03-17 15:22:00,3,40,Landes de Gascogne,40028,Bastennes,43.6504,-0.7802,1.0,1.0,False,Inconnue,,
2021,2021-03-18 13:48:00,3,40,Landes de Gascogne,40311,Taller,43.88,-1.0621,0.8,0.8,False,Inconnue,,
2021,2021-03-20 14:22:00,3,40,Landes de Gascogne,40111,Geloux,43.9784,-0.6374,2.0,2.0,False,Inconnue,,
2021,2021-03-20 17:30:00,3,33,Landes de Gascogne,33284,Mios,44.6105,-0.8913,0.04,0.04,False,Accidentelle,,
2021,2021-03-20 20:08:00,3,06,Alpes-Maritimes,06017,Bézaudun-les-Alpes,43.8026,7.0908,0.5,0.235,False,Malveillance,,
2021,2021-03-21 14:13:00,3,40,Landes de Gascogne,40197,Morcenx-la-Nouvelle,44.0318,-0.9147,0.05,0.05,False,Inconnue,,
2021,2021-03-22 15:57:00,3,33,Landes de Gascogne,33529,La Teste-de-Buch,44.586,-1.1809,0.1,0.1,False,Inconnue,,
2021,2021-03-25 19:05:00,3,40,Landes de Gascogne,40320,Uchacq-et-Parentis,43.945,-0.5476,0.2,0.2,False,Accidentelle,,
2021,2021-03-27 15:18:00,3,40,Landes de Gascogne,40192,Mont-de-Marsan,43.8931,-0.5009,0.03,0.03,False,Inconnue,,
2021,2021-03-28 18:59:00,3,33,Landes de Gascogne,33473,Saint-Savin,45.1611,-0.4449,0.6991,0.3491,False,Inconnue,,
2021,2021-03-29 15:26:00,3,40,Landes de Gascogne,40217,Parentis-en-Born,44.3527,-1.0879,0.0005,0.0005,False,Inconnue,,
2021,2021-03-30 11:26:00,3,06,Alpes-Maritimes,06023,Breil-sur-Roya,43.9379,7.4996,0.2,0.094,False,Involontaire (particulier),,
2021,2021-03-30 12:49:00,3,06,Alpes-Maritimes,06017,Bézaudun-les-Alpes,43.8026,7.0908,1.0,0.47,False,Involontaire (particulier),,
2021,2021-03-30 12:59:00,3,06,Alpes-Maritimes,06122,Saint-Jeannet,43.7619,7.1477,0.1,0.047,False,Involontaire (particulier),,
2021,2021-03-30 14:05:00,3,40,Landes de Gascogne,40123,Herm,43.8013,-1.1332,0.2,0.2,False,Inconnue,,
2021,2021-03-30 17:57:00,3,33,Landes de Gascogne,33214,Lacanau,44.9879,-1.096,0.05,0.05,False,Accidentelle,,
2021,2021-03-30 18:37:00,3,06,Alpes-Maritimes,06034,Castagniers,43.79,7.2298,0.1,0.047,False,Malveillance,,
2021,2021-03-31 12:42:00,3,06,Alpes-Maritimes,06041,Cipières,43.7665,6.9229,0.02,0.0094,False,Involontaire (particulier),,
2021,2021-03-31 14:41:00,3,33,Landes de Gascogne,33310,Origne,44.5025,-0.509,0.3,0.3,False,Inconnue,,
2021,2021-03-31 16:26:00,3,33,Landes de Gascogne,33449,Saint-Médard-en-Jalles,44.8861,-0.7823,0.005,0.005,False,Malveillance,,
2021,2021-04-01 00:53:00,4,33,Landes de Gascogne,33022,Avensan,45.0033,-0.7574,2.0,2.0,False,Accidentelle,,
2021,2021-04-01 04:29:00,4,33,Landes de Gascogne,33449,Saint-Médard-en-Jalles,44.8861,-0.7823,0.01,0.01,False,Accidentelle,,
2021,2021-04-01 15:15:00,4,06,Alpes-Maritimes,06116,Saint-Auban,43.8319,6.7367,0.8,0.1,False,Malveillance,,
2021,2021-04-02 15:08:00,4,33,Landes de Gascogne,33449,Saint-Médard-en-Jalles,44.8861,-0.7823,0.015,0.015,False,Involontaire (travaux),,
2021,2021-04-02 22:04:00,4,33,Landes de Gascogne,33051,Biganos,44.6599,-0.9582,0.02,0.02,False,Inconnue,,
2021,2021-04-03 02:15:00,4,33,Landes de Gascogne,33240,Lesparre-Médoc,45.2796,-0.9235,0.0002,0.0002,False,Inconnue,,
2021,2021-04-03 14:44:00,4,33,Landes de Gascogne,33318,Pessac,44.786,-0.681,0.2,0.2,False,Inconnue,,
2021,2021-04-03 15:02:00,4,33,Landes de Gascogne,33329,Pompéjac,44.3986,-0.2997,1.5,1.5,False,Inconnue,,
2021,2021-04-03 16:19:00,4,33,Landes de Gascogne,33022,Avensan,45.0033,-0.7574,303.83,303.83,True,Inconnue,,
2021,2021-04-03 17:43:00,4,33,Landes de Gascogne,33408,Saint-Genès-de-Lombaud,44.7539,-0.3824,0.2,0.2,False,Inconnue,,
2021,2021-04-04 08:56:00,4,40,Landes de Gascogne,40046,Biscarrosse,44.4077,-1.1525,0.02,0.02,False,Involontaire (travaux),,
2021,2021-04-04 18:32:00,4,33,Landes de Gascogne,33382,Saint-Christoly-de-Blaye,45.1499,-0.4967,0.8,0.8,False,Inconnue,,
2021,2021-04-05 12:05:00,4,33,Landes de Gascogne,33382,Saint-Christoly-de-Blaye,45.1499,-0.4967,3.0,2.5,False,Inconnue,,
2021,2021-04-05 12:55:00,4,40,Landes de Gascogne,40197,Morcenx-la-Nouvelle,44.0318,-0.9147,0.2,0.2,False,Inconnue,,
2021,2021-04-05 14:11:00,4,40,Landes de Gascogne,40187,Moliets-et-Maa,43.8626,-1.3589,0.0004,0.0004,False,Malveillance,,
2021,2021-04-05 19:17:00,4,33,Landes de Gascogne,33322,Le Pian-Médoc,44.9555,-0.6737,0.3,0.3,False,Inconnue,,
2021,2021-04-06 06:20:00,4,33,Landes de Gascogne,33042,Belin-Béliet,44.4959,-0.7989,2.5,2.5,False,Inconnue,,
2021,2021-04-06 12:13:00,4,40,Landes de Gascogne,40192,Mont-de-Marsan,43.8931,-0.5009,0.18,0.18,False,Inconnue,,
2021,2021-04-07 12:03:00,4,06,Alpes-Maritimes,06163,Tende,44.0971,7.5499,42.0,33.0,False,Involontaire (travaux),,
2021,2021-04-07 15:42:00,4,40,Landes de Gascogne,40020,Aurice,43.7993,-0.6022,2.0,2.0,False,Inconnue,,
2021,2021-04-07 18:53:00,4,33,Landes de Gascogne,33068,Bourideys,44.3614,-0.4769,0.3,0.3,False,Inconnue,,
2021,2021-04-08 10:36:00,4,33,Landes de Gascogne,33183,Gauriaguet,45.0446,-0.3947,0.1,0.1,False,Involontaire (travaux),,
2021,2021-04-08 12:36:00,4,40,Landes de Gascogne,40134,Labouheyre,44.2243,-0.9107,0.3,0.3,False,Inconnue,,
2021,2021-04-08 14:51:00,4,33,Landes de Gascogne,33225,Landiras,44.5696,-0.4333,0.3,0.3,False,Involontaire (travaux),,
2021,2021-04-09 00:57:00,4,33,Landes de Gascogne,33080,Cadaujac,44.7468,-0.5316,0.5,0.5,False,Inconnue,,
2021,2021-04-09 04:38:00,4,40,Landes de Gascogne,40134,Labouheyre,44.2243,-0.9107,0.45,0.45,False,Inconnue,,
2021,2021-04-14 14:47:00,4,40,Landes de Gascogne,40171,Mano,44.4288,-0.6703,0.15,0.15,False,Inconnue,,
2021,2021-04-14 15:47:00,4,40,Landes de Gascogne,40238,Pujo-le-Plan,43.8608,-0.3444,2.5,2.5,False,Inconnue,,
2021,2021-04-14 16:48:00,4,40,Landes de Gascogne,40279,Saint-Paul-lès-Dax,43.7485,-1.0941,0.25,0.25,False,Inconnue,,
2021,2021-04-14 17:06:00,4,40,Landes de Gascogne,40103,Gaillères,43.9383,-0.3772,6.409,6.409,False,Inconnue,,
2021,2021-04-16 12:47:00,4,40,Landes de Gascogne,40033,Bélis,44.064,-0.4688,0.0001,0.0001,False,Involontaire (travaux),,
2021,2021-04-16 18:59:00,4,40,Landes de Gascogne,40163,Lüe,44.2337,-0.9858,0.45,0.45,False,Inconnue,,
2021,2021-04-17 15:29:00,4,40,Landes de Gascogne,40152,Lesperon,43.9654,-1.0835,0.15,0.15,False,Involontaire (particulier),,
2021,2021-04-19 14:03:00,4,40,Landes de Gascogne,40117,Grenade-sur-l'Adour,43.7902,-0.4232,0.03,0.03,False,Malveillance,,
2021,2021-04-19 15:46:00,4,33,Landes de Gascogne,33436,Saint-Magne,44.559,-0.6623,5.0,5.0,False,Malveillance,,
2021,2021-04-19 18:18:00,4,33,Landes de Gascogne,33318,Pessac,44.786,-0.681,0.9,0.9,False,Malveillance,,
2021,2021-04-20 14:37:00,4,40,Landes de Gascogne,40215,Ousse-Suzan,43.9492,-0.7523,0.3,0.3,False,Involontaire (travaux),,
2021,2021-04-20 15:59:00,4,33,Landes de Gascogne,33203,Hourtin,45.1831,-1.0534,0.2,0.2,False,Malveillance,,
2021,2021-04-22 12:29:00,4,33,Landes de Gascogne,33100,Cars,45.1272,-0.616,0.05,0.05,False,Accidentelle,,
2021,2021-04-22 14:43:00,4,40,Landes de Gascogne,40162,Lucbardez-et-Bargues,43.9746,-0.4143,1.2,1.2,False,Inconnue,,
2021,2021-04-22 15:37:00,4,33,Landes de Gascogne,33053,Birac,44.4144,-0.1457,0.5,0.5,False,Accidentelle,,
2021,2021-04-22 17:37:00,4,33,Landes de Gascogne,33229,Lanton,44.7719,-0.9799,0.1,0.1,False,Malveillance,,
2021,2021-04-24 08:59:00,4,33,Landes de Gascogne,33177,Gaillan-en-Médoc,45.3135,-0.9946,2.0,2.0,False,Accidentelle,,
2021,2021-04-24 21:25:00,4,06,Alpes-Maritimes,06126,Saint-Martin-du-Var,43.8168,7.2012,0.008,0.0,False,Involontaire (particulier),,
2021,2021-04-28 17:53:00,4,33,Landes de Gascogne,33366,Saint-André-de-Cubzac,44.9945,-0.4378,0.005,0.005,False,Involontaire (particulier),,
2021,2021-05-02 20:34:00,5,33,Landes de Gascogne,33253,Loupiac,44.6258,-0.2856,0.01,0.01,False,Involontaire (particulier),,
2021,2021-05-03 09:37:00,5,33,Landes de Gascogne,33090,Canéjan,44.7572,-0.659,0.002,0.002,False,Involontaire (travaux),,
2021,2021-05-03 17:18:00,5,33,Landes de Gascogne,33550,Villenave-d'Ornon,44.7736,-0.5523,0.6,0.6,False,Involontaire (particulier),,
2021,2021-05-03 19:16:00,5,40,Landes de Gascogne,40217,Parentis-en-Born,44.3527,-1.0879,0.3,0.3,False,Inconnue,,
2021,2021-05-18 19:23:00,5,33,Landes de Gascogne,33012,Arsac,44.9869,-0.7018,0.02,0.02,False,Accidentelle,,
2021,2021-05-24 18:52:00,5,33,Landes de Gascogne,33494,Salaunes,44.9281,-0.8502,0.003,0.0005,False,Malveillance,,
2021,2021-05-27 20:49:00,5,33,Landes de Gascogne,33382,Saint-Christoly-de-Blaye,45.1499,-0.4967,0.8,0.8,False,Inconnue,,
2021,2021-05-31 21:14:00,5,33,Landes de Gascogne,33382,Saint-Christoly-de-Blaye,45.1499,-0.4967,0.2,0.2,False,Inconnue,,
2021,2021-06-01 08:50:00,6,40,Landes de Gascogne,40200,Moustey,44.387,-0.7703,0.07,0.07,False,Involontaire (travaux),,
2021,2021-06-01 16:40:00,6,33,Landes de Gascogne,33203,Hourtin,45.1831,-1.0534,0.1,0.1,False,Naturelle,,
2021,2021-06-06 17:20:00,6,40,Landes de Gascogne,40200,Moustey,44.387,-0.7703,0.2,0.2,False,Inconnue,,
2021,2021-06-08 15:35:00,6,40,Landes de Gascogne,40152,Lesperon,43.9654,-1.0835,0.05,0.05,False,Inconnue,,
2021,2021-06-13 13:25:00,6,33,Landes de Gascogne,33164,Fargues,44.5362,-0.2926,0.3,0.3,False,Inconnue,,
2021,2021-06-13 14:48:00,6,40,Landes de Gascogne,40167,Luxey,44.2382,-0.5061,0.3,0.3,False,Inconnue,,
2021,2021-06-13 16:37:00,6,40,Landes de Gascogne,40046,Biscarrosse,44.4077,-1.1525,3.0,3.0,False,Involontaire (particulier),,
2021,2021-06-15 13:20:00,6,40,Landes de Gascogne,40281,Saint-Pierre-du-Mont,43.8725,-0.52,0.05,0.05,False,Involontaire (travaux),,
2021,2021-06-28 19:40:00,6,40,Landes de Gascogne,40222,Pey,43.6176,-1.2044,0.01,0.01,False,Inconnue,,
2021,2021-07-02 10:00:00,7,06,Alpes-Maritimes,06073,Isola,44.1903,7.0835,0.8,0.376,False,Involontaire (travaux),,
2021,2021-07-03 11:11:00,7,33,Landes de Gascogne,33376,Saint-Aubin-de-Médoc,44.9343,-0.7478,0.005,0.005,False,Accidentelle,,
2021,2021-07-07 13:52:00,7,06,Alpes-Maritimes,06079,Mandelieu-la-Napoule,43.5334,6.918,0.95,0.0,False,Accidentelle,,
2021,2021-07-10 17:26:00,7,40,Landes de Gascogne,40296,Seignosse,43.7055,-1.3939,0.002,0.002,False,Inconnue,,
2021,2021-07-11 16:10:00,7,33,Landes de Gascogne,33234,Latresne,44.7901,-0.4981,0.005,0.005,False,Inconnue,,
2021,2021-07-14 12:05:00,7,06,Alpes-Maritimes,06157,Vence,43.7373,7.0995,8.9,0.0,False,Involontaire (particulier),,
2021,2021-07-16 13:12:00,7,06,Alpes-Maritimes,06107,La Roque-en-Provence,43.8494,6.9916,0.01,0.0047,False,Naturelle,,
2021,2021-07-18 15:23:00,7,06,Alpes-Maritimes,06114,Saint-André-de-la-Roche,43.7455,7.2875,0.39,0.0,False,Accidentelle,,
2021,2021-07-20 19:10:00,7,06,Alpes-Maritimes,06088,Nice,43.7032,7.2528,0.03,0.0141,False,Involontaire (particulier),,
2021,2021-07-22 14:01:00,7,06,Alpes-Maritimes,06010,Le Bar-sur-Loup,43.6993,6.9674,0.62,0.1,False,Involontaire (particulier),,
2021,2021-07-26 14:37:00,7,06,Alpes-Maritimes,06070,Gréolières,43.8037,6.9296,0.05,0.0,False,Naturelle,,
2021,2021-07-26 16:48:00,7,06,Alpes-Maritimes,06157,Vence,43.7373,7.0995,0.03,0.0,False,Naturelle,,
2021,2021-07-26 17:32:00,7,06,Alpes-Maritimes,06118,Saint-Cézaire-sur-Siagne,43.6592,6.8049,0.01,0.0047,False,Naturelle,,
2021,2021-07-28 20:47:00,7,06,Alpes-Maritimes,06069,Grasse,43.656,6.937,0.08,0.0376,False,Naturelle,,
2021,2021-07-29 11:47:00,7,06,Alpes-Maritimes,06118,Saint-Cézaire-sur-Siagne,43.6592,6.8049,0.7,0.329,False,Naturelle,,
2021,2021-07-30 13:03:00,7,06,Alpes-Maritimes,06161,Villeneuve-Loubet,43.647,7.0984,0.1,0.047,False,Involontaire (particulier),,
2021,2021-08-01 10:18:00,8,06,Alpes-Maritimes,06153,Valdeblore,44.1152,7.1949,0.01,0.005,False,Naturelle,,
2021,2021-08-01 17:48:00,8,06,Alpes-Maritimes,06095,Peymeinade,43.6289,6.8807,0.56,0.2632,False,Inconnue,,
2021,2021-08-05 18:50:00,8,06,Alpes-Maritimes,06004,Antibes,43.5823,7.1048,0.03,0.0141,False,Involontaire (particulier),,
2021,2021-08-08 12:46:00,8,06,Alpes-Maritimes,06090,Pégomas,43.5886,6.9213,0.03,0.0,False,Accidentelle,,
2021,2021-08-08 19:00:00,8,06,Alpes-Maritimes,06071,Guillaumes,44.1007,6.8673,0.025,0.0118,False,Involontaire (particulier),,
2021,2021-08-09 14:50:00,8,06,Alpes-Maritimes,06071,Guillaumes,44.1007,6.8673,2.53,2.0,False,Inconnue,,
2021,2021-08-11 21:13:00,8,40,Landes de Gascogne,40081,Cère,43.9933,-0.5468,0.1,0.1,False,Inconnue,,
2021,2021-08-12 15:06:00,8,06,Alpes-Maritimes,06053,Daluis,44.0426,6.8045,0.003,0.0014,False,Naturelle,,
2021,2021-08-12 15:42:00,8,40,Landes de Gascogne,40163,Lüe,44.2337,-0.9858,0.4,0.4,False,Naturelle,,
2021,2021-08-16 14:12:00,8,40,Landes de Gascogne,40230,Pontonx-sur-l'Adour,43.7927,-0.9367,0.02,0.02,False,Involontaire (travaux),,
2021,2021-08-19 13:34:00,8,06,Alpes-Maritimes,06116,Saint-Auban,43.8319,6.7367,0.02,0.0094,False,Inconnue,,
2021,2021-08-19 14:01:00,8,40,Landes de Gascogne,40197,Morcenx-la-Nouvelle,44.0318,-0.9147,0.01,0.01,False,Inconnue,,
2021,2021-08-20 02:59:00,8,06,Alpes-Maritimes,06065,La Gaude,43.7177,7.1605,0.01,0.0047,False,Inconnue,,
2021,2021-08-20 03:50:00,8,06,Alpes-Maritimes,06027,Cagnes-sur-Mer,43.6712,7.1502,0.1,0.047,False,Inconnue,,
2021,2021-08-20 18:00:00,8,33,Landes de Gascogne,33122,Cestas,44.7274,-0.7349,0.1994,0.1994,False,Naturelle,,
2021,2021-08-21 11:50:00,8,06,Alpes-Maritimes,06067,Gorbio,43.787,7.4476,0.06,0.0282,False,Involontaire (particulier),,
2021,2021-08-23 11:44:00,8,33,Landes de Gascogne,33015,Arveyres,44.89,-0.2798,0.0015,0.0015,False,Inconnue,,
2021,2021-08-23 14:47:00,8,33,Landes de Gascogne,33214,Lacanau,44.9879,-1.096,0.001,0.001,False,Inconnue,,
2021,2021-08-23 15:54:00,8,33,Landes de Gascogne,33260,Lugos,44.4782,-0.9241,0.03,0.03,False,Inconnue,,
2021,2021-08-23 16:01:00,8,33,Landes de Gascogne,33260,Lugos,44.4782,-0.9241,0.04,0.04,False,Inconnue,,
2021,2021-08-23 16:33:00,8,33,Landes de Gascogne,33011,Arès,44.7997,-1.0837,0.5,0.5,False,Inconnue,,
2021,2021-08-25 06:15:00,8,33,Landes de Gascogne,33097,Carcans,45.0794,-1.0404,0.03,0.03,False,Naturelle,,
2021,2021-08-26 07:33:00,8,40,Landes de Gascogne,40243,Rion-des-Landes,43.9318,-0.9436,0.15,0.15,False,Accidentelle,,
2021,2021-08-26 12:30:00,8,06,Alpes-Maritimes,06073,Isola,44.1903,7.0835,9.8,3.0,False,Naturelle,,
2021,2021-08-26 14:26:00,8,06,Alpes-Maritimes,06070,Gréolières,43.8037,6.9296,0.03,0.0141,False,Naturelle,,
2021,2021-08-27 00:22:00,8,33,Landes de Gascogne,33382,Saint-Christoly-de-Blaye,45.1499,-0.4967,1.0,0.8,False,Inconnue,,
2021,2021-08-27 17:46:00,8,40,Landes de Gascogne,40034,Bélus,43.5922,-1.1184,0.1,0.1,False,Inconnue,,
2021,2021-08-28 11:11:00,8,06,Alpes-Maritimes,06038,Châteauneuf-Grasse,43.6626,6.9792,0.04,0.0188,False,Inconnue,,
2021,2021-08-28 15:52:00,8,40,Landes de Gascogne,40184,Mimizan,44.1996,-1.2323,60.0,60.0,False,Involontaire (particulier),,
2021,2021-08-28 17:02:00,8,40,Landes de Gascogne,40296,Seignosse,43.7055,-1.3939,44.79,43.11,False,Inconnue,,
2021,2021-08-29 21:13:00,8,40,Landes de Gascogne,40064,Canenx-et-Réaut,44.0024,-0.4602,0.1,0.1,False,Inconnue,,
2021,2021-08-29 22:06:00,8,33,Landes de Gascogne,33454,Saint-Morillon,44.6387,-0.5232,3.0,3.0,False,Accidentelle,,
2021,2021-08-30 03:26:00,8,40,Landes de Gascogne,40210,Onesse-Laharie,44.063,-1.0224,0.0824,0.0824,False,Inconnue,,
2021,2021-08-30 15:17:00,8,40,Landes de Gascogne,40094,Escource,44.1639,-1.0361,0.2,0.2,False,Involontaire (particulier),,
2021,2021-08-31 02:35:00,8,33,Landes de Gascogne,33376,Saint-Aubin-de-Médoc,44.9343,-0.7478,5.0,5.0,False,Accidentelle,,
2021,2021-09-01 09:20:00,9,33,Landes de Gascogne,33376,Saint-Aubin-de-Médoc,44.9343,-0.7478,55.0,55.0,False,Inconnue,,
2021,2021-09-05 17:57:00,9,33,Landes de Gascogne,33380,Val-de-Livenne,45.276,-0.5099,0.3,0.3,False,Inconnue,,
2021,2021-09-05 20:42:00,9,33,Landes de Gascogne,33200,Le Haillan,44.8713,-0.6903,0.003,0.001,False,Inconnue,,
2021,2021-09-06 07:12:00,9,33,Landes de Gascogne,33376,Saint-Aubin-de-Médoc,44.9343,-0.7478,3.0,3.0,False,Inconnue,,
2021,2021-09-07 03:12:00,9,33,Landes de Gascogne,33011,Arès,44.7997,-1.0837,1.5,1.5,False,Inconnue,,
2021,2021-09-07 21:22:00,9,33,Landes de Gascogne,33494,Salaunes,44.9281,-0.8502,0.05,0.05,False,Inconnue,,
2021,2021-09-08 12:58:00,9,06,Alpes-Maritimes,06023,Breil-sur-Roya,43.9379,7.4996,0.58,0.2726,False,Inconnue,,
2021,2021-09-09 20:19:00,9,33,Landes de Gascogne,33529,La Teste-de-Buch,44.586,-1.1809,0.01,0.01,False,Inconnue,,
2021,2021-09-12 14:41:00,9,33,Landes de Gascogne,33376,Saint-Aubin-de-Médoc,44.9343,-0.7478,0.02,0.02,False,Inconnue,,
2021,2021-09-13 13:36:00,9,06,Alpes-Maritimes,06023,Breil-sur-Roya,43.9379,7.4996,0.03,0.0141,False,Involontaire (particulier),,
2021,2021-09-13 19:53:00,9,40,Landes de Gascogne,40320,Uchacq-et-Parentis,43.945,-0.5476,0.001,0.001,False,Inconnue,,
2021,2021-09-17 19:10:00,9,40,Landes de Gascogne,40155,Linxe,43.9287,-1.2195,0.8,0.8,False,Inconnue,,
2021,2021-09-19 18:27:00,9,06,Alpes-Maritimes,06079,Mandelieu-la-Napoule,43.5334,6.918,0.5,0.235,False,Accidentelle,,
2021,2021-09-23 14:46:00,9,40,Landes de Gascogne,40184,Mimizan,44.1996,-1.2323,0.02,0.02,False,Inconnue,,
2021,2021-09-26 13:52:00,9,06,Alpes-Maritimes,06039,Châteauneuf-Villevieille,43.8007,7.2951,0.025,0.0118,False,Naturelle,,
2021,2021-09-28 14:08:00,9,06,Alpes-Maritimes,06048,Contes,43.8133,7.3263,0.006,0.0028,False,Naturelle,,
2021,2021-09-30 20:31:00,9,33,Landes de Gascogne,33537,Uzeste,44.4304,-0.3269,0.3,0.3,False,Inconnue,,
2021,2021-10-02 14:48:00,10,06,Alpes-Maritimes,06103,Roquebillière,44.0282,7.2885,0.05,0.0235,False,Inconnue,,
2021,2021-10-08 17:11:00,10,40,Landes de Gascogne,40200,Moustey,44.387,-0.7703,1.2,0.6,False,Inconnue,,
2021,2021-10-17 12:50:00,10,06,Alpes-Maritimes,06070,Gréolières,43.8037,6.9296,0.85,0.3995,False,Accidentelle,,
2021,2021-10-18 16:04:00,10,33,Landes de Gascogne,33056,Blanquefort,44.9216,-0.61,0.05,0.05,False,Inconnue,,
2021,2021-10-19 12:58:00,10,06,Alpes-Maritimes,06059,Èze,43.7299,7.3566,0.3,0.141,False,Involontaire (particulier),,
2021,2021-10-19 14:10:00,10,33,Landes de Gascogne,33005,Andernos-les-Bains,44.7529,-1.082,1.0,1.0,False,Involontaire (particulier),,
2021,2021-10-20 12:58:00,10,06,Alpes-Maritimes,06074,Lantosque,43.9787,7.3121,0.2,0.094,False,Involontaire (particulier),,
2021,2021-10-25 12:51:00,10,06,Alpes-Maritimes,06054,Drap,43.7587,7.3395,0.04,0.0188,False,Involontaire (particulier),,
2021,2021-10-25 14:51:00,10,06,Alpes-Maritimes,06023,Breil-sur-Roya,43.9379,7.4996,0.025,0.0118,False,Involontaire (particulier),,
2021,2021-12-11 15:12:00,12,06,Alpes-Maritimes,06134,Séranon,43.7655,6.6892,1.8,0.0,False,Involontaire (particulier),,
2021,2021-12-11 16:18:00,12,06,Alpes-Maritimes,06072,Ilonse,44.0319,7.0901,0.3,0.141,False,Involontaire (particulier),,
2021,2021-12-16 17:23:00,12,06,Alpes-Maritimes,06074,Lantosque,43.9787,7.3121,0.5,0.235,False,Malveillance,,
2021,2021-12-17 16:01:00,12,06,Alpes-Maritimes,06015,Berre-les-Alpes,43.8342,7.3306,0.15,0.0705,False,Inconnue,,
2021,2021-12-20 14:27:00,12,06,Alpes-Maritimes,06050,Coursegoules,43.7898,7.0384,3.8,1.786,False,Malveillance,,
2021,2021-12-23 12:52:00,12,06,Alpes-Maritimes,06127,Saint-Martin-Vésubie,44.0944,7.307,0.2,0.094,False,Inconnue,,
2022,2022-01-01 08:20:00,1,06,Alpes-Maritimes,06050,Coursegoules,43.7898,7.0384,0.5,0.0,False,Malveillance,,
2022,2022-01-04 17:10:00,1,06,Alpes-Maritimes,06074,Lantosque,43.9787,7.3121,0.5,0.1,False,Involontaire (particulier),,
2022,2022-01-10 15:15:00,1,06,Alpes-Maritimes,06163,Tende,44.0971,7.5499,0.06,0.0282,False,Involontaire (particulier),,
2022,2022-01-13 14:51:00,1,06,Alpes-Maritimes,06050,Coursegoules,43.7898,7.0384,0.05,0.0235,False,Inconnue,,
2022,2022-01-17 21:09:00,1,06,Alpes-Maritimes,06050,Coursegoules,43.7898,7.0384,0.15,0.0,False,Inconnue,,
2022,2022-01-18 13:03:00,1,06,Alpes-Maritimes,06057,L'Escarène,43.8303,7.3665,0.3,0.0,False,Inconnue,,
2022,2022-01-18 16:36:00,1,06,Alpes-Maritimes,06096,Pierlas,44.035,7.0177,4.2,0.0,False,Involontaire (particulier),,
2022,2022-01-21 13:59:00,1,06,Alpes-Maritimes,06163,Tende,44.0971,7.5499,4.8,1.0,False,Involontaire (particulier),,
2022,2022-01-22 02:01:00,1,06,Alpes-Maritimes,06020,La Bollène-Vésubie,43.9945,7.3749,0.003,0.0014,False,Inconnue,,
2022,2022-01-22 17:55:00,1,06,Alpes-Maritimes,06050,Coursegoules,43.7898,7.0384,0.15,0.0,False,Malveillance,,
2022,2022-01-23 12:10:00,1,06,Alpes-Maritimes,06160,Villeneuve-d'Entraunes,44.1301,6.774,0.015,0.0071,False,Inconnue,,
2022,2022-01-23 13:52:00,1,06,Alpes-Maritimes,06033,Carros,43.785,7.1798,0.1,0.0,False,Malveillance,,
2022,2022-01-24 12:05:00,1,06,Alpes-Maritimes,06053,Daluis,44.0426,6.8045,1.2,0.564,False,Involontaire (particulier),,
2022,2022-01-25 17:41:00,1,06,Alpes-Maritimes,06141,Toudon,43.8857,7.1094,0.015,0.0071,False,Inconnue,,
2022,2022-01-26 12:44:00,1,06,Alpes-Maritimes,06033,Carros,43.785,7.1798,0.16,0.0,False,Inconnue,,
2022,2022-01-27 15:03:00,1,06,Alpes-Maritimes,06029,Cannes,43.5454,7.0152,0.001,0.0,False,Inconnue,,
2022,2022-01-27 17:18:00,1,06,Alpes-Maritimes,06021,Bonson,43.8613,7.1786,0.025,0.0,False,Inconnue,,
2022,2022-01-28 14:25:00,1,06,Alpes-Maritimes,06041,Cipières,43.7665,6.9229,0.15,0.0705,False,Malveillance,,
2022,2022-01-29 14:21:00,1,06,Alpes-Maritimes,06140,Le Tignet,43.6257,6.8538,0.04,0.0188,False,Inconnue,,
2022,2022-01-30 12:00:00,1,06,Alpes-Maritimes,06062,Fontan,44.0213,7.5527,4.6,0.6,False,Inconnue,,
2022,2022-01-30 12:50:00,1,06,Alpes-Maritimes,06003,Andon,43.7755,6.8211,0.085,0.025,False,Involontaire (particulier),,
2022,2022-02-03 11:01:00,2,06,Alpes-Maritimes,06005,Ascros,43.9171,7.0159,0.35,0.1645,False,Inconnue,,
2022,2022-02-07 00:50:00,2,06,Alpes-Maritimes,06159,Villefranche-sur-Mer,43.7081,7.3243,0.05,0.0,False,Inconnue,,
2022,2022-02-07 11:33:00,2,06,Alpes-Maritimes,06134,Séranon,43.7655,6.6892,0.07,0.0,False,Involontaire (travaux),,
2022,2022-02-07 20:18:00,2,06,Alpes-Maritimes,06068,Gourdon,43.7266,6.9622,0.25,0.0,False,Inconnue,,
2022,2022-02-08 18:48:00,2,06,Alpes-Maritimes,06067,Gorbio,43.787,7.4476,0.015,0.0071,False,Involontaire (particulier),,
2022,2022-02-09 11:50:00,2,06,Alpes-Maritimes,06088,Nice,43.7032,7.2528,0.035,0.0,False,Involontaire (particulier),,
2022,2022-02-10 10:27:00,2,06,Alpes-Maritimes,06074,Lantosque,43.9787,7.3121,0.04,0.0188,False,Involontaire (travaux),,
2022,2022-02-13 13:57:00,2,06,Alpes-Maritimes,06074,Lantosque,43.9787,7.3121,0.5,0.1,False,Inconnue,,
2022,2022-02-13 15:09:00,2,06,Alpes-Maritimes,06103,Roquebillière,44.0282,7.2885,1.3,0.3,False,Malveillance,,
2022,2022-02-20 13:27:00,2,06,Alpes-Maritimes,06074,Lantosque,43.9787,7.3121,0.5,0.0,False,Malveillance,,
2022,2022-02-20 17:42:00,2,06,Alpes-Maritimes,06041,Cipières,43.7665,6.9229,0.04,0.0,False,Malveillance,,
2022,2022-02-20 22:57:00,2,06,Alpes-Maritimes,06041,Cipières,43.7665,6.9229,0.2,0.094,False,Inconnue,,
2022,2022-02-21 15:28:00,2,06,Alpes-Maritimes,06074,Lantosque,43.9787,7.3121,0.015,0.0071,False,Inconnue,,
2022,2022-02-23 13:21:00,2,06,Alpes-Maritimes,06074,Lantosque,43.9787,7.3121,0.25,0.1175,False,Malveillance,,
2022,2022-02-23 15:35:00,2,06,Alpes-Maritimes,06048,Contes,43.8133,7.3263,0.05,0.0235,False,Involontaire (particulier),,
2022,2022-02-24 12:34:00,2,06,Alpes-Maritimes,06013,Belvédère,44.0615,7.3612,0.09,0.0423,False,Inconnue,,
2022,2022-02-26 13:49:00,2,06,Alpes-Maritimes,06112,Le Rouret,43.6803,7.0081,0.1,0.047,False,Involontaire (particulier),,
2022,2022-02-26 14:22:00,2,06,Alpes-Maritimes,06153,Valdeblore,44.1152,7.1949,7.0,3.0,False,Involontaire (particulier),,
2022,2022-02-27 15:43:00,2,40,Landes de Gascogne,40041,Beyries,43.5669,-0.6423,0.22,0.22,False,Inconnue,,
2022,2022-02-28 13:30:00,2,06,Alpes-Maritimes,06050,Coursegoules,43.7898,7.0384,0.5,0.2,False,Malveillance,,
2022,2022-03-01 10:12:00,3,06,Alpes-Maritimes,06129,Saint-Sauveur-sur-Tinée,44.1163,7.1226,0.004,0.0019,False,Malveillance,,
2022,2022-03-01 13:45:00,3,06,Alpes-Maritimes,06021,Bonson,43.8613,7.1786,0.4,0.188,False,Inconnue,,
2022,2022-03-01 19:44:00,3,06,Alpes-Maritimes,06050,Coursegoules,43.7898,7.0384,0.02,0.0094,False,Malveillance,,
2022,2022-03-02 08:00:00,3,33,Landes de Gascogne,33248,Listrac-Médoc,45.0699,-0.827,1.5,1.5,False,Accidentelle,,
2022,2022-03-03 14:03:00,3,06,Alpes-Maritimes,06048,Contes,43.8133,7.3263,0.01,0.0047,False,Inconnue,,
2022,2022-03-04 09:17:00,3,40,Landes de Gascogne,40065,Capbreton,43.6311,-1.4289,0.0004,0.0004,False,Inconnue,,
2022,2022-03-06 12:46:00,3,33,Landes de Gascogne,33248,Listrac-Médoc,45.0699,-0.827,0.15,0.15,False,Inconnue,,
2022,2022-03-09 17:21:00,3,40,Landes de Gascogne,40152,Lesperon,43.9654,-1.0835,0.003,0.003,False,Accidentelle,,
2022,2022-03-16 14:45:00,3,40,Landes de Gascogne,40192,Mont-de-Marsan,43.8931,-0.5009,0.05,0.05,False,Inconnue,,
2022,2022-03-19 15:45:00,3,40,Landes de Gascogne,40037,Benquet,43.8207,-0.5069,0.1,0.1,False,Inconnue,,
2022,2022-03-21 12:30:00,3,06,Alpes-Maritimes,06102,Rimplas,44.0997,7.1449,0.5,0.25,False,Involontaire (particulier),,
2022,2022-03-21 16:51:00,3,40,Landes de Gascogne,40287,Sanguinet,44.4776,-1.0903,3.6,3.6,False,Involontaire (travaux),,
2022,2022-03-22 17:14:00,3,06,Alpes-Maritimes,06083,Menton,43.7961,7.498,0.03,0.0141,False,Inconnue,,
2022,2022-03-22 18:10:00,3,33,Landes de Gascogne,33214,Lacanau,44.9879,-1.096,0.2,0.2,False,Inconnue,,
2022,2022-03-23 16:41:00,3,33,Landes de Gascogne,33233,Laruscade,45.1206,-0.3394,2.0,2.0,False,Inconnue,,
2022,2022-03-24 10:15:00,3,06,Alpes-Maritimes,06135,Sigale,43.8742,6.9652,2.9,1.0,False,Involontaire (particulier),,
2022,2022-03-24 10:24:00,3,06,Alpes-Maritimes,06153,Valdeblore,44.1152,7.1949,39.64,4.0,False,Involontaire (travaux),,
2022,2022-03-24 12:37:00,3,33,Landes de Gascogne,33322,Le Pian-Médoc,44.9555,-0.6737,0.07,0.07,False,Inconnue,,
2022,2022-03-24 14:12:00,3,06,Alpes-Maritimes,06050,Coursegoules,43.7898,7.0384,0.015,0.0071,False,Inconnue,,
2022,2022-03-24 15:33:00,3,33,Landes de Gascogne,33076,Budos,44.537,-0.4058,4.0,4.0,False,Inconnue,,
2022,2022-03-24 15:38:00,3,06,Alpes-Maritimes,06103,Roquebillière,44.0282,7.2885,0.5,0.5,False,Accidentelle,,
2022,2022-03-24 19:08:00,3,33,Landes de Gascogne,33005,Andernos-les-Bains,44.7529,-1.082,0.0002,0.0002,False,Malveillance,,
2022,2022-03-24 23:47:00,3,33,Landes de Gascogne,33322,Le Pian-Médoc,44.9555,-0.6737,0.01,0.01,False,Inconnue,,
2022,2022-03-25 11:44:00,3,06,Alpes-Maritimes,06067,Gorbio,43.787,7.4476,11.2,8.2,False,Inconnue,,
2022,2022-03-26 01:20:00,3,06,Alpes-Maritimes,06006,Aspremont,43.7772,7.2423,0.005,0.0024,False,Inconnue,,
2022,2022-03-26 15:00:00,3,40,Landes de Gascogne,40053,Bourriot-Bergonce,44.153,-0.2091,6.0,6.0,False,Involontaire (particulier),,
2022,2022-03-26 16:05:00,3,33,Landes de Gascogne,33273,Martignas-sur-Jalle,44.8451,-0.8006,3.0,3.0,False,Inconnue,,
2022,2022-03-26 16:08:00,3,40,Landes de Gascogne,40281,Saint-Pierre-du-Mont,43.8725,-0.52,1.8,1.8,False,Malveillance,,
2022,2022-03-26 16:16:00,3,33,Landes de Gascogne,33409,Saint-Genis-du-Bois,,,1.0,1.0,False,Inconnue,,
2022,2022-03-26 21:02:00,3,06,Alpes-Maritimes,06130,Saint-Vallier-de-Thiey,43.6994,6.8516,72.37,70.0,False,Inconnue,,
2022,2022-03-27 11:07:00,3,33,Landes de Gascogne,33097,Carcans,45.0794,-1.0404,0.08,0.08,False,Involontaire (travaux),,
2022,2022-03-27 11:48:00,3,06,Alpes-Maritimes,06151,Utelle,43.9392,7.2458,1.8,0.8,False,Malveillance,,
2022,2022-03-27 17:03:00,3,33,Landes de Gascogne,33449,Saint-Médard-en-Jalles,44.8861,-0.7823,1.0,1.0,False,Inconnue,,
2022,2022-03-28 16:06:00,3,40,Landes de Gascogne,40310,Soustons,43.754,-1.3305,0.15,0.15,False,Inconnue,,
2022,2022-03-29 15:42:00,3,40,Landes de Gascogne,40310,Soustons,43.754,-1.3305,0.9,0.9,False,Inconnue,,
2022,2022-03-29 17:00:00,3,06,Alpes-Maritimes,06054,Drap,43.7587,7.3395,0.05,0.0235,False,Involontaire (particulier),,
2022,2022-03-29 20:13:00,3,06,Alpes-Maritimes,06132,Saorge,43.9935,7.5403,0.55,0.55,False,Involontaire (particulier),,
2022,2022-03-30 14:27:00,3,40,Landes de Gascogne,40217,Parentis-en-Born,44.3527,-1.0879,0.2,0.2,False,Inconnue,,
2022,2022-04-03 07:52:00,4,33,Landes de Gascogne,33473,Saint-Savin,45.1611,-0.4449,0.003,0.003,False,Accidentelle,,
2022,2022-04-03 17:58:00,4,33,Landes de Gascogne,33436,Saint-Magne,44.559,-0.6623,0.04,0.04,False,Involontaire (travaux),,
2022,2022-04-04 18:40:00,4,33,Landes de Gascogne,33229,Lanton,44.7719,-0.9799,0.03,0.03,False,Inconnue,,
2022,2022-04-06 13:43:00,4,06,Alpes-Maritimes,06098,Puget-Rostang,44.0056,6.9333,0.6,0.282,False,Inconnue,,
2022,2022-04-08 18:37:00,4,06,Alpes-Maritimes,06050,Coursegoules,43.7898,7.0384,0.5,0.235,False,Inconnue,,
2022,2022-04-10 20:10:00,4,06,Alpes-Maritimes,06046,Colomars,43.757,7.2212,0.04,0.0188,False,Involontaire (particulier),,
2022,2022-04-11 10:35:00,4,40,Landes de Gascogne,40259,Saint-Gein,43.832,-0.3039,0.139,0.139,False,Inconnue,,
2022,2022-04-11 12:49:00,4,40,Landes de Gascogne,40250,Saint-Avit,43.9439,-0.4527,0.001,0.001,False,Inconnue,,
2022,2022-04-11 18:32:00,4,40,Landes de Gascogne,40105,Garein,44.0521,-0.6514,0.03,0.03,False,Inconnue,,
2022,2022-04-14 13:18:00,4,40,Landes de Gascogne,40250,Saint-Avit,43.9439,-0.4527,0.25,0.25,False,Inconnue,,
2022,2022-04-14 14:55:00,4,06,Alpes-Maritimes,06122,Saint-Jeannet,43.7619,7.1477,0.2,0.094,False,Inconnue,,
2022,2022-04-16 06:14:00,4,33,Landes de Gascogne,33146,Cussac-Fort-Médoc,45.1207,-0.726,0.05,0.05,False,Accidentelle,,
2022,2022-04-16 08:19:00,4,40,Landes de Gascogne,40169,Maillas,44.212,-0.1786,2.371,2.371,False,Inconnue,,
2022,2022-04-16 13:33:00,4,40,Landes de Gascogne,40162,Lucbardez-et-Bargues,43.9746,-0.4143,1.78,1.78,False,Inconnue,,
2022,2022-04-16 13:33:00,4,40,Landes de Gascogne,40162,Lucbardez-et-Bargues,43.9746,-0.4143,0.14,0.14,False,Inconnue,,
2022,2022-04-16 19:35:00,4,06,Alpes-Maritimes,06029,Cannes,43.5454,7.0152,0.006,0.0028,False,Inconnue,,
2022,2022-04-17 01:26:00,4,40,Landes de Gascogne,40296,Seignosse,43.7055,-1.3939,0.003,0.003,False,Inconnue,,
2022,2022-04-17 01:26:00,4,40,Landes de Gascogne,40296,Seignosse,43.7055,-1.3939,0.001,0.001,False,Inconnue,,
2022,2022-04-17 19:18:00,4,40,Landes de Gascogne,40162,Lucbardez-et-Bargues,43.9746,-0.4143,9.3,9.3,False,Inconnue,,
2022,2022-04-19 11:40:00,4,06,Alpes-Maritimes,06083,Menton,43.7961,7.498,0.09,0.0423,False,Inconnue,,
2022,2022-04-20 18:32:00,4,06,Alpes-Maritimes,06074,Lantosque,43.9787,7.3121,0.025,0.0118,False,Inconnue,,
2022,2022-04-22 19:05:00,4,40,Landes de Gascogne,40081,Cère,43.9933,-0.5468,0.2,0.2,False,Involontaire (particulier),,
2022,2022-04-29 15:46:00,4,06,Alpes-Maritimes,06005,Ascros,43.9171,7.0159,0.05,0.0,False,Inconnue,,
2022,2022-04-30 10:41:00,4,06,Alpes-Maritimes,06116,Saint-Auban,43.8319,6.7367,0.1,0.02,False,Inconnue,,
2022,2022-05-02 22:57:00,5,33,Landes de Gascogne,33230,Lapouyade,45.1094,-0.2854,0.04,0.04,False,Inconnue,,
2022,2022-05-05 16:35:00,5,40,Landes de Gascogne,40182,Mézos,44.0848,-1.141,0.055,0.055,False,Inconnue,,
2022,2022-05-08 15:57:00,5,33,Landes de Gascogne,33281,Mérignac,44.8313,-0.682,0.6,0.4,False,Inconnue,,
2022,2022-05-10 09:23:00,5,06,Alpes-Maritimes,06074,Lantosque,43.9787,7.3121,0.1,0.0,False,Malveillance,,
2022,2022-05-11 17:13:00,5,33,Landes de Gascogne,33021,Auros,44.5117,-0.159,10.5,10.5,False,Accidentelle,,
2022,2022-05-12 23:29:00,5,33,Landes de Gascogne,33214,Lacanau,44.9879,-1.096,0.25,0.25,False,Inconnue,,
2022,2022-05-13 20:40:00,5,06,Alpes-Maritimes,06054,Drap,43.7587,7.3395,0.03,0.0141,False,Inconnue,,
2022,2022-05-14 04:52:00,5,33,Landes de Gascogne,33376,Saint-Aubin-de-Médoc,44.9343,-0.7478,1.0,1.0,False,Malveillance,,
2022,2022-05-14 19:50:00,5,40,Landes de Gascogne,40243,Rion-des-Landes,43.9318,-0.9436,0.002,0.002,False,Naturelle,,
2022,2022-05-14 20:50:00,5,40,Landes de Gascogne,40210,Onesse-Laharie,44.063,-1.0224,0.0002,0.0002,False,Naturelle,,
2022,2022-05-15 08:00:00,5,40,Landes de Gascogne,40081,Cère,43.9933,-0.5468,0.6,0.6,False,Naturelle,,
2022,2022-05-15 10:38:00,5,40,Landes de Gascogne,40229,Pontenx-les-Forges,44.2554,-1.0914,0.0006,0.0006,False,Naturelle,,
2022,2022-05-15 15:58:00,5,06,Alpes-Maritimes,06057,L'Escarène,43.8303,7.3665,0.07,0.0,False,Inconnue,,
2022,2022-05-15 18:14:00,5,33,Landes de Gascogne,33380,Val-de-Livenne,45.276,-0.5099,4.0,4.0,False,Inconnue,,
2022,2022-05-15 21:15:00,5,33,Landes de Gascogne,33422,Saint-Jean-d'Illac,44.7973,-0.8156,0.01,0.01,False,Inconnue,,
2022,2022-05-16 20:34:00,5,40,Landes de Gascogne,40162,Lucbardez-et-Bargues,43.9746,-0.4143,0.05,0.05,False,Inconnue,,
2022,2022-05-17 13:37:00,5,40,Landes de Gascogne,40019,Aureilhan,44.2094,-1.192,0.02,0.02,False,Naturelle,,
2022,2022-05-17 15:43:00,5,33,Landes de Gascogne,33380,Val-de-Livenne,45.276,-0.5099,0.8,0.8,False,Inconnue,,
2022,2022-05-17 20:15:00,5,40,Landes de Gascogne,40162,Lucbardez-et-Bargues,43.9746,-0.4143,0.8,0.8,False,Malveillance,,
2022,2022-05-18 09:50:00,5,40,Landes de Gascogne,40165,Luglon,44.0807,-0.7306,0.02,0.02,False,Accidentelle,,
2022,2022-05-18 15:20:00,5,33,Landes de Gascogne,33529,La Teste-de-Buch,44.586,-1.1809,0.3,0.3,False,Inconnue,,
2022,2022-05-19 04:59:00,5,33,Landes de Gascogne,33248,Listrac-Médoc,45.0699,-0.827,0.3,0.3,False,Naturelle,,
2022,2022-05-19 17:29:00,5,33,Landes de Gascogne,33068,Bourideys,44.3614,-0.4769,0.5,0.5,False,Naturelle,,
2022,2022-05-21 11:28:00,5,33,Landes de Gascogne,33095,Captieux,44.2621,-0.2981,0.5,0.5,False,Naturelle,,
2022,2022-05-21 15:42:00,5,33,Landes de Gascogne,33151,Donnezac,45.2397,-0.4468,0.05,0.05,False,Inconnue,,
2022,2022-05-21 16:28:00,5,33,Landes de Gascogne,33151,Donnezac,45.2397,-0.4468,0.13,0.13,False,Inconnue,,
2022,2022-05-21 17:11:00,5,33,Landes de Gascogne,33109,Castres-Gironde,44.6866,-0.4566,0.006,0.006,False,Inconnue,,
2022,2022-05-22 06:33:00,5,33,Landes de Gascogne,33422,Saint-Jean-d'Illac,44.7973,-0.8156,0.8,0.8,False,Accidentelle,,
2022,2022-05-23 13:33:00,5,06,Alpes-Maritimes,06152,Valbonne,43.6267,7.0291,0.05,0.0,False,Inconnue,,
2022,2022-05-27 08:27:00,5,06,Alpes-Maritimes,06088,Nice,43.7032,7.2528,0.03,0.0141,False,Inconnue,,
2022,2022-05-27 20:52:00,5,33,Landes de Gascogne,33192,Gradignan,44.7681,-0.6163,0.1,0.1,False,Malveillance,,
2022,2022-05-28 01:05:00,5,06,Alpes-Maritimes,06147,Tourrette-Levens,43.7882,7.275,0.04,0.0,False,Involontaire (particulier),,
2022,2022-05-28 14:35:00,5,06,Alpes-Maritimes,06084,Mouans-Sartoux,43.6192,6.9677,0.003,0.0,False,Inconnue,,
2022,2022-05-28 17:46:00,5,33,Landes de Gascogne,33312,Parempuyre,44.9548,-0.5844,0.0015,0.0015,False,Inconnue,,
2022,2022-05-28 20:43:00,5,33,Landes de Gascogne,33229,Lanton,44.7719,-0.9799,0.1,0.1,False,Accidentelle,,
2022,2022-05-29 07:01:00,5,40,Landes de Gascogne,40296,Seignosse,43.7055,-1.3939,0.05,0.05,False,Accidentelle,,
2022,2022-05-30 17:29:00,5,40,Landes de Gascogne,40281,Saint-Pierre-du-Mont,43.8725,-0.52,0.156,0.156,False,Inconnue,,
2022,2022-05-31 06:35:00,5,33,Landes de Gascogne,33498,Salles,44.536,-0.8899,2.5,2.5,False,Naturelle,,
2022,2022-06-01 04:16:00,6,40,Landes de Gascogne,40303,Solférino,44.1155,-0.907,0.2,0.2,False,Naturelle,,
2022,2022-06-01 11:49:00,6,40,Landes de Gascogne,40134,Labouheyre,44.2243,-0.9107,0.003,0.003,False,Naturelle,,
2022,2022-06-01 17:47:00,6,33,Landes de Gascogne,33029,Le Barp,44.6297,-0.7437,0.1,0.1,False,Involontaire (travaux),,
2022,2022-06-01 18:45:00,6,40,Landes de Gascogne,40123,Herm,43.8013,-1.1332,0.5,0.5,False,Accidentelle,,
2022,2022-06-03 16:01:00,6,40,Landes de Gascogne,40262,Saint-Gor,44.0752,-0.2367,0.07,0.07,False,Naturelle,,
2022,2022-06-03 19:14:00,6,40,Landes de Gascogne,40267,Saint-Justin,43.9907,-0.2265,0.01,0.01,False,Naturelle,,
2022,2022-06-03 19:34:00,6,40,Landes de Gascogne,40169,Maillas,44.212,-0.1786,0.005,0.005,False,Naturelle,,
2022,2022-06-03 19:43:00,6,40,Landes de Gascogne,40149,Lencouacq,44.1482,-0.3856,0.01,0.01,False,Naturelle,,
2022,2022-06-04 16:41:00,6,06,Alpes-Maritimes,06074,Lantosque,43.9787,7.3121,0.15,0.0705,False,Inconnue,,
2022,2022-06-05 18:19:00,6,40,Landes de Gascogne,40169,Maillas,44.212,-0.1786,0.12,0.02,False,Naturelle,,
2022,2022-06-07 16:12:00,6,33,Landes de Gascogne,33095,Captieux,44.2621,-0.2981,13.6,13.6,False,Inconnue,,
2022,2022-06-09 10:26:00,6,06,Alpes-Maritimes,06083,Menton,43.7961,7.498,0.06,0.0282,False,Inconnue,,
2022,2022-06-10 11:34:00,6,06,Alpes-Maritimes,06135,Sigale,43.8742,6.9652,0.01,0.0047,False,Inconnue,,
2022,2022-06-10 16:36:00,6,33,Landes de Gascogne,33284,Mios,44.6105,-0.8913,0.06,0.06,False,Involontaire (travaux),,
2022,2022-06-11 10:49:00,6,06,Alpes-Maritimes,06137,Spéracèdes,43.652,6.8573,4.72,1.72,False,Involontaire (travaux),,
2022,2022-06-11 12:34:00,6,33,Landes de Gascogne,33095,Captieux,44.2621,-0.2981,0.015,0.015,False,Inconnue,,
2022,2022-06-11 19:30:00,6,06,Alpes-Maritimes,06084,Mouans-Sartoux,43.6192,6.9677,0.12,0.0564,False,Inconnue,,
2022,2022-06-12 00:43:00,6,06,Alpes-Maritimes,06050,Coursegoules,43.7898,7.0384,1.2,0.0,False,Malveillance,,
2022,2022-06-12 20:35:00,6,06,Alpes-Maritimes,06111,Roure,44.1139,7.0603,0.06,0.0282,False,Inconnue,,
2022,2022-06-13 09:30:00,6,40,Landes de Gascogne,40114,Gourbera,43.8068,-1.0422,0.002,0.002,False,Naturelle,,
2022,2022-06-13 15:17:00,6,33,Landes de Gascogne,33529,La Teste-de-Buch,44.586,-1.1809,0.06,0.06,False,Accidentelle,,
2022,2022-06-14 14:50:00,6,06,Alpes-Maritimes,06079,Mandelieu-la-Napoule,43.5334,6.918,0.005,0.0024,False,Inconnue,,
2022,2022-06-15 16:02:00,6,33,Landes de Gascogne,33380,Val-de-Livenne,45.276,-0.5099,1.0,1.0,False,Inconnue,,
2022,2022-06-15 20:25:00,6,33,Landes de Gascogne,33382,Saint-Christoly-de-Blaye,45.1499,-0.4967,0.05,0.05,False,Malveillance,,
2022,2022-06-16 10:26:00,6,33,Landes de Gascogne,33449,Saint-Médard-en-Jalles,44.8861,-0.7823,0.001,0.001,False,Inconnue,,
2022,2022-06-16 20:22:00,6,06,Alpes-Maritimes,06019,Blausasc,43.7938,7.357,0.02,0.0094,False,Inconnue,,
2022,2022-06-17 09:53:00,6,33,Landes de Gascogne,33274,Martillac,44.7176,-0.558,0.2,0.2,False,Inconnue,,
2022,2022-06-17 10:08:00,6,06,Alpes-Maritimes,06088,Nice,43.7032,7.2528,0.05,0.0235,False,Inconnue,,
2022,2022-06-17 23:34:00,6,33,Landes de Gascogne,33424,Saint-Laurent-Médoc,45.1402,-0.8557,0.1,0.1,False,Inconnue,,
2022,2022-06-18 12:25:00,6,40,Landes de Gascogne,40227,Pissos,44.3012,-0.7906,0.5,0.5,False,Inconnue,,
2022,2022-06-18 17:32:00,6,33,Landes de Gascogne,33075,Bruges,44.8893,-0.6029,0.02,0.01,False,Inconnue,,
2022,2022-06-18 17:58:00,6,33,Landes de Gascogne,33236,Lège-Cap-Ferret,44.7452,-1.174,1.0,1.0,False,Inconnue,,
2022,2022-06-18 18:20:00,6,40,Landes de Gascogne,40192,Mont-de-Marsan,43.8931,-0.5009,0.0005,0.0005,False,Inconnue,,
2022,2022-06-18 18:58:00,6,06,Alpes-Maritimes,06084,Mouans-Sartoux,43.6192,6.9677,0.03,0.0141,False,Inconnue,,
2022,2022-06-18 21:33:00,6,33,Landes de Gascogne,33019,Audenge,44.7133,-0.9533,0.25,0.25,False,Naturelle,,
2022,2022-06-18 21:43:00,6,33,Landes de Gascogne,33297,Moulis-en-Médoc,45.0531,-0.7971,0.1,0.1,False,Naturelle,,
2022,2022-06-18 23:00:00,6,33,Landes de Gascogne,33503,Saumos,44.9119,-1.0029,0.005,0.005,False,Naturelle,,
2022,2022-06-19 05:45:00,6,33,Landes de Gascogne,33300,Naujac-sur-Mer,45.2596,-1.0643,1.0,1.0,False,Naturelle,,
2022,2022-06-19 06:51:00,6,33,Landes de Gascogne,33193,Grayan-et-l'Hôpital,45.4324,-1.1057,0.015,0.015,False,Naturelle,,
2022,2022-06-19 15:20:00,6,33,Landes de Gascogne,33214,Lacanau,44.9879,-1.096,0.04,0.04,False,Naturelle,,
2022,2022-06-19 16:07:00,6,40,Landes de Gascogne,40267,Saint-Justin,43.9907,-0.2265,222.6,222.6,True,Malveillance,,
2022,2022-06-19 16:37:00,6,33,Landes de Gascogne,33541,Vensac,45.4039,-1.0821,1.0,1.0,False,Naturelle,,
2022,2022-06-19 18:00:00,6,33,Landes de Gascogne,33203,Hourtin,45.1831,-1.0534,0.2,0.2,False,Naturelle,,
2022,2022-06-20 10:59:00,6,40,Landes de Gascogne,40142,Laluque,43.8533,-0.9816,0.12,0.12,False,Inconnue,,
2022,2022-06-21 18:10:00,6,33,Landes de Gascogne,33501,Saucats,44.6476,-0.6377,0.1,0.1,False,Inconnue,,
2022,2022-06-22 15:31:00,6,33,Landes de Gascogne,33310,Origne,44.5025,-0.509,0.35,0.35,False,Naturelle,,
2022,2022-06-24 14:24:00,6,06,Alpes-Maritimes,06048,Contes,43.8133,7.3263,0.1,0.0,False,Naturelle,,
2022,2022-06-24 14:57:00,6,06,Alpes-Maritimes,06117,Saint-Blaise,43.8132,7.2283,0.002,0.0,False,Naturelle,,
2022,2022-06-24 18:40:00,6,33,Landes de Gascogne,33014,Les Artigues-de-Lussac,44.9735,-0.1427,3.0,0.5,False,Involontaire (particulier),,
2022,2022-06-25 10:29:00,6,06,Alpes-Maritimes,06079,Mandelieu-la-Napoule,43.5334,6.918,0.01,0.0047,False,Accidentelle,,
2022,2022-06-27 15:24:00,6,06,Alpes-Maritimes,06122,Saint-Jeannet,43.7619,7.1477,0.5,0.0,False,Accidentelle,,
2022,2022-06-28 14:04:00,6,06,Alpes-Maritimes,06083,Menton,43.7961,7.498,0.98,0.0,False,Inconnue,,
2022,2022-06-29 10:15:00,6,06,Alpes-Maritimes,06144,La Tour,43.9645,7.196,0.0015,0.0007,False,Naturelle,,
2022,2022-07-05 09:16:00,7,33,Landes de Gascogne,33429,Saint-Léger-de-Balson,44.43,-0.4416,0.04,0.04,False,Naturelle,,
2022,2022-07-05 16:12:00,7,40,Landes de Gascogne,40217,Parentis-en-Born,44.3527,-1.0879,11.8,0.8,False,Naturelle,,
2022,2022-07-05 17:27:00,7,33,Landes de Gascogne,33429,Saint-Léger-de-Balson,44.43,-0.4416,0.04,0.04,False,Naturelle,,
2022,2022-07-07 12:39:00,7,33,Landes de Gascogne,33197,Guillos,44.5507,-0.5235,5.74,5.74,False,Inconnue,,
2022,2022-07-07 13:19:00,7,33,Landes de Gascogne,33297,Moulis-en-Médoc,45.0531,-0.7971,0.05,0.05,False,Accidentelle,,
2022,2022-07-08 14:44:00,7,33,Landes de Gascogne,33122,Cestas,44.7274,-0.7349,0.0075,0.0075,False,Inconnue,,
2022,2022-07-09 03:42:00,7,33,Landes de Gascogne,33505,La Sauve,44.7643,-0.316,0.002,0.002,False,Inconnue,,
2022,2022-07-09 21:43:00,7,33,Landes de Gascogne,33527,Le Teich,44.5805,-1.0234,0.02,0.02,False,Accidentelle,,
2022,2022-07-10 06:24:00,7,33,Landes de Gascogne,33527,Le Teich,44.5805,-1.0234,0.001,0.001,False,Accidentelle,,
2022,2022-07-10 18:17:00,7,33,Landes de Gascogne,33320,Petit-Palais-et-Cornemps,44.9823,-0.053,0.0002,0.0002,False,Malveillance,,
2022,2022-07-10 20:41:00,7,33,Landes de Gascogne,33159,Étauliers,45.2221,-0.5851,0.002,0.002,False,Involontaire (particulier),,
2022,2022-07-11 10:42:00,7,06,Alpes-Maritimes,06074,Lantosque,43.9787,7.3121,0.4,0.1,False,Inconnue,,
2022,2022-07-11 12:18:00,7,06,Alpes-Maritimes,06111,Roure,44.1139,7.0603,0.2,0.05,False,Naturelle,,
2022,2022-07-11 15:53:00,7,33,Landes de Gascogne,33109,Castres-Gironde,44.6866,-0.4566,2.0,2.0,False,Inconnue,,
2022,2022-07-11 18:15:00,7,33,Landes de Gascogne,33026,Balizac,44.4878,-0.45,0.05,0.05,False,Inconnue,,
2022,2022-07-11 18:33:00,7,40,Landes de Gascogne,40046,Biscarrosse,44.4077,-1.1525,0.525,0.525,False,Inconnue,,
2022,2022-07-12 14:36:00,7,33,Landes de Gascogne,33529,La Teste-de-Buch,44.586,-1.1809,5709.0,5709.0,True,Inconnue,,
2022,2022-07-12 16:31:00,7,33,Landes de Gascogne,33225,Landiras,44.5696,-0.4333,12552.0,12552.0,True,Malveillance,,
2022,2022-07-13 13:26:00,7,33,Landes de Gascogne,33314,Pauillac,45.1983,-0.755,0.3,0.3,False,Accidentelle,,
2022,2022-07-13 13:36:00,7,33,Landes de Gascogne,33026,Balizac,44.4878,-0.45,0.04,0.04,False,Inconnue,,
2022,2022-07-13 15:41:00,7,33,Landes de Gascogne,33290,Montagne,44.9324,-0.1304,0.03,0.03,False,Inconnue,,
2022,2022-07-13 15:48:00,7,33,Landes de Gascogne,33499,Les Salles-de-Castillon,44.9117,0.0058,0.05,0.05,False,Inconnue,,
2022,2022-07-13 23:00:00,7,33,Landes de Gascogne,33498,Salles,44.536,-0.8899,0.5,0.5,False,Inconnue,,
2022,2022-07-13 23:18:00,7,33,Landes de Gascogne,33471,Saint-Sauveur,45.1964,-0.8223,0.15,0.15,False,Inconnue,,
2022,2022-07-14 16:16:00,7,33,Landes de Gascogne,33380,Val-de-Livenne,45.276,-0.5099,0.1,0.1,False,Inconnue,,
2022,2022-07-14 16:25:00,7,33,Landes de Gascogne,33502,Saugon,45.1864,-0.5006,1.5,1.5,False,Inconnue,,
2022,2022-07-14 16:48:00,7,33,Landes de Gascogne,33502,Saugon,45.1864,-0.5006,2.0,2.0,False,Inconnue,,
2022,2022-07-14 17:48:00,7,33,Landes de Gascogne,33026,Balizac,44.4878,-0.45,1.5,1.0,False,Inconnue,,
2022,2022-07-14 21:33:00,7,40,Landes de Gascogne,40014,Arue,44.051,-0.3607,0.58,0.58,False,Inconnue,,
2022,2022-07-15 08:57:00,7,40,Landes de Gascogne,40105,Garein,44.0521,-0.6514,0.1,0.1,False,Inconnue,,
2022,2022-07-15 11:11:00,7,33,Landes de Gascogne,33193,Grayan-et-l'Hôpital,45.4324,-1.1057,0.02,0.002,False,Involontaire (travaux),,
2022,2022-07-15 11:13:00,7,33,Landes de Gascogne,33537,Uzeste,44.4304,-0.3269,0.1,0.1,False,Inconnue,,
2022,2022-07-15 14:04:00,7,33,Landes de Gascogne,33026,Balizac,44.4878,-0.45,1.5,1.5,False,Inconnue,,
2022,2022-07-15 14:16:00,7,33,Landes de Gascogne,33473,Saint-Savin,45.1611,-0.4449,0.6,0.6,False,Inconnue,,
2022,2022-07-15 15:51:00,7,33,Landes de Gascogne,33051,Biganos,44.6599,-0.9582,0.15,0.15,False,Inconnue,,
2022,2022-07-15 17:28:00,7,40,Landes de Gascogne,40267,Saint-Justin,43.9907,-0.2265,0.1,0.1,False,Inconnue,,
2022,2022-07-15 18:00:00,7,40,Landes de Gascogne,40200,Moustey,44.387,-0.7703,0.02,0.02,False,Malveillance,,
2022,2022-07-16 16:05:00,7,40,Landes de Gascogne,40168,Magescq,43.7753,-1.1841,0.0002,0.0002,False,Inconnue,,
2022,2022-07-16 16:05:00,7,40,Landes de Gascogne,40168,Magescq,43.7753,-1.1841,2.8,2.8,False,Inconnue,,
2022,2022-07-16 18:55:00,7,33,Landes de Gascogne,33104,Castelnau-de-Médoc,45.0033,-0.8162,0.5,0.5,False,Inconnue,,
2022,2022-07-16 19:44:00,7,40,Landes de Gascogne,40200,Moustey,44.387,-0.7703,0.07,0.07,False,Malveillance,,
2022,2022-07-16 21:48:00,7,33,Landes de Gascogne,33502,Saugon,45.1864,-0.5006,0.6,0.4,False,Inconnue,,
2022,2022-07-16 22:36:00,7,33,Landes de Gascogne,33218,Lagorce,45.0813,-0.1606,1.05,1.05,False,Inconnue,,
2022,2022-07-16 23:25:00,7,33,Landes de Gascogne,33184,Générac,45.1769,-0.5481,0.1,0.1,False,Inconnue,,
2022,2022-07-17 03:17:00,7,33,Landes de Gascogne,33322,Le Pian-Médoc,44.9555,-0.6737,5.0,5.0,False,Malveillance,,
2022,2022-07-17 16:32:00,7,33,Landes de Gascogne,33045,Belvès-de-Castillon,44.8785,-0.0257,0.8,0.8,False,Inconnue,,
2022,2022-07-18 06:28:00,7,33,Landes de Gascogne,33236,Lège-Cap-Ferret,44.7452,-1.174,0.05,0.05,False,Accidentelle,,
2022,2022-07-18 12:12:00,7,40,Landes de Gascogne,40244,Rivière-Saas-et-Gourby,43.6963,-1.1756,0.174,0.174,False,Inconnue,,
2022,2022-07-18 12:18:00,7,40,Landes de Gascogne,40323,Vert,44.0955,-0.6138,0.3,0.3,False,Inconnue,,
2022,2022-07-18 12:24:00,7,33,Landes de Gascogne,33378,Saint-Avit-Saint-Nazaire,44.8478,0.2762,2.0,2.0,False,Involontaire (travaux),,
2022,2022-07-18 13:10:00,7,40,Landes de Gascogne,40323,Vert,44.0955,-0.6138,51.19,48.44,False,Inconnue,,
2022,2022-07-18 18:06:00,7,33,Landes de Gascogne,33541,Vensac,45.4039,-1.0821,44.84,44.84,False,Inconnue,,
2022,2022-07-19 01:16:00,7,40,Landes de Gascogne,40246,Sabres,44.1532,-0.7332,0.4,0.4,False,Malveillance,,
2022,2022-07-19 12:40:00,7,06,Alpes-Maritimes,06007,Auribeau-sur-Siagne,43.6105,6.9118,0.05,0.0,False,Inconnue,,
2022,2022-07-19 16:55:00,7,40,Landes de Gascogne,40267,Saint-Justin,43.9907,-0.2265,0.1,0.1,False,Involontaire (travaux),,
2022,2022-07-19 18:28:00,7,40,Landes de Gascogne,40161,Lubbon,44.1097,-0.0127,1.5,1.5,False,Naturelle,,
2022,2022-07-19 18:31:00,7,40,Landes de Gascogne,40161,Lubbon,44.1097,-0.0127,0.001,0.001,False,Naturelle,,
2022,2022-07-23 16:05:00,7,33,Landes de Gascogne,33393,Saint-Denis-de-Pile,44.9893,-0.1833,0.05,0.05,False,Inconnue,,
2022,2022-07-23 19:26:00,7,33,Landes de Gascogne,33193,Grayan-et-l'Hôpital,45.4324,-1.1057,0.1,0.1,False,Inconnue,,
2022,2022-07-24 00:45:00,7,06,Alpes-Maritimes,06059,Èze,43.7299,7.3566,0.012,0.0056,False,Involontaire (particulier),,
2022,2022-07-24 13:35:00,7,33,Landes de Gascogne,33193,Grayan-et-l'Hôpital,45.4324,-1.1057,0.03,0.03,False,Accidentelle,,
2022,2022-07-25 01:38:00,7,33,Landes de Gascogne,33185,Génissac,44.8614,-0.2496,0.0225,0.0075,False,Inconnue,,
2022,2022-07-25 20:03:00,7,40,Landes de Gascogne,40151,Lesgor,43.8592,-0.9089,1.0,1.0,False,Inconnue,,
2022,2022-07-26 17:12:00,7,06,Alpes-Maritimes,06144,La Tour,43.9645,7.196,0.4,0.0,False,Naturelle,,
2022,2022-07-27 02:02:00,7,40,Landes de Gascogne,40267,Saint-Justin,43.9907,-0.2265,0.3,0.3,False,Inconnue,,
2022,2022-07-27 02:32:00,7,40,Landes de Gascogne,40304,Soorts-Hossegor,43.6679,-1.4084,0.01,0.01,False,Inconnue,,
2022,2022-07-27 17:06:00,7,33,Landes de Gascogne,33376,Saint-Aubin-de-Médoc,44.9343,-0.7478,0.03,0.03,False,Inconnue,,
2022,2022-07-28 15:20:00,7,33,Landes de Gascogne,33380,Val-de-Livenne,45.276,-0.5099,11.7,11.7,False,Inconnue,,
2022,2022-07-28 17:39:00,7,33,Landes de Gascogne,33382,Saint-Christoly-de-Blaye,45.1499,-0.4967,3.0,3.0,False,Inconnue,,
2022,2022-07-29 15:26:00,7,06,Alpes-Maritimes,06160,Villeneuve-d'Entraunes,44.1301,6.774,0.02,0.0094,False,Naturelle,,
2022,2022-07-29 19:00:00,7,33,Landes de Gascogne,33514,Soulac-sur-Mer,45.5057,-1.0694,0.03,0.03,False,Inconnue,,
2022,2022-07-29 20:14:00,7,33,Landes de Gascogne,33260,Lugos,44.4782,-0.9241,4.0,4.0,False,Involontaire (particulier),,
2022,2022-07-30 17:46:00,7,06,Alpes-Maritimes,06076,Lieuche,44.0001,7.0361,0.06,0.0282,False,Naturelle,,
2022,2022-07-30 18:54:00,7,33,Landes de Gascogne,33354,Riocaud,44.7484,0.203,0.1,0.1,False,Malveillance,,
2022,2022-07-30 18:59:00,7,33,Landes de Gascogne,33034,Bayas,45.0736,-0.2048,1.0,1.0,False,Inconnue,,
2022,2022-07-30 23:52:00,7,33,Landes de Gascogne,33514,Soulac-sur-Mer,45.5057,-1.0694,0.02,0.02,False,Inconnue,,
2022,2022-07-31 03:26:00,7,33,Landes de Gascogne,33514,Soulac-sur-Mer,45.5057,-1.0694,0.005,0.005,False,Inconnue,,
2022,2022-07-31 06:15:00,7,33,Landes de Gascogne,33514,Soulac-sur-Mer,45.5057,-1.0694,0.015,0.015,False,Inconnue,,
2022,2022-07-31 17:00:00,7,06,Alpes-Maritimes,06077,Lucéram,43.8997,7.3506,6.3,3.0,False,Accidentelle,,
2022,2022-07-31 17:39:00,7,40,Landes de Gascogne,40171,Mano,44.4288,-0.6703,305.0,305.0,True,Malveillance,,
2022,2022-07-31 17:59:00,7,33,Landes de Gascogne,33151,Donnezac,45.2397,-0.4468,1.0,1.0,False,Malveillance,,
2022,2022-08-01 00:41:00,8,33,Landes de Gascogne,33514,Soulac-sur-Mer,45.5057,-1.0694,1.0,1.0,False,Inconnue,,
2022,2022-08-01 05:00:00,8,33,Landes de Gascogne,33011,Arès,44.7997,-1.0837,3.0,3.0,False,Inconnue,,
2022,2022-08-02 03:37:00,8,40,Landes de Gascogne,40287,Sanguinet,44.4776,-1.0903,0.2,0.2,False,Accidentelle,,
2022,2022-08-02 10:18:00,8,06,Alpes-Maritimes,06079,Mandelieu-la-Napoule,43.5334,6.918,0.25,0.0,False,Inconnue,,
2022,2022-08-02 14:38:00,8,40,Landes de Gascogne,40142,Laluque,43.8533,-0.9816,32.6,32.6,False,Involontaire (travaux),,
2022,2022-08-02 16:49:00,8,33,Landes de Gascogne,33514,Soulac-sur-Mer,45.5057,-1.0694,0.02,0.02,False,Involontaire (particulier),,
2022,2022-08-02 17:56:00,8,33,Landes de Gascogne,33514,Soulac-sur-Mer,45.5057,-1.0694,0.15,0.15,False,Inconnue,,
2022,2022-08-03 04:16:00,8,33,Landes de Gascogne,33205,Illats,44.6087,-0.3797,0.08,0.08,False,Accidentelle,,
2022,2022-08-03 18:51:00,8,33,Landes de Gascogne,33219,La Lande-de-Fronsac,44.9849,-0.3797,0.1,0.1,False,Accidentelle,,
2022,2022-08-04 03:01:00,8,33,Landes de Gascogne,33514,Soulac-sur-Mer,45.5057,-1.0694,0.001,0.001,False,Malveillance,,
2022,2022-08-04 03:29:00,8,33,Landes de Gascogne,33514,Soulac-sur-Mer,45.5057,-1.0694,1.02,1.02,False,Malveillance,,
2022,2022-08-04 10:37:00,8,33,Landes de Gascogne,33544,Le Verdon-sur-Mer,45.5481,-1.0826,0.001,0.001,False,Inconnue,,
2022,2022-08-04 14:41:00,8,06,Alpes-Maritimes,06018,Biot,43.6273,7.0821,0.25,0.15,False,Inconnue,,
2022,2022-08-04 14:54:00,8,33,Landes de Gascogne,33332,Porchères,45.0363,-0.0003,0.45,0.45,False,Inconnue,,
2022,2022-08-04 17:33:00,8,33,Landes de Gascogne,33001,Abzac,45.0123,-0.1281,0.8,0.8,False,Inconnue,,
2022,2022-08-04 19:33:00,8,33,Landes de Gascogne,33001,Abzac,45.0123,-0.1281,0.04,0.04,False,Inconnue,,
2022,2022-08-04 22:04:00,8,33,Landes de Gascogne,33329,Pompéjac,44.3986,-0.2997,3.0,3.0,False,Inconnue,,
2022,2022-08-05 01:08:00,8,33,Landes de Gascogne,33544,Le Verdon-sur-Mer,45.5481,-1.0826,0.07,0.07,False,Inconnue,,
2022,2022-08-05 06:33:00,8,33,Landes de Gascogne,33514,Soulac-sur-Mer,45.5057,-1.0694,0.3,0.3,False,Malveillance,,
2022,2022-08-05 09:53:00,8,33,Landes de Gascogne,33190,Goualade,44.3182,-0.1252,0.8,0.8,False,Accidentelle,,
2022,2022-08-05 10:28:00,8,33,Landes de Gascogne,33514,Soulac-sur-Mer,45.5057,-1.0694,0.8,0.8,False,Malveillance,,
2022,2022-08-06 09:23:00,8,33,Landes de Gascogne,33514,Soulac-sur-Mer,45.5057,-1.0694,18.8,18.8,False,Malveillance,,
2022,2022-08-06 11:08:00,8,06,Alpes-Maritimes,06018,Biot,43.6273,7.0821,0.02,0.0,False,Inconnue,,
2022,2022-08-06 13:44:00,8,33,Landes de Gascogne,33382,Saint-Christoly-de-Blaye,45.1499,-0.4967,0.5,0.5,False,Inconnue,,
2022,2022-08-06 13:52:00,8,06,Alpes-Maritimes,06074,Lantosque,43.9787,7.3121,0.1,0.05,False,Naturelle,,
2022,2022-08-06 17:01:00,8,06,Alpes-Maritimes,06077,Lucéram,43.8997,7.3506,0.15,0.05,False,Naturelle,,
2022,2022-08-06 17:41:00,8,06,Alpes-Maritimes,06002,Amirat,43.8973,6.8108,12.0,8.0,False,Naturelle,,
2022,2022-08-06 19:00:00,8,33,Landes de Gascogne,33348,Queyrac,45.3565,-0.9952,19.4,19.4,False,Involontaire (particulier),,
2022,2022-08-06 19:36:00,8,33,Landes de Gascogne,33333,Le Porge,44.8649,-1.1351,1.0,1.0,False,Inconnue,,
2022,2022-08-06 22:57:00,8,33,Landes de Gascogne,33458,Saint-Paul,45.1504,-0.5918,0.005,0.005,False,Inconnue,,
2022,2022-08-07 13:41:00,8,06,Alpes-Maritimes,06162,La Brigue,44.0897,7.6496,2.0,0.0,False,Naturelle,,
2022,2022-08-07 13:48:00,8,06,Alpes-Maritimes,06132,Saorge,43.9935,7.5403,1.5,0.705,False,Naturelle,,
2022,2022-08-07 14:31:00,8,33,Landes de Gascogne,33366,Saint-André-de-Cubzac,44.9945,-0.4378,1.3,1.3,False,Malveillance,,
2022,2022-08-07 16:14:00,8,06,Alpes-Maritimes,06151,Utelle,43.9392,7.2458,0.005,0.0024,False,Naturelle,,
2022,2022-08-07 18:04:00,8,06,Alpes-Maritimes,06023,Breil-sur-Roya,43.9379,7.4996,1.15,0.15,False,Naturelle,,
2022,2022-08-07 23:52:00,8,06,Alpes-Maritimes,06160,Villeneuve-d'Entraunes,44.1301,6.774,0.45,0.2115,False,Inconnue,,
2022,2022-08-08 04:06:00,8,33,Landes de Gascogne,33012,Arsac,44.9869,-0.7018,5.4,5.4,False,Inconnue,,
2022,2022-08-08 05:26:00,8,40,Landes de Gascogne,40332,Ychoux,44.3545,-0.9643,0.2,0.2,False,Inconnue,,
2022,2022-08-08 11:42:00,8,33,Landes de Gascogne,33450,Saint-Michel-de-Castelnau,44.2882,-0.0939,2.0,2.0,False,Inconnue,,
2022,2022-08-08 16:07:00,8,33,Landes de Gascogne,33541,Vensac,45.4039,-1.0821,0.05,0.05,False,Inconnue,,
2022,2022-08-08 17:36:00,8,40,Landes de Gascogne,40034,Bélus,43.5922,-1.1184,0.872,0.872,False,Involontaire (travaux),,
2022,2022-08-08 20:14:00,8,33,Landes de Gascogne,33527,Le Teich,44.5805,-1.0234,0.2,0.2,False,Accidentelle,,
2022,2022-08-09 01:34:00,8,40,Landes de Gascogne,40200,Moustey,44.387,-0.7703,381.0,381.0,True,Involontaire (travaux),,
2022,2022-08-09 13:02:00,8,06,Alpes-Maritimes,06047,Conségudes,43.8395,7.0395,0.015,0.0,False,Naturelle,,
2022,2022-08-09 16:36:00,8,40,Landes de Gascogne,40075,Castets,43.8806,-1.1487,6.0,6.0,False,Inconnue,,
2022,2022-08-09 17:32:00,8,33,Landes de Gascogne,33200,Le Haillan,44.8713,-0.6903,3.0,3.0,False,Inconnue,,
2022,2022-08-09 18:53:00,8,33,Landes de Gascogne,33382,Saint-Christoly-de-Blaye,45.1499,-0.4967,0.7,0.7,False,Inconnue,,
2022,2022-08-09 21:04:00,8,33,Landes de Gascogne,33380,Val-de-Livenne,45.276,-0.5099,0.008,0.008,False,Inconnue,,
2022,2022-08-09 23:06:00,8,33,Landes de Gascogne,33514,Soulac-sur-Mer,45.5057,-1.0694,0.02,0.02,False,Inconnue,,
2022,2022-08-09 23:24:00,8,33,Landes de Gascogne,33514,Soulac-sur-Mer,45.5057,-1.0694,1.0,1.0,False,Inconnue,,
2022,2022-08-10 00:50:00,8,33,Landes de Gascogne,33236,Lège-Cap-Ferret,44.7452,-1.174,0.5,0.5,False,Malveillance,,
2022,2022-08-10 01:06:00,8,33,Landes de Gascogne,33334,Portets,44.6783,-0.4263,0.5,0.5,False,Inconnue,,
2022,2022-08-10 04:36:00,8,33,Landes de Gascogne,33450,Saint-Michel-de-Castelnau,44.2882,-0.0939,0.3,0.3,False,Inconnue,,
2022,2022-08-10 05:18:00,8,33,Landes de Gascogne,33222,Lalande-de-Pomerol,44.9552,-0.2036,0.02,0.02,False,Inconnue,,
2022,2022-08-10 06:08:00,8,33,Landes de Gascogne,33544,Le Verdon-sur-Mer,45.5481,-1.0826,5.0,5.0,False,Malveillance,,
2022,2022-08-10 12:32:00,8,33,Landes de Gascogne,33382,Saint-Christoly-de-Blaye,45.1499,-0.4967,1.0,1.0,False,Inconnue,,
2022,2022-08-10 15:02:00,8,06,Alpes-Maritimes,06074,Lantosque,43.9787,7.3121,0.004,0.0019,False,Naturelle,,
2022,2022-08-10 15:41:00,8,33,Landes de Gascogne,33514,Soulac-sur-Mer,45.5057,-1.0694,0.01,0.01,False,Inconnue,,
2022,2022-08-10 16:31:00,8,40,Landes de Gascogne,40142,Laluque,43.8533,-0.9816,0.1,0.1,False,Inconnue,,
2022,2022-08-10 23:50:00,8,33,Landes de Gascogne,33193,Grayan-et-l'Hôpital,45.4324,-1.1057,0.24,0.24,False,Involontaire (particulier),,
2022,2022-08-11 00:42:00,8,33,Landes de Gascogne,33281,Mérignac,44.8313,-0.682,0.01,0.01,False,Inconnue,,
2022,2022-08-11 02:32:00,8,33,Landes de Gascogne,33193,Grayan-et-l'Hôpital,45.4324,-1.1057,0.2,0.2,False,Involontaire (particulier),,
2022,2022-08-11 02:51:00,8,33,Landes de Gascogne,33193,Grayan-et-l'Hôpital,45.4324,-1.1057,0.1,0.1,False,Involontaire (particulier),,
2022,2022-08-11 06:21:00,8,33,Landes de Gascogne,33514,Soulac-sur-Mer,45.5057,-1.0694,0.3,0.3,False,Involontaire (particulier),,
2022,2022-08-11 14:10:00,8,33,Landes de Gascogne,33193,Grayan-et-l'Hôpital,45.4324,-1.1057,0.3,0.3,False,Inconnue,,
2022,2022-08-11 18:27:00,8,33,Landes de Gascogne,33001,Abzac,45.0123,-0.1281,0.05,0.05,False,Inconnue,,
2022,2022-08-11 19:43:00,8,33,Landes de Gascogne,33541,Vensac,45.4039,-1.0821,0.06,0.06,False,Malveillance,,
2022,2022-08-11 21:09:00,8,33,Landes de Gascogne,33159,Étauliers,45.2221,-0.5851,0.4,0.4,False,Inconnue,,
2022,2022-08-11 23:13:00,8,33,Landes de Gascogne,33514,Soulac-sur-Mer,45.5057,-1.0694,0.0003,0.0003,False,Inconnue,,
2022,2022-08-12 00:38:00,8,33,Landes de Gascogne,33541,Vensac,45.4039,-1.0821,0.5,0.5,False,Malveillance,,
2022,2022-08-12 04:22:00,8,33,Landes de Gascogne,33014,Les Artigues-de-Lussac,44.9735,-0.1427,0.2,0.2,False,Inconnue,,
2022,2022-08-12 12:21:00,8,40,Landes de Gascogne,40244,Rivière-Saas-et-Gourby,43.6963,-1.1756,0.0406,0.0406,False,Involontaire (particulier),,
2022,2022-08-12 12:33:00,8,33,Landes de Gascogne,33354,Riocaud,44.7484,0.203,0.4,0.4,False,Inconnue,,
2022,2022-08-12 12:36:00,8,33,Landes de Gascogne,33225,Landiras,44.5696,-0.4333,6742.7,6742.7,True,Inconnue,,
2022,2022-08-12 16:49:00,8,33,Landes de Gascogne,33014,Les Artigues-de-Lussac,44.9735,-0.1427,0.05,0.05,False,Inconnue,,
2022,2022-08-12 18:37:00,8,33,Landes de Gascogne,33393,Saint-Denis-de-Pile,44.9893,-0.1833,0.15,0.15,False,Inconnue,,
2022,2022-08-12 18:44:00,8,33,Landes de Gascogne,33393,Saint-Denis-de-Pile,44.9893,-0.1833,0.15,0.05,False,Inconnue,,
2022,2022-08-12 19:38:00,8,40,Landes de Gascogne,40307,Sore,44.3073,-0.6021,16.818,16.818,False,Accidentelle,,
2022,2022-08-12 20:13:00,8,33,Landes de Gascogne,33159,Étauliers,45.2221,-0.5851,0.06,0.06,False,Inconnue,,
2022,2022-08-13 09:12:00,8,33,Landes de Gascogne,33193,Grayan-et-l'Hôpital,45.4324,-1.1057,0.002,0.002,False,Involontaire (particulier),,
2022,2022-08-13 10:26:00,8,33,Landes de Gascogne,33056,Blanquefort,44.9216,-0.61,0.005,0.005,False,Inconnue,,
2022,2022-08-13 10:53:00,8,40,Landes de Gascogne,40184,Mimizan,44.1996,-1.2323,0.3,0.3,False,Inconnue,,
2022,2022-08-13 14:18:00,8,33,Landes de Gascogne,33507,Sauviac,44.4001,-0.183,0.4,0.4,False,Inconnue,,
2022,2022-08-13 16:20:00,8,33,Landes de Gascogne,33036,Bazas,44.4409,-0.2177,0.4,0.4,False,Malveillance,,
2022,2022-08-13 16:49:00,8,33,Landes de Gascogne,33244,Lignan-de-Bazas,44.433,-0.2745,1.0,1.0,False,Inconnue,,
2022,2022-08-13 20:58:00,8,40,Landes de Gascogne,40041,Beyries,43.5669,-0.6423,0.012,0.012,False,Inconnue,,
2022,2022-08-13 21:09:00,8,40,Landes de Gascogne,40158,Losse,44.0948,-0.0933,0.02,0.02,False,Naturelle,,
2022,2022-08-13 21:50:00,8,40,Landes de Gascogne,40295,Saugnac-et-Muret,44.3893,-0.8494,1.0,1.0,False,Naturelle,,
2022,2022-08-13 22:45:00,8,40,Landes de Gascogne,40161,Lubbon,44.1097,-0.0127,0.002,0.002,False,Naturelle,,
2022,2022-08-13 23:23:00,8,33,Landes de Gascogne,33122,Cestas,44.7274,-0.7349,0.1,0.1,False,Naturelle,,
2022,2022-08-14 08:09:00,8,40,Landes de Gascogne,40267,Saint-Justin,43.9907,-0.2265,0.0003,0.0003,False,Naturelle,,
2022,2022-08-14 14:59:00,8,33,Landes de Gascogne,33498,Salles,44.536,-0.8899,2.5,2.5,False,Inconnue,,
2022,2022-08-14 17:09:00,8,33,Landes de Gascogne,33214,Lacanau,44.9879,-1.096,0.15,0.15,False,Inconnue,,
2022,2022-08-14 18:51:00,8,40,Landes de Gascogne,40066,Carcarès-Sainte-Croix,43.8568,-0.7602,0.5,0.5,False,Inconnue,,
2022,2022-08-14 19:54:00,8,40,Landes de Gascogne,40287,Sanguinet,44.4776,-1.0903,0.907,0.907,False,Naturelle,,
2022,2022-08-14 22:28:00,8,33,Landes de Gascogne,33193,Grayan-et-l'Hôpital,45.4324,-1.1057,0.06,0.06,False,Malveillance,,
2022,2022-08-15 15:15:00,8,40,Landes de Gascogne,40051,Bougue,43.9018,-0.4033,1.069,1.069,False,Naturelle,,
2022,2022-08-16 15:49:00,8,40,Landes de Gascogne,40331,Villeneuve-de-Marsan,43.9087,-0.3057,2.619,1.319,False,Naturelle,,
2022,2022-08-16 15:53:00,8,40,Landes de Gascogne,40287,Sanguinet,44.4776,-1.0903,16.966,16.966,False,Naturelle,,
2022,2022-08-16 21:41:00,8,40,Landes de Gascogne,40227,Pissos,44.3012,-0.7906,1.754,1.754,False,Accidentelle,,
2022,2022-08-16 22:51:00,8,40,Landes de Gascogne,40210,Onesse-Laharie,44.063,-1.0224,0.2,0.2,False,Naturelle,,
2022,2022-08-17 03:43:00,8,33,Landes de Gascogne,33490,Saint-Vivien-de-Médoc,45.4678,-0.9975,4.0,4.0,False,Malveillance,,
2022,2022-08-17 11:26:00,8,40,Landes de Gascogne,40152,Lesperon,43.9654,-1.0835,0.3,0.3,False,Naturelle,,
2022,2022-08-18 17:04:00,8,40,Landes de Gascogne,40327,Vielle-Soubiran,44.0549,-0.1715,6.269,6.269,False,Inconnue,,
2022,2022-08-18 21:13:00,8,40,Landes de Gascogne,40171,Mano,44.4288,-0.6703,1.18,1.0,False,Naturelle,,
2022,2022-08-19 20:18:00,8,33,Landes de Gascogne,33193,Grayan-et-l'Hôpital,45.4324,-1.1057,0.1,0.1,False,Inconnue,,
2022,2022-08-20 00:17:00,8,33,Landes de Gascogne,33541,Vensac,45.4039,-1.0821,3.0,3.0,False,Inconnue,,
2022,2022-08-20 13:58:00,8,33,Landes de Gascogne,33115,Cazalis,44.3304,-0.3875,1.0,1.0,False,Naturelle,,
2022,2022-08-20 16:02:00,8,06,Alpes-Maritimes,06032,Cap-d'Ail,43.7256,7.4008,0.002,0.0009,False,Inconnue,,
2022,2022-08-20 23:28:00,8,40,Landes de Gascogne,40169,Maillas,44.212,-0.1786,0.05,0.05,False,Accidentelle,,
2022,2022-08-24 17:25:00,8,33,Landes de Gascogne,33393,Saint-Denis-de-Pile,44.9893,-0.1833,0.229,0.229,False,Inconnue,,
2022,2022-08-24 17:54:00,8,33,Landes de Gascogne,33541,Vensac,45.4039,-1.0821,4.0,4.0,False,Inconnue,,
2022,2022-08-24 18:10:00,8,33,Landes de Gascogne,33001,Abzac,45.0123,-0.1281,0.1,0.1,False,Inconnue,,
2022,2022-08-24 18:23:00,8,33,Landes de Gascogne,33248,Listrac-Médoc,45.0699,-0.827,2.0,2.0,False,Malveillance,,
2022,2022-08-24 23:00:00,8,33,Landes de Gascogne,33233,Laruscade,45.1206,-0.3394,0.1,0.1,False,Inconnue,,
2022,2022-08-25 01:08:00,8,40,Landes de Gascogne,40180,Meilhan,43.8685,-0.6966,0.32,0.32,False,Naturelle,,
2022,2022-08-25 04:25:00,8,40,Landes de Gascogne,40087,Créon-d'Armagnac,43.9948,-0.0744,1.0,1.0,False,Inconnue,,
2022,2022-08-25 08:20:00,8,40,Landes de Gascogne,40096,Estigarde,44.0431,-0.1165,0.005,0.005,False,Naturelle,,
2022,2022-08-25 09:36:00,8,33,Landes de Gascogne,33380,Val-de-Livenne,45.276,-0.5099,0.0005,0.0005,False,Naturelle,,
2022,2022-08-25 12:22:00,8,33,Landes de Gascogne,33422,Saint-Jean-d'Illac,44.7973,-0.8156,0.2,0.2,False,Naturelle,,
2022,2022-08-25 13:12:00,8,40,Landes de Gascogne,40169,Maillas,44.212,-0.1786,0.02,0.02,False,Naturelle,,
2022,2022-08-25 13:39:00,8,33,Landes de Gascogne,33076,Budos,44.537,-0.4058,2.0,2.0,False,Naturelle,,
2022,2022-08-25 13:44:00,8,40,Landes de Gascogne,40134,Labouheyre,44.2243,-0.9107,0.001,0.001,False,Inconnue,,
2022,2022-08-25 14:27:00,8,40,Landes de Gascogne,40169,Maillas,44.212,-0.1786,3.915,3.915,False,Naturelle,,
2022,2022-08-25 16:28:00,8,33,Landes de Gascogne,33070,Brach,45.0409,-0.9468,0.02,0.02,False,Naturelle,,
2022,2022-08-25 17:01:00,8,33,Landes de Gascogne,33417,Sainte-Hélène,44.9653,-0.9071,0.02,0.02,False,Naturelle,,
2022,2022-08-25 17:53:00,8,40,Landes de Gascogne,40087,Créon-d'Armagnac,43.9948,-0.0744,8.599,8.599,False,Naturelle,,
2022,2022-08-25 19:22:00,8,33,Landes de Gascogne,33164,Fargues,44.5362,-0.2926,0.2,0.2,False,Inconnue,,
2022,2022-08-26 16:44:00,8,40,Landes de Gascogne,40164,Retjons,44.1399,-0.2929,1.2,1.2,False,Naturelle,,
2022,2022-08-26 18:19:00,8,06,Alpes-Maritimes,06042,Clans,44.003,7.1827,0.04,0.01,False,Naturelle,,
2022,2022-08-27 11:14:00,8,33,Landes de Gascogne,33450,Saint-Michel-de-Castelnau,44.2882,-0.0939,0.25,0.25,False,Naturelle,,
2022,2022-08-27 12:45:00,8,33,Landes de Gascogne,33248,Listrac-Médoc,45.0699,-0.827,2.0,2.0,False,Inconnue,,
2022,2022-08-27 19:56:00,8,33,Landes de Gascogne,33173,Francs,44.9474,0.0003,0.5,0.5,False,Inconnue,,
2022,2022-08-27 20:31:00,8,33,Landes de Gascogne,33527,Le Teich,44.5805,-1.0234,0.02,0.02,False,Accidentelle,,
2022,2022-08-28 13:37:00,8,40,Landes de Gascogne,40171,Mano,44.4288,-0.6703,0.1,0.1,False,Inconnue,,
2022,2022-08-28 16:48:00,8,33,Landes de Gascogne,33519,Le Taillan-Médoc,44.9123,-0.6785,0.01,0.01,False,Inconnue,,
2022,2022-08-28 17:45:00,8,33,Landes de Gascogne,33222,Lalande-de-Pomerol,44.9552,-0.2036,0.05,0.05,False,Inconnue,,
2022,2022-08-28 18:53:00,8,33,Landes de Gascogne,33284,Mios,44.6105,-0.8913,1.5,1.5,False,Inconnue,,
2022,2022-08-29 15:37:00,8,40,Landes de Gascogne,40243,Rion-des-Landes,43.9318,-0.9436,0.015,0.015,False,Naturelle,,
2022,2022-08-29 15:51:00,8,40,Landes de Gascogne,40197,Morcenx-la-Nouvelle,44.0318,-0.9147,0.03,0.03,False,Naturelle,,
2022,2022-08-29 18:12:00,8,40,Landes de Gascogne,40164,Retjons,44.1399,-0.2929,0.0001,0.0001,False,Naturelle,,
2022,2022-08-29 18:41:00,8,40,Landes de Gascogne,40266,Saint-Julien-en-Born,44.0854,-1.2551,0.04,0.04,False,Naturelle,,
2022,2022-08-29 19:15:00,8,33,Landes de Gascogne,33057,Blasimon,44.7523,-0.0895,0.01,0.01,False,Inconnue,,
2022,2022-08-30 00:12:00,8,33,Landes de Gascogne,33320,Petit-Palais-et-Cornemps,44.9823,-0.053,0.5,0.5,False,Inconnue,,
2022,2022-08-30 00:50:00,8,33,Landes de Gascogne,33472,Saint-Sauveur-de-Puynormand,44.9958,-0.0308,0.5,0.5,False,Inconnue,,
2022,2022-08-30 08:13:00,8,33,Landes de Gascogne,33261,Lussac,44.9683,-0.0878,0.01,0.01,False,Inconnue,,
2022,2022-08-30 16:44:00,8,40,Landes de Gascogne,40056,Brocas,44.0533,-0.5446,0.3,0.3,False,Naturelle,,
2022,2022-08-30 16:51:00,8,33,Landes de Gascogne,33076,Budos,44.537,-0.4058,0.05,0.05,False,Naturelle,,
2022,2022-08-31 15:34:00,8,33,Landes de Gascogne,33361,Ruch,44.7748,-0.0337,0.01,0.01,False,Inconnue,,
2022,2022-08-31 16:52:00,8,33,Landes de Gascogne,33380,Val-de-Livenne,45.276,-0.5099,5.0,5.0,False,Inconnue,,
2022,2022-08-31 18:22:00,8,40,Landes de Gascogne,40135,Labrit,44.1269,-0.5557,0.3557,0.3557,False,Naturelle,,
2022,2022-09-01 14:58:00,9,33,Landes de Gascogne,33417,Sainte-Hélène,44.9653,-0.9071,0.02,0.02,False,Inconnue,,
2022,2022-09-01 16:49:00,9,33,Landes de Gascogne,33123,Cézac,45.0867,-0.4171,0.3,0.3,False,Inconnue,,
2022,2022-09-02 04:02:00,9,40,Landes de Gascogne,40060,Callen,44.2743,-0.4688,0.576,0.576,False,Naturelle,,
2022,2022-09-02 07:54:00,9,40,Landes de Gascogne,40297,Le Sen,44.139,-0.5067,4.194,4.194,False,Naturelle,,
2022,2022-09-02 12:16:00,9,40,Landes de Gascogne,40246,Sabres,44.1532,-0.7332,0.4,0.4,False,Naturelle,,
2022,2022-09-04 16:16:00,9,33,Landes de Gascogne,33529,La Teste-de-Buch,44.586,-1.1809,0.012,0.002,False,Inconnue,,
2022,2022-09-05 13:47:00,9,33,Landes de Gascogne,33429,Saint-Léger-de-Balson,44.43,-0.4416,0.25,0.25,False,Inconnue,,
2022,2022-09-05 16:32:00,9,33,Landes de Gascogne,33540,Vendays-Montalivet,45.3378,-1.0953,61.0,61.0,False,Involontaire (particulier),,
2022,2022-09-06 17:15:00,9,40,Landes de Gascogne,40167,Luxey,44.2382,-0.5061,18.411,18.411,False,Naturelle,,
2022,2022-09-06 22:20:00,9,33,Landes de Gascogne,33382,Saint-Christoly-de-Blaye,45.1499,-0.4967,0.2,0.2,False,Inconnue,,
2022,2022-09-07 08:32:00,9,40,Landes de Gascogne,40197,Morcenx-la-Nouvelle,44.0318,-0.9147,2.0,2.0,False,Inconnue,,
2022,2022-09-08 04:00:00,9,06,Alpes-Maritimes,06088,Nice,43.7032,7.2528,0.04,0.0188,False,Naturelle,,
2022,2022-09-09 15:10:00,9,06,Alpes-Maritimes,06023,Breil-sur-Roya,43.9379,7.4996,0.3,0.141,False,Naturelle,,
2022,2022-09-09 19:46:00,9,33,Landes de Gascogne,33036,Bazas,44.4409,-0.2177,0.012,0.012,False,Inconnue,,
2022,2022-09-09 23:42:00,9,06,Alpes-Maritimes,06104,Roquebrune-Cap-Martin,43.7638,7.4576,7.1,2.0,False,Involontaire (travaux),,
2022,2022-09-11 14:30:00,9,40,Landes de Gascogne,40257,Sainte-Eulalie-en-Born,44.2725,-1.2121,0.6,0.6,False,Involontaire (particulier),,
2022,2022-09-11 16:27:00,9,33,Landes de Gascogne,33527,Le Teich,44.5805,-1.0234,0.4,0.4,False,Inconnue,,
2022,2022-09-12 13:11:00,9,33,Landes de Gascogne,33377,Saint-Avit-de-Soulège,44.8116,0.12,1.7,1.5,False,Inconnue,,
2022,2022-09-12 15:07:00,9,40,Landes de Gascogne,40123,Herm,43.8013,-1.1332,45.9,45.9,False,Accidentelle,,
2022,2022-09-12 15:21:00,9,33,Landes de Gascogne,33503,Saumos,44.9119,-1.0029,3248.0,3248.0,True,Malveillance,,
2022,2022-09-12 15:31:00,9,33,Landes de Gascogne,33144,Cudos,44.3786,-0.1841,1.6,1.6,False,Inconnue,,
2022,2022-09-12 20:33:00,9,33,Landes de Gascogne,33026,Balizac,44.4878,-0.45,0.05,0.05,False,Naturelle,,
2022,2022-09-13 03:20:00,9,40,Landes de Gascogne,40287,Sanguinet,44.4776,-1.0903,0.6,0.6,False,Inconnue,,
2022,2022-09-13 15:32:00,9,33,Landes de Gascogne,33540,Vendays-Montalivet,45.3378,-1.0953,7.0,7.0,False,Involontaire (travaux),,
2022,2022-09-14 11:44:00,9,40,Landes de Gascogne,40152,Lesperon,43.9654,-1.0835,0.45,0.45,False,Naturelle,,
2022,2022-09-14 15:09:00,9,33,Landes de Gascogne,33502,Saugon,45.1864,-0.5006,5.8,5.8,False,Inconnue,,
2022,2022-09-14 20:45:00,9,33,Landes de Gascogne,33351,Reignac,45.2292,-0.5179,0.2,0.2,False,Inconnue,,
2022,2022-09-15 15:39:00,9,33,Landes de Gascogne,33193,Grayan-et-l'Hôpital,45.4324,-1.1057,0.08,0.08,False,Inconnue,,
2022,2022-09-16 01:48:00,9,33,Landes de Gascogne,33284,Mios,44.6105,-0.8913,0.3,0.3,False,Inconnue,,
2022,2022-09-16 17:06:00,9,40,Landes de Gascogne,40168,Magescq,43.7753,-1.1841,105.7,105.7,True,Involontaire (travaux),,
2022,2022-09-16 20:23:00,9,33,Landes de Gascogne,33527,Le Teich,44.5805,-1.0234,0.2,0.2,False,Inconnue,,
2022,2022-09-17 13:18:00,9,33,Landes de Gascogne,33362,Sablons,45.0233,-0.1822,1.0,1.0,False,Inconnue,,
2022,2022-09-17 14:15:00,9,40,Landes de Gascogne,40168,Magescq,43.7753,-1.1841,0.4,0.4,False,Involontaire (travaux),,
2022,2022-09-17 22:59:00,9,33,Landes de Gascogne,33527,Le Teich,44.5805,-1.0234,0.09,0.09,False,Inconnue,,
2022,2022-09-18 07:22:00,9,33,Landes de Gascogne,33193,Grayan-et-l'Hôpital,45.4324,-1.1057,4.0,4.0,False,Malveillance,,
2022,2022-09-18 13:39:00,9,33,Landes de Gascogne,33011,Arès,44.7997,-1.0837,115.8,115.8,True,Inconnue,,
2022,2022-09-18 15:13:00,9,33,Landes de Gascogne,33540,Vendays-Montalivet,45.3378,-1.0953,0.5,0.5,False,Inconnue,,
2022,2022-09-18 16:19:00,9,40,Landes de Gascogne,40313,Tartas,43.8156,-0.7791,0.5,0.5,False,Inconnue,,
2022,2022-09-18 17:50:00,9,33,Landes de Gascogne,33193,Grayan-et-l'Hôpital,45.4324,-1.1057,0.3,0.3,False,Inconnue,,
2022,2022-09-18 17:54:00,9,40,Landes de Gascogne,40142,Laluque,43.8533,-0.9816,9.973,9.973,False,Inconnue,,
2022,2022-09-19 11:41:00,9,06,Alpes-Maritimes,06163,Tende,44.0971,7.5499,6.88,4.88,False,Involontaire (travaux),,
2022,2022-09-20 18:27:00,9,33,Landes de Gascogne,33395,Saint-Estèphe,45.2544,-0.7759,0.65,0.65,False,Inconnue,,
2022,2022-09-21 04:43:00,9,33,Landes de Gascogne,33376,Saint-Aubin-de-Médoc,44.9343,-0.7478,0.3,0.3,False,Inconnue,,
2022,2022-09-21 16:46:00,9,33,Landes de Gascogne,33380,Val-de-Livenne,45.276,-0.5099,6.6,6.6,False,Inconnue,,
2022,2022-09-22 02:53:00,9,33,Landes de Gascogne,33380,Val-de-Livenne,45.276,-0.5099,0.15,0.15,False,Inconnue,,
2022,2022-09-22 05:49:00,9,33,Landes de Gascogne,33240,Lesparre-Médoc,45.2796,-0.9235,1.0,1.0,False,Inconnue,,
2022,2022-09-22 15:27:00,9,33,Landes de Gascogne,33329,Pompéjac,44.3986,-0.2997,0.05,0.05,False,Inconnue,,
2022,2022-09-22 15:52:00,9,33,Landes de Gascogne,33095,Captieux,44.2621,-0.2981,2.0,2.0,False,Inconnue,,
2022,2022-09-28 18:00:00,9,06,Alpes-Maritimes,06070,Gréolières,43.8037,6.9296,0.01,0.0047,False,Inconnue,,
2022,2022-09-29 10:06:00,9,33,Landes de Gascogne,33202,Hostens,44.4834,-0.6616,0.002,0.002,False,Inconnue,,
2022,2022-10-04 10:08:00,10,40,Landes de Gascogne,40285,Saint-Yaguen,43.9019,-0.7411,0.01,0.01,False,Inconnue,,
2022,2022-10-05 19:53:00,10,40,Landes de Gascogne,40081,Cère,43.9933,-0.5468,0.12,0.12,False,Inconnue,,
2022,2022-10-07 18:31:00,10,40,Landes de Gascogne,40015,Arx,44.1087,0.0843,0.002,0.002,False,Involontaire (travaux),,
2022,2022-10-08 16:17:00,10,40,Landes de Gascogne,40310,Soustons,43.754,-1.3305,0.3,0.3,False,Inconnue,,
2022,2022-10-13 10:32:00,10,06,Alpes-Maritimes,06070,Gréolières,43.8037,6.9296,0.01,0.0047,False,Involontaire (particulier),,
2022,2022-10-13 14:24:00,10,33,Landes de Gascogne,33300,Naujac-sur-Mer,45.2596,-1.0643,0.15,0.15,False,Accidentelle,,
2022,2022-10-16 14:15:00,10,40,Landes de Gascogne,40085,Commensacq,44.2082,-0.8272,11.4,11.4,False,Inconnue,,
2022,2022-10-20 07:09:00,10,33,Landes de Gascogne,33115,Cazalis,44.3304,-0.3875,6.4,6.4,False,Inconnue,,
2022,2022-10-20 14:07:00,10,40,Landes de Gascogne,40142,Laluque,43.8533,-0.9816,25.8,25.8,False,Accidentelle,,
2022,2022-10-23 19:33:00,10,33,Landes de Gascogne,33458,Saint-Paul,45.1504,-0.5918,0.003,0.003,False,Involontaire (particulier),,
2022,2022-10-26 15:22:00,10,40,Landes de Gascogne,40142,Laluque,43.8533,-0.9816,0.5,0.5,False,Inconnue,,
2022,2022-11-01 12:42:00,11,40,Landes de Gascogne,40267,Saint-Justin,43.9907,-0.2265,0.01,0.01,False,Inconnue,,
2022,2022-11-11 15:55:00,11,33,Landes de Gascogne,33202,Hostens,44.4834,-0.6616,0.01,0.01,False,Inconnue,,
2022,2022-11-13 16:26:00,11,33,Landes de Gascogne,33042,Belin-Béliet,44.4959,-0.7989,0.0005,0.0005,False,Inconnue,,
2022,2022-11-23 16:44:00,11,06,Alpes-Maritimes,06050,Coursegoules,43.7898,7.0384,0.12,0.0564,False,Inconnue,,
2022,2022-12-11 13:42:00,12,06,Alpes-Maritimes,06074,Lantosque,43.9787,7.3121,0.2,0.094,False,Malveillance,,
2022,2022-12-31 16:41:00,12,33,Landes de Gascogne,33051,Biganos,44.6599,-0.9582,0.0008,0.0008,False,Malveillance,,
2023,2023-01-01 17:54:00,1,40,Landes de Gascogne,40132,Labatut,43.5544,-0.9926,0.1,0.1,False,Accidentelle,0.0,0.0
2023,2023-01-19 15:08:00,1,06,Alpes-Maritimes,06157,Vence,43.7373,7.0995,5.0,0.5,False,Inconnue,,
2023,2023-01-22 00:35:00,1,06,Alpes-Maritimes,06077,Lucéram,43.8997,7.3506,0.05,0.0,False,Inconnue,,
2023,2023-01-26 15:36:00,1,06,Alpes-Maritimes,06050,Coursegoules,43.7898,7.0384,0.02,0.0,False,Malveillance,,
2023,2023-01-28 11:00:00,1,06,Alpes-Maritimes,06035,Castellar,43.8227,7.4989,0.02,0.0,False,Inconnue,,
2023,2023-01-28 13:18:00,1,06,Alpes-Maritimes,06129,Saint-Sauveur-sur-Tinée,44.1163,7.1226,0.02,0.0,False,Involontaire (particulier),,
2023,2023-01-31 16:27:00,1,06,Alpes-Maritimes,06072,Ilonse,44.0319,7.0901,0.01,0.0,False,Malveillance,,
2023,2023-02-01 11:34:00,2,06,Alpes-Maritimes,06157,Vence,43.7373,7.0995,18.09,0.0,False,Malveillance,,
2023,2023-02-04 16:28:00,2,06,Alpes-Maritimes,06051,La Croix-sur-Roudoule,44.0032,6.871,0.005,0.0,False,Inconnue,,
2023,2023-02-04 16:53:00,2,06,Alpes-Maritimes,06050,Coursegoules,43.7898,7.0384,0.5,0.0,False,Involontaire (particulier),,
2023,2023-02-08 05:00:00,2,40,Landes de Gascogne,40046,Biscarrosse,44.4077,-1.1525,0.03,0.03,False,Accidentelle,0.0,0.0
2023,2023-02-08 17:45:00,2,06,Alpes-Maritimes,06162,La Brigue,44.0897,7.6496,8.4,1.0,False,Inconnue,,
2023,2023-02-09 04:50:00,2,06,Alpes-Maritimes,06038,Châteauneuf-Grasse,43.6626,6.9792,0.29,0.29,False,Malveillance,,
2023,2023-02-09 15:46:00,2,06,Alpes-Maritimes,06051,La Croix-sur-Roudoule,44.0032,6.871,0.1,0.0,False,Involontaire (particulier),,
2023,2023-02-10 13:42:00,2,33,Landes de Gascogne,33417,Sainte-Hélène,44.9653,-0.9071,0.002,0.002,False,Malveillance,0.0,0.0
2023,2023-02-10 17:04:00,2,40,Landes de Gascogne,40075,Castets,43.8806,-1.1487,0.005,0.005,False,Involontaire (travaux),0.0,0.0
2023,2023-02-11 23:14:00,2,06,Alpes-Maritimes,06077,Lucéram,43.8997,7.3506,0.2,0.0,False,Accidentelle,,
2023,2023-02-12 14:44:00,2,40,Landes de Gascogne,40210,Onesse-Laharie,44.063,-1.0224,0.2312,0.2312,False,Involontaire (travaux),0.0,0.0
2023,2023-02-12 17:16:00,2,06,Alpes-Maritimes,06100,Revest-les-Roches,43.8823,7.1693,0.005,0.0,False,Inconnue,,
2023,2023-02-12 18:03:00,2,06,Alpes-Maritimes,06085,Mougins,43.5931,7.0046,0.05,0.0,False,Inconnue,,
2023,2023-02-13 11:58:00,2,33,Landes de Gascogne,33348,Queyrac,45.3565,-0.9952,0.002,0.002,False,Inconnue,0.0,0.0
2023,2023-02-13 13:32:37,2,33,Landes de Gascogne,33251,Louchats,44.5104,-0.5691,1.0,1.0,False,Inconnue,0.0,0.0
2023,2023-02-14 15:16:15,2,33,Landes de Gascogne,33008,Porte-de-Benauge,44.6821,-0.2265,0.5,0.5,False,Accidentelle,0.0,0.0
2023,2023-02-14 16:11:34,2,33,Landes de Gascogne,33005,Andernos-les-Bains,44.7529,-1.082,0.2,0.2,False,Malveillance,0.0,0.0
2023,2023-02-16 17:16:44,2,33,Landes de Gascogne,33461,Saint-Philippe-d'Aiguilhe,44.9166,-0.0405,0.03,0.03,False,Malveillance,0.0,0.0
2023,2023-02-19 14:58:00,2,06,Alpes-Maritimes,06120,Saint-Étienne-de-Tinée,44.2597,6.9252,0.4,0.0,False,Malveillance,,
2023,2023-02-20 09:13:00,2,06,Alpes-Maritimes,06103,Roquebillière,44.0282,7.2885,5.0,0.1,False,Malveillance,,
2023,2023-02-22 14:11:00,2,06,Alpes-Maritimes,06013,Belvédère,44.0615,7.3612,0.08,0.0,False,Inconnue,,
2023,2023-02-24 04:37:00,2,06,Alpes-Maritimes,06058,Escragnolles,43.7236,6.7758,0.05,0.0,False,Inconnue,,
2023,2023-02-24 12:22:00,2,06,Alpes-Maritimes,06103,Roquebillière,44.0282,7.2885,0.005,0.0,False,Inconnue,,
2023,2023-02-26 09:37:31,2,33,Landes de Gascogne,33236,Lège-Cap-Ferret,44.7452,-1.174,0.0001,0.0001,False,Malveillance,0.0,0.0
2023,2023-03-03 00:32:00,3,33,Landes de Gascogne,33471,Saint-Sauveur,45.1964,-0.8223,6.45,6.45,False,Accidentelle,,
2023,2023-03-03 10:05:42,3,33,Landes de Gascogne,33436,Saint-Magne,44.559,-0.6623,0.75,0.75,False,Accidentelle,0.0,0.0
2023,2023-03-03 16:23:00,3,06,Alpes-Maritimes,06059,Èze,43.7299,7.3566,0.02,0.0,False,Inconnue,,
2023,2023-03-04 13:18:00,3,06,Alpes-Maritimes,06070,Gréolières,43.8037,6.9296,0.05,0.0,False,Involontaire (particulier),,
2023,2023-03-04 17:12:00,3,40,Landes de Gascogne,40157,Lit-et-Mixe,44.0273,-1.2704,0.002,0.002,False,Malveillance,0.0,0.0
2023,2023-03-04 19:09:00,3,40,Landes de Gascogne,40197,Morcenx-la-Nouvelle,44.0318,-0.9147,0.05,0.01,False,Inconnue,0.0,0.0
2023,2023-03-05 17:02:00,3,06,Alpes-Maritimes,06102,Rimplas,44.0997,7.1449,0.92,0.92,False,Malveillance,,
2023,2023-03-05 23:31:00,3,40,Landes de Gascogne,40060,Callen,44.2743,-0.4688,0.001,0.001,False,Accidentelle,0.0,0.0
2023,2023-03-06 15:19:52,3,33,Landes de Gascogne,33320,Petit-Palais-et-Cornemps,44.9823,-0.053,1.0,0.5,False,Involontaire (particulier),0.0,0.0
2023,2023-03-06 22:52:07,3,33,Landes de Gascogne,33233,Laruscade,45.1206,-0.3394,0.02,0.02,False,Malveillance,0.0,0.0
2023,2023-03-08 14:35:00,3,06,Alpes-Maritimes,06025,Le Broc,43.8146,7.1621,6.0,4.0,False,Malveillance,,
2023,2023-03-10 13:11:00,3,06,Alpes-Maritimes,06022,Bouyon,43.8272,7.125,0.05,0.0,False,Accidentelle,,
2023,2023-03-10 14:02:00,3,06,Alpes-Maritimes,06130,Saint-Vallier-de-Thiey,43.6994,6.8516,41.36,5.27,False,Accidentelle,,
2023,2023-03-10 14:22:00,3,06,Alpes-Maritimes,06043,Coaraze,43.8693,7.3014,0.5,0.0,False,Inconnue,,
2023,2023-03-10 14:48:00,3,06,Alpes-Maritimes,06081,Le Mas,43.8388,6.8572,0.7,0.0,False,Accidentelle,,
2023,2023-03-10 15:24:00,3,06,Alpes-Maritimes,06074,Lantosque,43.9787,7.3121,0.25,0.0,False,Inconnue,,
2023,2023-03-10 22:10:00,3,06,Alpes-Maritimes,06137,Spéracèdes,43.652,6.8573,0.54,0.54,False,Accidentelle,,
2023,2023-03-11 12:07:00,3,06,Alpes-Maritimes,06098,Puget-Rostang,44.0056,6.9333,0.2,0.0,False,Malveillance,,
2023,2023-03-11 13:53:00,3,06,Alpes-Maritimes,06024,Briançonnet,43.8654,6.7325,20.2,19.6,False,Accidentelle,,
2023,2023-03-15 17:14:00,3,06,Alpes-Maritimes,06050,Coursegoules,43.7898,7.0384,0.08,0.0,False,Inconnue,,
2023,2023-03-17 10:20:00,3,06,Alpes-Maritimes,06031,Cantaron,43.7694,7.3147,0.015,0.0,False,Involontaire (travaux),,
2023,2023-03-17 13:48:30,3,33,Landes de Gascogne,33457,Saint-Pardon-de-Conques,44.5501,-0.1898,0.25,0.25,False,Inconnue,0.0,0.0
2023,2023-03-20 12:01:13,3,33,Landes de Gascogne,33255,Lucmau,44.2955,-0.3364,0.08,0.08,False,Accidentelle,0.0,0.0
2023,2023-03-23 17:05:00,3,40,Landes de Gascogne,40040,Beylongue,43.9201,-0.82,0.001,0.001,False,Inconnue,0.0,0.0
2023,2023-03-27 15:55:00,3,06,Alpes-Maritimes,06075,Levens,43.8501,7.2358,0.02,0.0,False,Inconnue,,
2023,2023-03-28 15:26:01,3,33,Landes de Gascogne,33417,Sainte-Hélène,44.9653,-0.9071,2.5,2.5,False,Inconnue,0.0,0.0
2023,2023-03-29 02:38:08,3,33,Landes de Gascogne,33422,Saint-Jean-d'Illac,44.7973,-0.8156,0.15,0.15,False,Inconnue,0.0,0.0
2023,2023-03-29 18:09:00,3,06,Alpes-Maritimes,06023,Breil-sur-Roya,43.9379,7.4996,0.02,0.0,False,Malveillance,,
2023,2023-03-30 12:38:00,3,33,Landes de Gascogne,33273,Martignas-sur-Jalle,44.8451,-0.8006,0.1,0.1,False,Malveillance,0.0,0.0
2023,2023-03-31 15:09:00,3,06,Alpes-Maritimes,06103,Roquebillière,44.0282,7.2885,0.1,0.0,False,Malveillance,,
2023,2023-04-01 03:11:00,4,06,Alpes-Maritimes,06088,Nice,43.7032,7.2528,4.69,4.64,False,Involontaire (particulier),,
2023,2023-04-01 10:53:00,4,06,Alpes-Maritimes,06020,La Bollène-Vésubie,43.9945,7.3749,0.05,0.0,False,Accidentelle,,
2023,2023-04-01 11:02:00,4,06,Alpes-Maritimes,06074,Lantosque,43.9787,7.3121,0.02,0.0,False,Inconnue,,
2023,2023-04-01 14:41:00,4,06,Alpes-Maritimes,06116,Saint-Auban,43.8319,6.7367,9.52,4.12,False,Malveillance,,
2023,2023-04-01 16:00:00,4,06,Alpes-Maritimes,06116,Saint-Auban,43.8319,6.7367,0.15,0.0,False,Inconnue,,
2023,2023-04-01 16:27:00,4,06,Alpes-Maritimes,06088,Nice,43.7032,7.2528,9.12,0.1,False,Inconnue,,
2023,2023-04-01 17:00:00,4,06,Alpes-Maritimes,06116,Saint-Auban,43.8319,6.7367,0.004,0.0,False,Inconnue,,
2023,2023-04-01 18:32:00,4,06,Alpes-Maritimes,06163,Tende,44.0971,7.5499,2.49,2.49,False,Inconnue,0.0,1.0
2023,2023-04-03 13:08:00,4,06,Alpes-Maritimes,06079,Mandelieu-la-Napoule,43.5334,6.918,0.002,0.0,False,Inconnue,,
2023,2023-04-05 15:59:38,4,33,Landes de Gascogne,33540,Vendays-Montalivet,45.3378,-1.0953,0.3,0.3,False,Inconnue,0.0,0.0
2023,2023-04-06 14:06:04,4,33,Landes de Gascogne,33526,Tayac,44.9608,-0.0249,0.08,0.08,False,Involontaire (travaux),0.0,0.0
2023,2023-04-08 11:17:25,4,33,Landes de Gascogne,33320,Petit-Palais-et-Cornemps,44.9823,-0.053,0.02,0.02,False,Malveillance,0.0,0.0
2023,2023-04-08 16:46:00,4,40,Landes de Gascogne,40257,Sainte-Eulalie-en-Born,44.2725,-1.2121,0.201,0.2,False,Accidentelle,0.0,0.0
2023,2023-04-08 17:06:00,4,40,Landes de Gascogne,40234,Pouydesseaux,43.9882,-0.352,0.15,0.15,False,Accidentelle,0.0,0.0
2023,2023-04-09 17:54:42,4,33,Landes de Gascogne,33137,Cours-les-Bains,44.3788,-0.006,1.5,1.5,False,Malveillance,0.0,0.0
2023,2023-04-09 18:44:31,4,33,Landes de Gascogne,33453,Saint-Michel-de-Lapujade,44.586,0.0781,3.0,3.0,False,Inconnue,0.0,0.0
2023,2023-04-12 11:30:00,4,06,Alpes-Maritimes,06137,Spéracèdes,43.652,6.8573,0.04,0.0,False,Involontaire (particulier),,
2023,2023-04-13 14:36:00,4,06,Alpes-Maritimes,06066,Gilette,43.8436,7.1602,0.03,0.0,False,Inconnue,,
2023,2023-04-13 16:04:00,4,06,Alpes-Maritimes,06048,Contes,43.8133,7.3263,0.02,0.0,False,Involontaire (particulier),,
2023,2023-04-13 16:09:00,4,06,Alpes-Maritimes,06081,Le Mas,43.8388,6.8572,0.1,0.0,False,Accidentelle,,
2023,2023-04-16 11:43:00,4,06,Alpes-Maritimes,06162,La Brigue,44.0897,7.6496,0.01,0.0,False,Naturelle,,
2023,2023-04-17 16:48:00,4,06,Alpes-Maritimes,06149,La Trinité,43.7415,7.3413,2.21,2.04,False,Involontaire (particulier),,
2023,2023-04-18 18:11:31,4,33,Landes de Gascogne,33051,Biganos,44.6599,-0.9582,0.06,0.03,False,Accidentelle,0.0,0.0
2023,2023-04-20 12:02:05,4,33,Landes de Gascogne,33300,Naujac-sur-Mer,45.2596,-1.0643,0.5,0.5,False,Accidentelle,0.0,0.0
2023,2023-04-20 13:22:29,4,33,Landes de Gascogne,33159,Étauliers,45.2221,-0.5851,0.3,0.3,False,Inconnue,0.0,0.0
2023,2023-04-20 14:52:00,4,40,Landes de Gascogne,40103,Gaillères,43.9383,-0.3772,0.0001,0.0001,False,Involontaire (particulier),0.0,0.0
2023,2023-04-20 15:49:00,4,40,Landes de Gascogne,40229,Pontenx-les-Forges,44.2554,-1.0914,0.0002,0.0002,False,Accidentelle,0.0,0.0
2023,2023-04-20 18:00:48,4,33,Landes de Gascogne,33214,Lacanau,44.9879,-1.096,0.05,0.05,False,Inconnue,0.0,0.0
2023,2023-04-21 20:02:00,4,40,Landes de Gascogne,40326,Vielle-Saint-Girons,43.9429,-1.3219,0.005,0.005,False,Naturelle,0.0,0.0
2023,2023-04-21 20:08:00,4,40,Landes de Gascogne,40150,Léon,43.8474,-1.2768,0.0001,0.0001,False,Naturelle,0.0,0.0
2023,2023-04-21 20:27:00,4,40,Landes de Gascogne,40276,Saint-Michel-Escalus,43.8752,-1.2475,0.002,0.002,False,Naturelle,0.0,0.0
2023,2023-04-21 20:43:00,4,40,Landes de Gascogne,40310,Soustons,43.754,-1.3305,0.015,0.015,False,Naturelle,0.0,0.0
2023,2023-04-21 20:50:00,4,40,Landes de Gascogne,40046,Biscarrosse,44.4077,-1.1525,0.005,0.005,False,Naturelle,0.0,0.0
2023,2023-04-25 14:03:00,4,06,Alpes-Maritimes,06104,Roquebrune-Cap-Martin,43.7638,7.4576,0.73,0.0,False,Inconnue,0.0,0.0
2023,2023-05-01 17:16:53,5,33,Landes de Gascogne,33268,Margaux-Cantenac,45.0363,-0.6788,0.001,0.001,False,Inconnue,0.0,0.0
2023,2023-05-06 21:45:04,5,33,Landes de Gascogne,33202,Hostens,44.4834,-0.6616,0.04,0.04,False,Inconnue,0.0,0.0
2023,2023-05-07 11:41:00,5,06,Alpes-Maritimes,06106,Roquestéron,43.8696,7.0232,0.01,0.0,False,Involontaire (particulier),,
2023,2023-05-10 14:11:00,5,06,Alpes-Maritimes,06083,Menton,43.7961,7.498,0.05,0.0,False,Involontaire (travaux),,
2023,2023-05-11 15:24:00,5,06,Alpes-Maritimes,06039,Châteauneuf-Villevieille,43.8007,7.2951,0.04,0.0,False,Naturelle,,
2023,2023-05-13 08:47:00,5,06,Alpes-Maritimes,06029,Cannes,43.5454,7.0152,0.001,0.0,False,Naturelle,,
2023,2023-05-15 18:21:51,5,33,Landes de Gascogne,33284,Mios,44.6105,-0.8913,0.02,0.02,False,Inconnue,0.0,0.0
2023,2023-05-17 19:28:00,5,06,Alpes-Maritimes,06109,La Roquette-sur-Var,43.8328,7.2072,0.001,0.001,False,Naturelle,,
2023,2023-05-18 17:55:26,5,33,Landes de Gascogne,33351,Reignac,45.2292,-0.5179,0.4,0.2,False,Inconnue,0.0,0.0
2023,2023-05-19 17:08:51,5,33,Landes de Gascogne,33260,Lugos,44.4782,-0.9241,0.03,0.03,False,Accidentelle,0.0,0.0
2023,2023-05-26 14:49:35,5,33,Landes de Gascogne,33202,Hostens,44.4834,-0.6616,0.2,0.2,False,Naturelle,0.0,0.0
2023,2023-05-27 15:41:00,5,40,Landes de Gascogne,40056,Brocas,44.0533,-0.5446,0.8,0.8,False,Accidentelle,0.0,0.0
2023,2023-05-29 10:09:00,5,40,Landes de Gascogne,40108,Gastes,44.3117,-1.1996,0.05,0.05,False,Naturelle,0.0,0.0
2023,2023-05-29 19:08:33,5,33,Landes de Gascogne,33239,Lerm-et-Musset,44.3354,-0.1579,0.12,0.12,False,Naturelle,0.0,0.0
2023,2023-05-31 10:33:36,5,33,Landes de Gascogne,33255,Lucmau,44.2955,-0.3364,0.01,0.01,False,Naturelle,0.0,0.0
2023,2023-05-31 19:04:52,5,33,Landes de Gascogne,33097,Carcans,45.0794,-1.0404,0.001,0.001,False,Inconnue,0.0,0.0
2023,2023-06-02 20:50:00,6,06,Alpes-Maritimes,06088,Nice,43.7032,7.2528,0.002,0.0,False,Inconnue,,
2023,2023-06-02 21:01:00,6,40,Landes de Gascogne,40046,Biscarrosse,44.4077,-1.1525,0.0002,0.0002,False,Naturelle,0.0,0.0
2023,2023-06-03 22:15:55,6,33,Landes de Gascogne,33042,Belin-Béliet,44.4959,-0.7989,0.8,0.8,False,Naturelle,0.0,0.0
2023,2023-06-04 10:15:18,6,33,Landes de Gascogne,33528,Le Temple,44.8662,-0.9609,0.3,0.3,False,Naturelle,0.0,0.0
2023,2023-06-05 12:56:14,6,33,Landes de Gascogne,33214,Lacanau,44.9879,-1.096,0.1,0.1,False,Naturelle,0.0,0.0
2023,2023-06-05 21:53:00,6,40,Landes de Gascogne,40200,Moustey,44.387,-0.7703,4.58,4.58,False,Naturelle,0.0,0.0
2023,2023-06-06 13:51:00,6,33,Landes de Gascogne,33042,Belin-Béliet,44.4959,-0.7989,0.015,0.015,False,Naturelle,0.0,0.0
2023,2023-06-06 14:27:12,6,33,Landes de Gascogne,33188,Giscos,44.2625,-0.1747,1.5,1.5,False,Naturelle,0.0,0.0
2023,2023-06-07 23:51:48,6,33,Landes de Gascogne,33322,Le Pian-Médoc,44.9555,-0.6737,0.5,0.5,False,Accidentelle,0.0,0.0
2023,2023-06-10 11:18:00,6,06,Alpes-Maritimes,06023,Breil-sur-Roya,43.9379,7.4996,0.025,0.0,False,Involontaire (particulier),,
2023,2023-06-10 13:31:00,6,06,Alpes-Maritimes,06010,Le Bar-sur-Loup,43.6993,6.9674,0.0002,0.0002,False,Naturelle,,
2023,2023-06-10 14:09:00,6,06,Alpes-Maritimes,06138,Théoule-sur-Mer,43.499,6.9303,0.01,0.01,False,Naturelle,,
2023,2023-06-11 13:48:59,6,33,Landes de Gascogne,33256,Ludon-Médoc,44.9814,-0.5903,0.01,0.01,False,Inconnue,0.0,0.0
2023,2023-06-15 11:54:41,6,33,Landes de Gascogne,33214,Lacanau,44.9879,-1.096,0.03,0.03,False,Accidentelle,0.0,0.0
2023,2023-06-15 20:23:00,6,40,Landes de Gascogne,40181,Messanges,43.8086,-1.3629,0.001,0.001,False,Naturelle,0.0,0.0
2023,2023-06-17 17:05:00,6,33,Landes de Gascogne,33424,Saint-Laurent-Médoc,45.1402,-0.8557,0.2,0.2,False,Naturelle,0.0,0.0
2023,2023-06-17 18:11:00,6,33,Landes de Gascogne,33214,Lacanau,44.9879,-1.096,0.05,0.05,False,Naturelle,0.0,0.0
2023,2023-06-17 18:13:00,6,40,Landes de Gascogne,40006,Arengosse,44.0299,-0.7811,0.45,0.45,False,Inconnue,0.0,0.0
2023,2023-06-17 20:00:00,6,33,Landes de Gascogne,33203,Hourtin,45.1831,-1.0534,0.001,0.001,False,Naturelle,0.0,0.0
2023,2023-06-17 20:09:35,6,33,Landes de Gascogne,33203,Hourtin,45.1831,-1.0534,0.005,0.005,False,Naturelle,0.0,0.0
2023,2023-06-18 10:30:34,6,33,Landes de Gascogne,33012,Arsac,44.9869,-0.7018,0.002,0.002,False,Naturelle,0.0,0.0
2023,2023-06-18 19:44:00,6,40,Landes de Gascogne,40091,Duhort-Bachen,43.7158,-0.3182,0.01,0.01,False,Inconnue,0.0,0.0
2023,2023-06-18 20:36:00,6,40,Landes de Gascogne,40288,Sarbazan,44.0125,-0.3202,0.0005,0.0005,False,Naturelle,0.0,0.0
2023,2023-06-19 14:24:01,6,33,Landes de Gascogne,33012,Arsac,44.9869,-0.7018,0.5,0.05,False,Naturelle,0.0,0.0
2023,2023-06-19 15:49:40,6,33,Landes de Gascogne,33494,Salaunes,44.9281,-0.8502,0.002,0.002,False,Naturelle,0.0,0.0
2023,2023-06-20 11:45:00,6,40,Landes de Gascogne,40142,Laluque,43.8533,-0.9816,0.0003,0.0003,False,Accidentelle,0.0,0.0
2023,2023-06-20 13:06:00,6,06,Alpes-Maritimes,06037,Caussols,43.7387,6.9071,0.03,0.0,False,Naturelle,,
2023,2023-06-23 16:35:00,6,06,Alpes-Maritimes,06046,Colomars,43.757,7.2212,0.02,0.0,False,Inconnue,,
2023,2023-06-25 18:34:00,6,06,Alpes-Maritimes,06123,Saint-Laurent-du-Var,43.6865,7.1822,0.01,0.0,False,Inconnue,,
2023,2023-06-27 14:25:00,6,06,Alpes-Maritimes,06085,Mougins,43.5931,7.0046,0.01,0.01,False,Malveillance,,
2023,2023-06-28 16:03:00,6,06,Alpes-Maritimes,06085,Mougins,43.5931,7.0046,0.02,0.02,False,Malveillance,,
2023,2023-06-28 17:25:08,6,33,Landes de Gascogne,33416,Saint-Girons-d'Aiguevives,45.1465,-0.5376,0.2,0.1,False,Accidentelle,0.0,0.0
2023,2023-06-28 19:48:03,6,33,Landes de Gascogne,33184,Générac,45.1769,-0.5481,0.5,0.5,False,Inconnue,0.0,0.0
2023,2023-07-03 14:00:00,7,06,Alpes-Maritimes,06085,Mougins,43.5931,7.0046,0.01,0.0,False,Malveillance,,
2023,2023-07-03 16:00:00,7,06,Alpes-Maritimes,06088,Nice,43.7032,7.2528,0.72,0.0,False,Malveillance,,
2023,2023-07-07 11:32:00,7,33,Landes de Gascogne,33307,Noaillan,44.4812,-0.3698,0.4,0.4,False,Inconnue,0.0,0.0
2023,2023-07-07 16:16:00,7,40,Landes de Gascogne,40262,Saint-Gor,44.0752,-0.2367,0.2,0.2,False,Inconnue,0.0,0.0
2023,2023-07-07 17:56:47,7,33,Landes de Gascogne,33255,Lucmau,44.2955,-0.3364,0.01,0.01,False,Naturelle,0.0,0.0
2023,2023-07-09 11:50:19,7,33,Landes de Gascogne,33095,Captieux,44.2621,-0.2981,0.25,0.25,False,Naturelle,0.0,0.0
2023,2023-07-10 17:30:00,7,06,Alpes-Maritimes,06069,Grasse,43.656,6.937,0.03,0.0,False,Inconnue,,
2023,2023-07-11 02:49:00,7,33,Landes de Gascogne,33529,La Teste-de-Buch,44.586,-1.1809,0.05,0.05,False,Malveillance,,
2023,2023-07-11 18:38:00,7,06,Alpes-Maritimes,06152,Valbonne,43.6267,7.0291,0.003,0.0,False,Inconnue,,
2023,2023-07-11 19:38:12,7,33,Landes de Gascogne,33483,Saint-Sulpice-et-Cameyrac,44.9053,-0.3803,0.01,0.01,False,Inconnue,0.0,0.0
2023,2023-07-12 15:55:00,7,40,Landes de Gascogne,40184,Mimizan,44.1996,-1.2323,0.266,0.266,False,Inconnue,0.0,0.0
2023,2023-07-13 18:18:00,7,40,Landes de Gascogne,40150,Léon,43.8474,-1.2768,0.06,0.06,False,Inconnue,0.0,0.0
2023,2023-07-14 00:25:00,7,06,Alpes-Maritimes,06088,Nice,43.7032,7.2528,0.05,0.0,False,Involontaire (particulier),,
2023,2023-07-14 08:09:00,7,40,Landes de Gascogne,40184,Mimizan,44.1996,-1.2323,0.4,0.4,False,Accidentelle,0.0,0.0
2023,2023-07-17 19:02:00,7,06,Alpes-Maritimes,06030,Le Cannet,43.5745,7.001,0.002,0.0,False,Inconnue,,
2023,2023-07-17 19:51:00,7,40,Landes de Gascogne,40046,Biscarrosse,44.4077,-1.1525,0.0001,0.0001,False,Inconnue,0.0,0.0
2023,2023-07-18 21:31:25,7,33,Landes de Gascogne,33314,Pauillac,45.1983,-0.755,0.0006,0.0006,False,Inconnue,0.0,0.0
2023,2023-07-19 15:38:00,7,06,Alpes-Maritimes,06129,Saint-Sauveur-sur-Tinée,44.1163,7.1226,0.02,0.0,False,Inconnue,,
2023,2023-07-20 16:29:00,7,40,Landes de Gascogne,40221,Perquie,43.8677,-0.2563,0.005,0.005,False,Involontaire (particulier),0.0,0.0
2023,2023-07-24 05:02:00,7,06,Alpes-Maritimes,06047,Conségudes,43.8395,7.0395,0.03,0.0,False,Naturelle,,
2023,2023-07-24 05:28:00,7,06,Alpes-Maritimes,06019,Blausasc,43.7938,7.357,0.002,0.0,False,Naturelle,,
2023,2023-07-24 07:37:00,7,06,Alpes-Maritimes,06132,Saorge,43.9935,7.5403,0.01,0.0,False,Naturelle,,
2023,2023-07-24 11:27:00,7,06,Alpes-Maritimes,06057,L'Escarène,43.8303,7.3665,0.01,0.0,False,Naturelle,,
2023,2023-07-24 13:29:00,7,06,Alpes-Maritimes,06162,La Brigue,44.0897,7.6496,0.01,0.0,False,Naturelle,,
2023,2023-07-24 16:34:00,7,06,Alpes-Maritimes,06081,Le Mas,43.8388,6.8572,0.0015,0.0,False,Naturelle,,
2023,2023-07-24 17:24:00,7,40,Landes de Gascogne,40182,Mézos,44.0848,-1.141,0.4,0.4,False,Inconnue,0.0,0.0
2023,2023-07-25 09:53:00,7,06,Alpes-Maritimes,06001,Aiglun,43.8552,6.9348,0.1,0.0,False,Naturelle,,
2023,2023-07-25 12:04:00,7,06,Alpes-Maritimes,06023,Breil-sur-Roya,43.9379,7.4996,0.2,0.0,False,Naturelle,,
2023,2023-07-25 12:29:00,7,06,Alpes-Maritimes,06009,Bairols,43.9856,7.1174,75.12,70.97,False,Naturelle,,
2023,2023-07-25 15:19:00,7,06,Alpes-Maritimes,06027,Cagnes-sur-Mer,43.6712,7.1502,6.29,2.05,False,Inconnue,,
2023,2023-07-25 19:25:00,7,06,Alpes-Maritimes,06159,Villefranche-sur-Mer,43.7081,7.3243,0.01,0.0,False,Accidentelle,,
2023,2023-07-26 02:11:00,7,06,Alpes-Maritimes,06147,Tourrette-Levens,43.7882,7.275,7.02,0.87,False,Inconnue,,
2023,2023-07-26 17:40:46,7,33,Landes de Gascogne,33393,Saint-Denis-de-Pile,44.9893,-0.1833,0.002,0.001,False,Inconnue,0.0,0.0
2023,2023-07-27 09:38:00,7,06,Alpes-Maritimes,06053,Daluis,44.0426,6.8045,0.02,0.0,False,Inconnue,,
2023,2023-07-27 11:44:00,7,06,Alpes-Maritimes,06120,Saint-Étienne-de-Tinée,44.2597,6.9252,0.0005,0.0,False,Naturelle,,
2023,2023-07-27 15:12:00,7,06,Alpes-Maritimes,06055,Duranus,43.8954,7.2796,0.01,0.0,False,Naturelle,,
2023,2023-07-29 00:16:00,7,33,Landes de Gascogne,33130,Coimères,44.5004,-0.213,0.15,0.15,False,Malveillance,,
2023,2023-07-29 02:52:00,7,40,Landes de Gascogne,40327,Vielle-Soubiran,44.0549,-0.1715,0.6,0.6,False,Malveillance,,
2023,2023-07-30 18:03:00,7,40,Landes de Gascogne,40021,Azur,43.7996,-1.2919,0.0025,0.0025,False,Inconnue,0.0,0.0
2023,2023-07-30 20:35:00,7,40,Landes de Gascogne,40142,Laluque,43.8533,-0.9816,0.0015,0.0015,False,Malveillance,0.0,0.0
2023,2023-08-01 14:53:00,8,06,Alpes-Maritimes,06083,Menton,43.7961,7.498,0.02,0.0,False,Involontaire (particulier),,
2023,2023-08-02 10:24:00,8,06,Alpes-Maritimes,06042,Clans,44.003,7.1827,0.01,0.0,False,Naturelle,,
2023,2023-08-02 14:29:00,8,06,Alpes-Maritimes,06120,Saint-Étienne-de-Tinée,44.2597,6.9252,0.009,0.0,False,Inconnue,,
2023,2023-08-03 16:52:00,8,06,Alpes-Maritimes,06077,Lucéram,43.8997,7.3506,0.02,0.0,False,Inconnue,,
2023,2023-08-04 11:24:00,8,06,Alpes-Maritimes,06076,Lieuche,44.0001,7.0361,1.08,0.24,False,Inconnue,,
2023,2023-08-04 13:59:00,8,06,Alpes-Maritimes,06037,Caussols,43.7387,6.9071,0.05,0.0,False,Naturelle,,
2023,2023-08-06 15:06:00,8,06,Alpes-Maritimes,06023,Breil-sur-Roya,43.9379,7.4996,0.001,0.0,False,Involontaire (particulier),,
2023,2023-08-07 10:22:00,8,06,Alpes-Maritimes,06088,Nice,43.7032,7.2528,0.2,0.0,False,Inconnue,,
2023,2023-08-09 17:56:00,8,40,Landes de Gascogne,40233,Pouillon,43.6067,-1.0,0.6,0.6,False,Inconnue,0.0,0.0
2023,2023-08-10 00:14:00,8,40,Landes de Gascogne,40040,Beylongue,43.9201,-0.82,13.48,13.48,False,Naturelle,0.0,0.0
2023,2023-08-10 01:06:00,8,40,Landes de Gascogne,40150,Léon,43.8474,-1.2768,6.0,6.0,False,Naturelle,0.0,0.0
2023,2023-08-10 01:07:00,8,40,Landes de Gascogne,40031,Bégaar,43.8305,-0.869,2.631,2.631,False,Naturelle,0.0,0.0
2023,2023-08-10 01:35:00,8,40,Landes de Gascogne,40180,Meilhan,43.8685,-0.6966,0.2,0.2,False,Inconnue,0.0,0.0
2023,2023-08-10 05:48:00,8,40,Landes de Gascogne,40165,Luglon,44.0807,-0.7306,41.393,41.393,False,Naturelle,,
2023,2023-08-10 08:07:00,8,40,Landes de Gascogne,40123,Herm,43.8013,-1.1332,0.25,0.25,False,Naturelle,0.0,0.0
2023,2023-08-10 10:42:52,8,33,Landes de Gascogne,33260,Lugos,44.4782,-0.9241,0.15,0.15,False,Malveillance,0.0,0.0
2023,2023-08-10 12:05:00,8,06,Alpes-Maritimes,06118,Saint-Cézaire-sur-Siagne,43.6592,6.8049,0.007,0.0,False,Inconnue,,
2023,2023-08-10 17:20:00,8,33,Landes de Gascogne,33351,Reignac,45.2292,-0.5179,1.0,1.0,False,Malveillance,,
2023,2023-08-10 17:27:00,8,33,Landes de Gascogne,33001,Abzac,45.0123,-0.1281,0.03,0.015,False,Malveillance,,
2023,2023-08-10 17:57:22,8,33,Landes de Gascogne,33380,Val-de-Livenne,45.276,-0.5099,0.1,0.1,False,Malveillance,0.0,0.0
2023,2023-08-10 17:57:22,8,33,Landes de Gascogne,33380,Val-de-Livenne,45.276,-0.5099,0.4,0.4,False,Malveillance,0.0,0.0
2023,2023-08-10 17:57:22,8,33,Landes de Gascogne,33380,Val-de-Livenne,45.276,-0.5099,0.5,0.5,False,Malveillance,0.0,0.0
2023,2023-08-10 18:39:00,8,33,Landes de Gascogne,33505,La Sauve,44.7643,-0.316,0.005,0.005,False,Malveillance,0.0,0.0
2023,2023-08-10 19:00:00,8,40,Landes de Gascogne,40103,Gaillères,43.9383,-0.3772,0.3,0.3,False,Naturelle,,
2023,2023-08-11 02:37:00,8,33,Landes de Gascogne,33382,Saint-Christoly-de-Blaye,45.1499,-0.4967,0.15,0.15,False,Malveillance,,
2023,2023-08-13 23:40:00,8,40,Landes de Gascogne,40246,Sabres,44.1532,-0.7332,0.0995,0.0995,False,Inconnue,0.0,0.0
2023,2023-08-14 00:29:00,8,40,Landes de Gascogne,40085,Commensacq,44.2082,-0.8272,0.3,0.3,False,Naturelle,0.0,0.0
2023,2023-08-14 00:37:00,8,33,Landes de Gascogne,33180,Gans,44.4539,-0.1314,0.05,0.05,False,Naturelle,0.0,0.0
2023,2023-08-14 08:07:28,8,33,Landes de Gascogne,33205,Illats,44.6087,-0.3797,0.1,0.1,False,Accidentelle,0.0,0.0
2023,2023-08-14 08:37:21,8,33,Landes de Gascogne,33491,Saint-Vivien-de-Monségur,44.6167,0.1208,0.002,0.002,False,Naturelle,0.0,0.0
2023,2023-08-14 10:43:00,8,06,Alpes-Maritimes,06153,Valdeblore,44.1152,7.1949,0.004,0.004,False,Naturelle,,
2023,2023-08-14 14:00:00,8,40,Landes de Gascogne,40085,Commensacq,44.2082,-0.8272,0.37,0.37,False,Naturelle,0.0,0.0
2023,2023-08-14 15:14:45,8,33,Landes de Gascogne,33190,Goualade,44.3182,-0.1252,1.0,1.0,False,Naturelle,0.0,0.0
2023,2023-08-14 15:35:00,8,40,Landes de Gascogne,40149,Lencouacq,44.1482,-0.3856,0.4,0.4,False,Naturelle,0.0,0.0
2023,2023-08-15 00:42:00,8,40,Landes de Gascogne,40311,Taller,43.88,-1.0621,0.001,0.001,False,Naturelle,0.0,0.0
2023,2023-08-15 08:02:00,8,40,Landes de Gascogne,40046,Biscarrosse,44.4077,-1.1525,0.001,0.001,False,Naturelle,0.0,0.0
2023,2023-08-15 19:52:00,8,06,Alpes-Maritimes,06071,Guillaumes,44.1007,6.8673,0.007,0.007,False,Naturelle,,
2023,2023-08-16 00:22:00,8,06,Alpes-Maritimes,06152,Valbonne,43.6267,7.0291,0.002,0.0,False,Inconnue,,
2023,2023-08-17 13:18:45,8,33,Landes de Gascogne,33237,Léogeats,44.5053,-0.3648,1.5,1.5,False,Inconnue,0.0,0.0
2023,2023-08-18 10:53:00,8,40,Landes de Gascogne,40192,Mont-de-Marsan,43.8931,-0.5009,0.0001,0.0001,False,Inconnue,0.0,0.0
2023,2023-08-18 13:02:00,8,33,Landes de Gascogne,33190,Goualade,44.3182,-0.1252,2.5,2.5,False,Naturelle,0.0,0.0
2023,2023-08-18 18:33:00,8,33,Landes de Gascogne,33383,Saint-Christoly-Médoc,45.3673,-0.8139,0.001,0.001,False,Accidentelle,0.0,0.0
2023,2023-08-19 03:33:00,8,06,Alpes-Maritimes,06048,Contes,43.8133,7.3263,0.01,0.0,False,Inconnue,,
2023,2023-08-19 16:36:38,8,33,Landes de Gascogne,33393,Saint-Denis-de-Pile,44.9893,-0.1833,0.2,0.1,False,Accidentelle,0.0,0.0
2023,2023-08-20 18:07:00,8,40,Landes de Gascogne,40332,Ychoux,44.3545,-0.9643,0.006,0.006,False,Naturelle,0.0,0.0
2023,2023-08-21 05:44:07,8,33,Landes de Gascogne,33155,Escaudes,44.3174,-0.2043,5.6,5.6,False,Inconnue,0.0,0.0
2023,2023-08-21 22:23:51,8,33,Landes de Gascogne,33363,Sadirac,44.787,-0.3925,0.04,0.04,False,Inconnue,0.0,0.0
2023,2023-08-22 15:50:11,8,33,Landes de Gascogne,33424,Saint-Laurent-Médoc,45.1402,-0.8557,0.3,0.3,False,Inconnue,0.0,0.0
2023,2023-08-22 16:26:00,8,06,Alpes-Maritimes,06067,Gorbio,43.787,7.4476,0.02,0.0,False,Accidentelle,,
2023,2023-08-22 17:03:00,8,40,Landes de Gascogne,40206,Oeyregave,43.5264,-1.1001,0.001,0.001,False,Inconnue,0.0,0.0
2023,2023-08-22 17:30:00,8,33,Landes de Gascogne,33393,Saint-Denis-de-Pile,44.9893,-0.1833,0.09,0.09,False,Malveillance,,
2023,2023-08-22 20:57:00,8,33,Landes de Gascogne,33122,Cestas,44.7274,-0.7349,0.5,0.5,False,Malveillance,,
2023,2023-08-23 16:49:00,8,40,Landes de Gascogne,40165,Luglon,44.0807,-0.7306,1.5,1.5,False,Inconnue,0.0,0.0
2023,2023-08-23 18:07:00,8,40,Landes de Gascogne,40142,Laluque,43.8533,-0.9816,0.07,0.07,False,Accidentelle,,
2023,2023-08-23 18:11:00,8,40,Landes de Gascogne,40243,Rion-des-Landes,43.9318,-0.9436,4.08,4.08,False,Accidentelle,0.0,0.0
2023,2023-08-24 12:55:00,8,40,Landes de Gascogne,40158,Losse,44.0948,-0.0933,3.7,3.7,False,Accidentelle,0.0,0.0
2023,2023-08-25 01:42:34,8,33,Landes de Gascogne,33095,Captieux,44.2621,-0.2981,0.25,0.25,False,Naturelle,0.0,0.0
2023,2023-08-25 04:04:00,8,40,Landes de Gascogne,40164,Retjons,44.1399,-0.2929,0.59,0.59,False,Naturelle,0.0,0.0
2023,2023-08-25 11:52:00,8,06,Alpes-Maritimes,06154,Valderoure,43.7943,6.7038,0.05,0.0,False,Accidentelle,0.0,0.0
2023,2023-08-25 13:23:00,8,33,Landes de Gascogne,33555,Marcheprime,44.7033,-0.8557,0.1,0.1,False,Naturelle,0.0,0.0
2023,2023-08-25 13:27:00,8,40,Landes de Gascogne,40261,Saint-Geours-de-Maremne,43.6854,-1.2348,0.01,0.01,False,Naturelle,0.0,0.0
2023,2023-08-25 14:54:00,8,06,Alpes-Maritimes,06079,Mandelieu-la-Napoule,43.5334,6.918,0.01,0.0,False,Inconnue,,
2023,2023-08-25 17:19:00,8,06,Alpes-Maritimes,06111,Roure,44.1139,7.0603,0.3,0.0,False,Inconnue,,
2023,2023-08-25 20:11:00,8,40,Landes de Gascogne,40135,Labrit,44.1269,-0.5557,0.37,0.37,False,Naturelle,0.0,0.0
2023,2023-08-26 12:26:00,8,06,Alpes-Maritimes,06157,Vence,43.7373,7.0995,4.75,0.08,False,Inconnue,,
2023,2023-09-01 23:11:00,9,40,Landes de Gascogne,40064,Canenx-et-Réaut,44.0024,-0.4602,0.043,0.043,False,Naturelle,0.0,0.0
2023,2023-09-02 09:00:00,9,40,Landes de Gascogne,40165,Luglon,44.0807,-0.7306,0.0002,0.0002,False,Naturelle,0.0,0.0
2023,2023-09-03 20:22:40,9,33,Landes de Gascogne,33376,Saint-Aubin-de-Médoc,44.9343,-0.7478,0.0031,0.0001,False,Accidentelle,0.0,0.0
2023,2023-09-04 14:28:30,9,33,Landes de Gascogne,33220,Lamarque,45.0961,-0.718,4.0,4.0,False,Inconnue,0.0,0.0
2023,2023-09-05 23:43:36,9,33,Landes de Gascogne,33012,Arsac,44.9869,-0.7018,0.2,0.2,False,Inconnue,0.0,0.0
2023,2023-09-06 19:43:47,9,33,Landes de Gascogne,33312,Parempuyre,44.9548,-0.5844,0.003,0.003,False,Inconnue,0.0,0.0
2023,2023-09-06 19:43:47,9,33,Landes de Gascogne,33312,Parempuyre,44.9548,-0.5844,0.007,0.007,False,Inconnue,0.0,0.0
2023,2023-09-06 19:43:47,9,33,Landes de Gascogne,33312,Parempuyre,44.9548,-0.5844,0.01,0.01,False,Inconnue,0.0,0.0
2023,2023-09-06 19:46:00,9,40,Landes de Gascogne,40319,Trensacq,44.232,-0.7015,0.21,0.21,False,Accidentelle,0.0,0.0
2023,2023-09-07 13:09:00,9,40,Landes de Gascogne,40187,Moliets-et-Maa,43.8626,-1.3589,0.005,0.005,False,Inconnue,0.0,0.0
2023,2023-09-07 14:06:59,9,33,Landes de Gascogne,33498,Salles,44.536,-0.8899,0.02,0.02,False,Accidentelle,0.0,0.0
2023,2023-09-07 15:22:44,9,33,Landes de Gascogne,33142,Cubnezais,45.0744,-0.4202,1.6,1.6,False,Inconnue,0.0,0.0
2023,2023-09-07 16:31:29,9,33,Landes de Gascogne,33098,Cardan,44.6828,-0.3226,0.02,0.02,False,Inconnue,0.0,0.0
2023,2023-09-08 14:41:00,9,06,Alpes-Maritimes,06030,Le Cannet,43.5745,7.001,0.1,0.0,False,Malveillance,0.0,0.0
2023,2023-09-08 14:59:00,9,06,Alpes-Maritimes,06084,Mouans-Sartoux,43.6192,6.9677,0.2,0.0,False,Inconnue,,
2023,2023-09-10 01:17:00,9,40,Landes de Gascogne,40283,Saint-Vincent-de-Paul,43.7726,-0.9965,8.0,8.0,False,Accidentelle,0.0,0.0
2023,2023-09-10 14:24:00,9,40,Landes de Gascogne,40266,Saint-Julien-en-Born,44.0854,-1.2551,0.01,0.01,False,Naturelle,0.0,0.0
2023,2023-09-11 16:00:00,9,40,Landes de Gascogne,40259,Saint-Gein,43.832,-0.3039,0.4,0.4,False,Accidentelle,0.0,0.0
2023,2023-09-11 21:06:00,9,40,Landes de Gascogne,40238,Pujo-le-Plan,43.8608,-0.3444,0.015,0.015,False,Naturelle,0.0,0.0
2023,2023-09-11 22:19:00,9,40,Landes de Gascogne,40221,Perquie,43.8677,-0.2563,0.001,0.001,False,Naturelle,0.0,0.0
2023,2023-09-12 09:52:00,9,40,Landes de Gascogne,40158,Losse,44.0948,-0.0933,0.0001,0.0001,False,Naturelle,0.0,0.0
2023,2023-09-13 18:17:00,9,06,Alpes-Maritimes,06018,Biot,43.6273,7.0821,0.002,0.002,False,Naturelle,,
2023,2023-09-13 18:34:12,9,33,Landes de Gascogne,33190,Goualade,44.3182,-0.1252,0.02,0.02,False,Naturelle,0.0,0.0
2023,2023-09-14 14:04:00,9,40,Landes de Gascogne,40158,Losse,44.0948,-0.0933,0.07,0.07,False,Naturelle,0.0,0.0
2023,2023-09-14 14:25:40,9,33,Landes de Gascogne,33077,Cabanac-et-Villagrains,44.5889,-0.5412,0.5,0.5,False,Naturelle,0.0,0.0
2023,2023-09-14 15:10:07,9,33,Landes de Gascogne,33452,Saint-Michel-de-Rieufret,44.6273,-0.4453,1.5,1.5,False,Naturelle,0.0,0.0
2023,2023-09-14 16:14:00,9,06,Alpes-Maritimes,06074,Lantosque,43.9787,7.3121,0.1,0.1,False,Naturelle,,
2023,2023-09-15 07:39:00,9,06,Alpes-Maritimes,06144,La Tour,43.9645,7.196,1.13,0.09,False,Naturelle,,
2023,2023-09-18 15:09:00,9,40,Landes de Gascogne,40230,Pontonx-sur-l'Adour,43.7927,-0.9367,4.046,4.046,False,Inconnue,0.0,0.0
2023,2023-09-19 11:06:00,9,06,Alpes-Maritimes,06043,Coaraze,43.8693,7.3014,0.02,0.0,False,Naturelle,,
2023,2023-09-20 07:42:10,9,33,Landes de Gascogne,33328,Pomerol,44.9306,-0.2019,0.005,0.005,False,Malveillance,0.0,0.0
2023,2023-09-25 16:26:00,9,40,Landes de Gascogne,40313,Tartas,43.8156,-0.7791,0.002,0.002,False,Accidentelle,0.0,0.0
2023,2023-09-25 17:06:00,9,40,Landes de Gascogne,40310,Soustons,43.754,-1.3305,0.412,0.412,False,Inconnue,0.0,0.0
2023,2023-09-25 23:32:27,9,33,Landes de Gascogne,33029,Le Barp,44.6297,-0.7437,0.005,0.005,False,Inconnue,0.0,0.0
2023,2023-09-26 18:43:43,9,33,Landes de Gascogne,33380,Val-de-Livenne,45.276,-0.5099,0.001,0.001,False,Malveillance,0.0,0.0
2023,2023-09-26 18:43:43,9,33,Landes de Gascogne,33380,Val-de-Livenne,45.276,-0.5099,0.02,0.02,False,Malveillance,0.0,0.0
2023,2023-09-29 22:47:00,9,40,Landes de Gascogne,40192,Mont-de-Marsan,43.8931,-0.5009,0.005,0.005,False,Accidentelle,0.0,0.0
2023,2023-10-03 00:09:00,10,33,Landes de Gascogne,33529,La Teste-de-Buch,44.586,-1.1809,1.2,0.6,False,Malveillance,,
2023,2023-10-04 01:52:00,10,40,Landes de Gascogne,40192,Mont-de-Marsan,43.8931,-0.5009,0.1,0.1,False,Inconnue,0.0,0.0
2023,2023-10-04 12:02:00,10,06,Alpes-Maritimes,06018,Biot,43.6273,7.0821,0.03,0.0,False,Involontaire (travaux),,
2023,2023-10-05 16:17:00,10,40,Landes de Gascogne,40230,Pontonx-sur-l'Adour,43.7927,-0.9367,0.0001,0.0001,False,Inconnue,0.0,0.0
2023,2023-10-07 19:20:43,10,33,Landes de Gascogne,33057,Blasimon,44.7523,-0.0895,0.1,0.1,False,Inconnue,0.0,0.0
2023,2023-10-08 11:03:45,10,33,Landes de Gascogne,33496,Sallebœuf,44.8423,-0.392,0.001,0.001,False,Inconnue,0.0,0.0
2023,2023-10-08 14:06:00,10,33,Landes de Gascogne,33498,Salles,44.536,-0.8899,8.4,0.4,False,Inconnue,0.0,0.0
2023,2023-10-08 14:15:00,10,40,Landes de Gascogne,40287,Sanguinet,44.4776,-1.0903,0.4,0.4,False,Accidentelle,0.0,0.0
2023,2023-10-08 18:25:03,10,33,Landes de Gascogne,33506,Sauveterre-de-Guyenne,44.701,-0.0727,0.005,0.005,False,Inconnue,0.0,0.0
2023,2023-10-08 19:43:00,10,40,Landes de Gascogne,40332,Ychoux,44.3545,-0.9643,0.01,0.01,False,Inconnue,0.0,0.0
2023,2023-10-09 16:11:00,10,40,Landes de Gascogne,40310,Soustons,43.754,-1.3305,0.05,0.05,False,Inconnue,0.0,0.0
2023,2023-10-12 09:26:00,10,40,Landes de Gascogne,40040,Beylongue,43.9201,-0.82,0.1,0.1,False,Accidentelle,0.0,0.0
2023,2023-10-14 17:48:00,10,40,Landes de Gascogne,40200,Moustey,44.387,-0.7703,0.0002,0.0002,False,Inconnue,0.0,0.0
2023,2023-10-14 20:39:00,10,06,Alpes-Maritimes,06022,Bouyon,43.8272,7.125,6.75,5.46,False,Inconnue,,
2023,2023-10-15 14:10:00,10,40,Landes de Gascogne,40332,Ychoux,44.3545,-0.9643,0.001,0.001,False,Inconnue,0.0,0.0
2023,2023-10-18 20:16:00,10,40,Landes de Gascogne,40245,Roquefort,44.0378,-0.3287,0.001,0.001,False,Inconnue,0.0,0.0
2023,2023-11-24 11:43:00,11,06,Alpes-Maritimes,06116,Saint-Auban,43.8319,6.7367,0.005,0.0,False,Involontaire (particulier),,
2023,2023-12-22 12:29:00,12,06,Alpes-Maritimes,06049,Courmes,43.7514,7.0196,7.0,0.0,False,Malveillance,,
2023,2023-12-23 12:05:00,12,06,Alpes-Maritimes,06003,Andon,43.7755,6.8211,1.5,0.0,False,Accidentelle,,
2023,2023-12-27 00:12:00,12,06,Alpes-Maritimes,06059,Èze,43.7299,7.3566,0.05,0.0,False,Involontaire (particulier),,
2024,2024-01-22 11:48:00,1,06,Alpes-Maritimes,06049,Courmes,43.7514,7.0196,4.16,0.0,False,Inconnue,,
2024,2024-01-29 15:19:00,1,40,Landes de Gascogne,40184,Mimizan,44.1996,-1.2323,0.0001,0.0001,False,Involontaire (particulier),0.0,0.0
2024,2024-01-30 13:32:00,1,06,Alpes-Maritimes,06135,Sigale,43.8742,6.9652,0.2,0.0,False,Inconnue,,
2024,2024-01-31 17:35:00,1,40,Landes de Gascogne,40281,Saint-Pierre-du-Mont,43.8725,-0.52,0.0003,0.0001,False,Inconnue,0.0,0.0
2024,2024-02-02 13:45:00,2,06,Alpes-Maritimes,06050,Coursegoules,43.7898,7.0384,0.08,0.0,False,Inconnue,,
2024,2024-02-07 14:36:00,2,40,Landes de Gascogne,40283,Saint-Vincent-de-Paul,43.7726,-0.9965,0.01,0.01,False,Malveillance,0.0,0.0
2024,2024-02-08 11:35:00,2,06,Alpes-Maritimes,06050,Coursegoules,43.7898,7.0384,0.07,0.0,False,Inconnue,,
2024,2024-02-08 15:35:00,2,06,Alpes-Maritimes,06156,Venanson,44.0412,7.2386,8.32,4.43,False,Malveillance,,
2024,2024-02-08 15:35:00,2,06,Alpes-Maritimes,06156,Venanson,44.0412,7.2386,7.9333,2.629,False,Malveillance,,
2024,2024-02-08 15:35:00,2,06,Alpes-Maritimes,06156,Venanson,44.0412,7.2386,1.4,0.47,False,Malveillance,,
2024,2024-02-18 12:04:00,2,06,Alpes-Maritimes,06050,Coursegoules,43.7898,7.0384,0.2,0.0,False,Malveillance,,
2024,2024-02-21 10:11:00,2,06,Alpes-Maritimes,06031,Cantaron,43.7694,7.3147,0.5,0.0,False,Accidentelle,,
2024,2024-03-07 15:48:00,3,06,Alpes-Maritimes,06074,Lantosque,43.9787,7.3121,0.25,0.0,False,Inconnue,,
2024,2024-03-16 08:00:00,3,40,Landes de Gascogne,40227,Pissos,44.3012,-0.7906,0.005,0.005,False,Involontaire (travaux),0.0,0.0
2024,2024-03-16 15:07:00,3,06,Alpes-Maritimes,06163,Tende,44.0971,7.5499,0.005,0.0,False,Involontaire (particulier),,
2024,2024-03-18 07:06:00,3,40,Landes de Gascogne,40312,Tarnos,43.5338,-1.4717,0.005,0.005,False,Accidentelle,0.0,0.0
2024,2024-03-18 15:24:00,3,40,Landes de Gascogne,40134,Labouheyre,44.2243,-0.9107,0.4483,0.4483,False,Accidentelle,0.0,0.0
2024,2024-03-25 15:08:00,3,40,Landes de Gascogne,40224,Peyrehorade,43.5612,-1.1106,0.0001,0.0001,False,Inconnue,0.0,0.0
2024,2024-04-04 14:36:00,4,40,Landes de Gascogne,40155,Linxe,43.9287,-1.2195,0.05,0.05,False,Inconnue,0.0,1.0
2024,2024-04-04 20:05:00,4,40,Landes de Gascogne,40134,Labouheyre,44.2243,-0.9107,0.0002,0.0002,False,Involontaire (particulier),0.0,0.0
2024,2024-04-08 16:28:00,4,06,Alpes-Maritimes,06049,Courmes,43.7514,7.0196,0.3,0.0,False,Malveillance,,
2024,2024-04-20 16:28:45,4,33,Landes de Gascogne,33519,Le Taillan-Médoc,44.9123,-0.6785,1.5,1.5,False,Inconnue,0.0,0.0
2024,2024-04-22 18:42:47,4,33,Landes de Gascogne,33480,Saint-Sulpice-de-Faleyrens,44.8614,-0.1893,0.005,0.005,False,Inconnue,0.0,0.0
2024,2024-04-25 12:48:00,4,06,Alpes-Maritimes,06031,Cantaron,43.7694,7.3147,0.01,0.0,False,Involontaire (travaux),,
2024,2024-05-11 20:50:00,5,40,Landes de Gascogne,40154,Lévignacq,44.0128,-1.1452,0.3,0.3,False,Naturelle,0.0,0.0
2024,2024-05-12 15:34:00,5,40,Landes de Gascogne,40227,Pissos,44.3012,-0.7906,0.005,0.005,False,Naturelle,0.0,0.0
2024,2024-05-12 16:35:00,5,40,Landes de Gascogne,40182,Mézos,44.0848,-1.141,0.0001,0.0001,False,Inconnue,0.0,0.0
2024,2024-05-17 15:57:00,5,40,Landes de Gascogne,40065,Capbreton,43.6311,-1.4289,0.0053,0.005,False,Accidentelle,0.0,0.0
2024,2024-05-30 17:48:24,5,33,Landes de Gascogne,33466,Saint-Quentin-de-Baron,44.8175,-0.2811,0.0001,0.0001,False,Inconnue,0.0,0.0
2024,2024-06-03 16:17:00,6,40,Landes de Gascogne,40123,Herm,43.8013,-1.1332,0.0118,0.0118,False,Inconnue,0.0,0.0
2024,2024-06-05 11:29:34,6,33,Landes de Gascogne,33239,Lerm-et-Musset,44.3354,-0.1579,0.02,0.02,False,Inconnue,0.0,0.0
2024,2024-06-12 20:37:00,6,06,Alpes-Maritimes,06079,Mandelieu-la-Napoule,43.5334,6.918,0.1,0.0,False,Accidentelle,,
2024,2024-06-13 06:24:00,6,33,Landes de Gascogne,33540,Vendays-Montalivet,45.3378,-1.0953,1.5,1.5,False,Involontaire (particulier),,
2024,2024-06-13 14:37:37,6,33,Landes de Gascogne,33284,Mios,44.6105,-0.8913,1.0,1.0,False,Inconnue,0.0,0.0
2024,2024-06-17 15:07:00,6,40,Landes de Gascogne,40179,Mées,43.7106,-1.1291,0.0101,0.0001,False,Inconnue,0.0,0.0
2024,2024-06-24 15:38:00,6,40,Landes de Gascogne,40200,Moustey,44.387,-0.7703,0.3,0.3,False,Inconnue,0.0,0.0
2024,2024-06-28 11:56:47,6,33,Landes de Gascogne,33284,Mios,44.6105,-0.8913,0.25,0.25,False,Inconnue,0.0,0.0
2024,2024-07-01 13:11:00,7,33,Landes de Gascogne,33057,Blasimon,44.7523,-0.0895,0.02,0.02,False,Inconnue,0.0,0.0
2024,2024-07-03 12:19:00,7,40,Landes de Gascogne,40327,Vielle-Soubiran,44.0549,-0.1715,0.8,0.8,False,Accidentelle,0.0,0.0
2024,2024-07-03 15:24:50,7,33,Landes de Gascogne,33450,Saint-Michel-de-Castelnau,44.2882,-0.0939,0.1,0.1,False,Inconnue,0.0,0.0
2024,2024-07-07 18:30:00,7,33,Landes de Gascogne,33056,Blanquefort,44.9216,-0.61,0.01,0.01,False,Malveillance,0.0,0.0
2024,2024-07-08 12:24:00,7,33,Landes de Gascogne,33214,Lacanau,44.9879,-1.096,0.2,0.2,False,Involontaire (particulier),,
2024,2024-07-09 10:11:00,7,06,Alpes-Maritimes,06120,Saint-Étienne-de-Tinée,44.2597,6.9252,0.0025,0.0,False,Malveillance,,
2024,2024-07-10 18:20:00,7,06,Alpes-Maritimes,06154,Valderoure,43.7943,6.7038,0.0025,0.0,False,Involontaire (particulier),,
2024,2024-07-13 17:58:00,7,33,Landes de Gascogne,33417,Sainte-Hélène,44.9653,-0.9071,0.15,0.15,False,Inconnue,0.0,0.0
2024,2024-07-14 00:58:45,7,33,Landes de Gascogne,33376,Saint-Aubin-de-Médoc,44.9343,-0.7478,0.004,0.002,False,Malveillance,0.0,0.0
2024,2024-07-14 14:14:00,7,06,Alpes-Maritimes,06132,Saorge,43.9935,7.5403,0.05,0.0,False,Involontaire (particulier),,
2024,2024-07-15 00:42:00,7,06,Alpes-Maritimes,06092,Peillon,43.7727,7.3668,2.49,2.49,False,Involontaire (particulier),,
2024,2024-07-17 20:50:00,7,06,Alpes-Maritimes,06105,Roquefort-les-Pins,43.6723,7.0565,0.001,0.0,False,Involontaire (particulier),,
2024,2024-07-18 04:04:00,7,06,Alpes-Maritimes,06152,Valbonne,43.6267,7.0291,0.005,0.0,False,Inconnue,,
2024,2024-07-22 14:05:00,7,06,Alpes-Maritimes,06079,Mandelieu-la-Napoule,43.5334,6.918,0.36,0.26,False,Malveillance,0.0,0.0
2024,2024-07-26 10:59:37,7,33,Landes de Gascogne,33203,Hourtin,45.1831,-1.0534,0.01,0.01,False,Accidentelle,0.0,0.0
2024,2024-07-28 09:09:00,7,40,Landes de Gascogne,40295,Saugnac-et-Muret,44.3893,-0.8494,0.0102,0.01,False,Naturelle,0.0,0.0
2024,2024-07-29 14:50:20,7,33,Landes de Gascogne,33177,Gaillan-en-Médoc,45.3135,-0.9946,0.2,0.2,False,Inconnue,0.0,0.0
2024,2024-07-29 15:38:00,7,06,Alpes-Maritimes,06025,Le Broc,43.8146,7.1621,0.09,0.0,False,Inconnue,,
2024,2024-07-29 16:02:00,7,40,Landes de Gascogne,40310,Soustons,43.754,-1.3305,0.4109,0.4104,False,Inconnue,0.0,0.0
2024,2024-08-01 16:35:00,8,40,Landes de Gascogne,40111,Geloux,43.9784,-0.6374,0.11,0.11,False,Inconnue,0.0,0.0
2024,2024-08-02 10:49:06,8,33,Landes de Gascogne,33199,Gujan-Mestras,44.5758,-1.0813,0.001,0.001,False,Inconnue,0.0,0.0
2024,2024-08-05 15:44:00,8,06,Alpes-Maritimes,06158,Villars-sur-Var,43.9564,7.076,0.05,0.0,False,Naturelle,,
2024,2024-08-06 19:42:14,8,33,Landes de Gascogne,33144,Cudos,44.3786,-0.1841,0.015,0.015,False,Inconnue,0.0,0.0
2024,2024-08-10 14:47:00,8,06,Alpes-Maritimes,06058,Escragnolles,43.7236,6.7758,0.03,0.0,False,Involontaire (particulier),,
2024,2024-08-10 16:16:00,8,40,Landes de Gascogne,40123,Herm,43.8013,-1.1332,7.6196,7.6196,False,Involontaire (travaux),0.0,0.0
2024,2024-08-13 02:17:05,8,33,Landes de Gascogne,33236,Lège-Cap-Ferret,44.7452,-1.174,0.01,0.01,False,Inconnue,0.0,0.0
2024,2024-08-14 15:16:00,8,06,Alpes-Maritimes,06163,Tende,44.0971,7.5499,0.1,0.0,False,Naturelle,,
2024,2024-08-15 03:15:14,8,33,Landes de Gascogne,33454,Saint-Morillon,44.6387,-0.5232,1.5,1.5,False,Inconnue,0.0,0.0
2024,2024-08-15 06:57:00,8,06,Alpes-Maritimes,06112,Le Rouret,43.6803,7.0081,0.002,0.0,False,Naturelle,,
2024,2024-08-15 07:55:00,8,06,Alpes-Maritimes,06015,Berre-les-Alpes,43.8342,7.3306,0.07,0.0,False,Naturelle,,
2024,2024-08-15 08:39:00,8,06,Alpes-Maritimes,06035,Castellar,43.8227,7.4989,0.015,0.0,False,Naturelle,,
2024,2024-08-15 08:46:00,8,06,Alpes-Maritimes,06023,Breil-sur-Roya,43.9379,7.4996,0.001,0.0,False,Naturelle,,
2024,2024-08-15 08:50:00,8,06,Alpes-Maritimes,06069,Grasse,43.656,6.937,0.005,0.0,False,Naturelle,,
2024,2024-08-15 10:48:00,8,06,Alpes-Maritimes,06083,Menton,43.7961,7.498,0.001,0.0,False,Inconnue,,
2024,2024-08-15 10:56:00,8,06,Alpes-Maritimes,06057,L'Escarène,43.8303,7.3665,0.003,0.0,False,Naturelle,,
2024,2024-08-15 12:14:00,8,06,Alpes-Maritimes,06034,Castagniers,43.79,7.2298,0.28,0.28,False,Naturelle,,
2024,2024-08-15 13:04:00,8,06,Alpes-Maritimes,06079,Mandelieu-la-Napoule,43.5334,6.918,0.002,0.0,False,Naturelle,,
2024,2024-08-15 15:44:00,8,06,Alpes-Maritimes,06003,Andon,43.7755,6.8211,0.02,0.02,False,Naturelle,,
2024,2024-08-16 20:40:29,8,33,Landes de Gascogne,33499,Les Salles-de-Castillon,44.9117,0.0058,0.03,0.03,False,Inconnue,0.0,0.0
2024,2024-08-17 11:55:00,8,06,Alpes-Maritimes,06136,Sospel,43.8872,7.4493,0.001,0.0,False,Inconnue,,
2024,2024-08-19 18:53:00,8,40,Landes de Gascogne,40310,Soustons,43.754,-1.3305,0.2,0.2,False,Inconnue,0.0,0.0
2024,2024-08-22 16:52:00,8,40,Landes de Gascogne,40310,Soustons,43.754,-1.3305,0.7094,0.7094,False,Malveillance,,
2024,2024-08-23 13:47:00,8,06,Alpes-Maritimes,06129,Saint-Sauveur-sur-Tinée,44.1163,7.1226,0.02,0.02,False,Naturelle,,
2024,2024-08-24 10:05:59,8,33,Landes de Gascogne,33029,Le Barp,44.6297,-0.7437,0.01,0.01,False,Inconnue,0.0,0.0
2024,2024-08-24 13:36:57,8,33,Landes de Gascogne,33151,Donnezac,45.2397,-0.4468,2.0,2.0,False,Accidentelle,0.0,0.0
2024,2024-08-24 13:48:00,8,40,Landes de Gascogne,40287,Sanguinet,44.4776,-1.0903,0.0001,0.0001,False,Inconnue,0.0,0.0
2024,2024-08-24 16:47:00,8,40,Landes de Gascogne,40317,Tosse,43.6952,-1.316,2.73,2.73,False,Inconnue,,
2024,2024-08-24 17:54:14,8,33,Landes de Gascogne,33205,Illats,44.6087,-0.3797,1.2,1.2,False,Accidentelle,0.0,0.0
2024,2024-08-25 03:11:00,8,33,Landes de Gascogne,33333,Le Porge,44.8649,-1.1351,0.15,0.15,False,Malveillance,0.0,0.0
2024,2024-08-26 11:24:00,8,40,Landes de Gascogne,40060,Callen,44.2743,-0.4688,0.1,0.1,False,Involontaire (particulier),0.0,0.0
2024,2024-08-26 15:43:50,8,33,Landes de Gascogne,33142,Cubnezais,45.0744,-0.4202,1.5,0.5,False,Inconnue,0.0,0.0
2024,2024-08-26 16:27:00,8,06,Alpes-Maritimes,06019,Blausasc,43.7938,7.357,0.005,0.005,False,Inconnue,,
2024,2024-08-27 18:31:00,8,06,Alpes-Maritimes,06144,La Tour,43.9645,7.196,0.02,0.02,False,Naturelle,,
2024,2024-08-27 18:47:00,8,06,Alpes-Maritimes,06156,Venanson,44.0412,7.2386,0.02,0.0,False,Naturelle,,
2024,2024-08-28 15:24:00,8,06,Alpes-Maritimes,06003,Andon,43.7755,6.8211,0.45,0.42,False,Inconnue,,
2024,2024-08-28 15:32:00,8,06,Alpes-Maritimes,06077,Lucéram,43.8997,7.3506,0.07,0.07,False,Naturelle,,
2024,2024-08-28 18:58:00,8,33,Landes de Gascogne,33284,Mios,44.6105,-0.8913,2.0,2.0,False,Malveillance,,
2024,2024-08-29 09:50:00,8,40,Landes de Gascogne,40167,Luxey,44.2382,-0.5061,0.0005,0.0005,False,Inconnue,0.0,0.0
2024,2024-08-30 11:53:00,8,06,Alpes-Maritimes,06085,Mougins,43.5931,7.0046,0.05,0.0,False,Inconnue,,
2024,2024-08-30 14:41:00,8,06,Alpes-Maritimes,06065,La Gaude,43.7177,7.1605,0.001,0.0,False,Involontaire (particulier),,
2024,2024-08-31 05:02:00,8,40,Landes de Gascogne,40304,Soorts-Hossegor,43.6679,-1.4084,0.001,0.001,False,Inconnue,0.0,0.0
2024,2024-08-31 18:58:00,8,40,Landes de Gascogne,40287,Sanguinet,44.4776,-1.0903,0.875,0.875,False,Naturelle,0.0,0.0
2024,2024-09-02 11:25:00,9,06,Alpes-Maritimes,06079,Mandelieu-la-Napoule,43.5334,6.918,0.2,0.0,False,Inconnue,,
2024,2024-09-02 16:18:00,9,06,Alpes-Maritimes,06007,Auribeau-sur-Siagne,43.6105,6.9118,0.005,0.0,False,Naturelle,,
2024,2024-09-02 17:31:00,9,06,Alpes-Maritimes,06064,Gattières,43.769,7.1675,0.0002,0.0,False,Naturelle,,
2024,2024-09-02 17:47:00,9,06,Alpes-Maritimes,06032,Cap-d'Ail,43.7256,7.4008,1.14,0.0,False,Naturelle,,
2024,2024-09-03 12:15:00,9,06,Alpes-Maritimes,06147,Tourrette-Levens,43.7882,7.275,0.07,0.07,False,Naturelle,,
2024,2024-09-11 14:51:00,9,06,Alpes-Maritimes,06049,Courmes,43.7514,7.0196,0.04,0.0,False,Inconnue,,
2024,2024-09-15 13:51:06,9,33,Landes de Gascogne,33383,Saint-Christoly-Médoc,45.3673,-0.8139,0.003,0.003,False,Inconnue,0.0,0.0
2024,2024-09-16 05:06:00,9,40,Landes de Gascogne,40157,Lit-et-Mixe,44.0273,-1.2704,0.06,0.06,False,Involontaire (travaux),0.0,0.0
2024,2024-09-21 17:01:12,9,33,Landes de Gascogne,33203,Hourtin,45.1831,-1.0534,0.0002,0.0002,False,Naturelle,0.0,0.0
2024,2024-10-04 22:53:39,10,33,Landes de Gascogne,33070,Brach,45.0409,-0.9468,0.002,0.002,False,Malveillance,0.0,0.0
2024,2024-12-15 04:21:00,12,06,Alpes-Maritimes,06030,Le Cannet,43.5745,7.001,0.005,0.0,False,Inconnue,,
2024,2024-12-15 15:37:00,12,06,Alpes-Maritimes,06157,Vence,43.7373,7.0995,0.01,0.01,False,Inconnue,,
2024,2024-12-16 13:57:00,12,06,Alpes-Maritimes,06148,Tourrettes-sur-Loup,43.718,7.0353,0.005,0.0,False,Inconnue,,
2024,2024-12-21 15:18:00,12,06,Alpes-Maritimes,06074,Lantosque,43.9787,7.3121,0.04,0.0,False,Inconnue,,
2024,2024-12-22 14:46:00,12,06,Alpes-Maritimes,06060,Falicon,43.7533,7.266,0.2,0.0,False,Inconnue,,
2024,2024-12-27 13:21:00,12,06,Alpes-Maritimes,06104,Roquebrune-Cap-Martin,43.7638,7.4576,0.12,0.0,False,Involontaire (travaux),,
2024,2024-12-28 19:24:00,12,06,Alpes-Maritimes,06074,Lantosque,43.9787,7.3121,0.05,0.0,False,Inconnue,,
2025,2025-01-02 09:22:00,1,06,Alpes-Maritimes,06148,Tourrettes-sur-Loup,43.718,7.0353,0.002,0.0,False,Inconnue,,
2025,2025-01-02 15:55:00,1,06,Alpes-Maritimes,06157,Vence,43.7373,7.0995,0.001,0.0,False,Inconnue,,
2025,2025-01-15 14:44:00,1,06,Alpes-Maritimes,06050,Coursegoules,43.7898,7.0384,1.0,0.0,False,Malveillance,,
2025,2025-02-17 08:02:00,2,40,Landes de Gascogne,40281,Saint-Pierre-du-Mont,43.8725,-0.52,0.0001,0.0001,False,Involontaire (travaux),0.0,0.0
2025,2025-02-19 18:30:00,2,33,Landes de Gascogne,33019,Audenge,44.7133,-0.9533,0.02,0.02,False,Malveillance,,
2025,2025-02-27 11:59:00,2,06,Alpes-Maritimes,06074,Lantosque,43.9787,7.3121,0.02,0.0,False,Involontaire (particulier),,
2025,2025-03-02 15:11:00,3,06,Alpes-Maritimes,06003,Andon,43.7755,6.8211,1.0,0.0,False,Inconnue,,
2025,2025-03-03 13:39:00,3,06,Alpes-Maritimes,06050,Coursegoules,43.7898,7.0384,22.37,16.67,False,Malveillance,,
2025,2025-03-05 15:36:00,3,40,Landes de Gascogne,40332,Ychoux,44.3545,-0.9643,0.01,0.01,False,Involontaire (travaux),0.0,0.0
2025,2025-03-05 17:40:00,3,40,Landes de Gascogne,40184,Mimizan,44.1996,-1.2323,0.0001,0.0001,False,Involontaire (particulier),0.0,0.0
2025,2025-03-05 18:02:00,3,06,Alpes-Maritimes,06023,Breil-sur-Roya,43.9379,7.4996,111.38,108.49,True,Malveillance,0.0,0.0
2025,2025-03-06 13:10:00,3,06,Alpes-Maritimes,06062,Fontan,44.0213,7.5527,25.82,23.09,False,Malveillance,,
2025,2025-03-06 17:23:00,3,33,Landes de Gascogne,33229,Lanton,44.7719,-0.9799,0.02,0.02,False,Accidentelle,,
2025,2025-03-06 19:11:00,3,06,Alpes-Maritimes,06136,Sospel,43.8872,7.4493,99.69,81.48,False,Malveillance,,
2025,2025-03-06 23:07:00,3,06,Alpes-Maritimes,06023,Breil-sur-Roya,43.9379,7.4996,68.44,68.44,False,Malveillance,,
2025,2025-03-07 16:54:00,3,33,Landes de Gascogne,33376,Saint-Aubin-de-Médoc,44.9343,-0.7478,1.6,1.6,False,Accidentelle,,
2025,2025-03-08 01:36:00,3,40,Landes de Gascogne,40268,Saint-Laurent-de-Gosse,43.5233,-1.2851,65.8,7.0,False,Inconnue,,
2025,2025-03-08 20:54:00,3,06,Alpes-Maritimes,06069,Grasse,43.656,6.937,0.05,0.0,False,Involontaire (particulier),,
2025,2025-03-09 10:51:00,3,06,Alpes-Maritimes,06094,Péone,44.1333,6.925,0.06,0.0,False,Inconnue,,
2025,2025-03-17 15:53:00,3,06,Alpes-Maritimes,06050,Coursegoules,43.7898,7.0384,0.03,0.0,False,Inconnue,,
2025,2025-03-17 15:53:00,3,06,Alpes-Maritimes,06049,Courmes,43.7514,7.0196,0.01,0.0,False,Inconnue,,
2025,2025-03-19 08:44:00,3,40,Landes de Gascogne,40153,Le Leuy,43.8188,-0.6526,0.025,0.025,False,Accidentelle,0.0,0.0
2025,2025-03-20 15:05:00,3,06,Alpes-Maritimes,06049,Courmes,43.7514,7.0196,0.01,0.0,False,Inconnue,,
2025,2025-03-20 19:58:00,3,33,Landes de Gascogne,33118,Cénac,44.7849,-0.4573,0.0001,0.0001,False,Involontaire (particulier),,
2025,2025-03-24 17:18:00,3,40,Landes de Gascogne,40250,Saint-Avit,43.9439,-0.4527,0.001,0.001,False,Accidentelle,0.0,0.0
2025,2025-03-31 09:19:00,3,33,Landes de Gascogne,33382,Saint-Christoly-de-Blaye,45.1499,-0.4967,0.001,0.001,False,Inconnue,,
2025,2025-03-31 16:21:00,3,33,Landes de Gascogne,33498,Salles,44.536,-0.8899,0.01,0.01,False,Inconnue,,
2025,2025-03-31 16:47:00,3,40,Landes de Gascogne,40283,Saint-Vincent-de-Paul,43.7726,-0.9965,0.5,0.5,False,Accidentelle,,
2025,2025-04-01 15:26:00,4,40,Landes de Gascogne,40288,Sarbazan,44.0125,-0.3202,0.31,0.31,False,Inconnue,0.0,0.0
2025,2025-04-03 17:04:00,4,40,Landes de Gascogne,40063,Candresse,43.7108,-0.9775,0.002,0.002,False,Accidentelle,0.0,0.0
2025,2025-04-03 21:09:00,4,40,Landes de Gascogne,40192,Mont-de-Marsan,43.8931,-0.5009,0.002,0.002,False,Accidentelle,0.0,0.0
2025,2025-04-05 16:59:00,4,33,Landes de Gascogne,33528,Le Temple,44.8662,-0.9609,0.15,0.15,False,Accidentelle,,
2025,2025-04-05 19:44:00,4,06,Alpes-Maritimes,06069,Grasse,43.656,6.937,0.05,0.0,False,Inconnue,,
2025,2025-04-06 09:22:00,4,33,Landes de Gascogne,33077,Cabanac-et-Villagrains,44.5889,-0.5412,0.0096,0.0096,False,Malveillance,,
2025,2025-04-06 18:08:00,4,06,Alpes-Maritimes,06110,Roubion,44.1121,7.0233,0.015,0.0,False,Inconnue,,
2025,2025-04-07 14:59:00,4,40,Landes de Gascogne,40295,Saugnac-et-Muret,44.3893,-0.8494,0.086,0.086,False,Involontaire (particulier),0.0,0.0
2025,2025-04-08 08:09:00,4,33,Landes de Gascogne,33373,Saint-Antoine-sur-l'Isle,45.0452,0.0447,1.0,1.0,False,Inconnue,,
2025,2025-04-11 17:35:00,4,33,Landes de Gascogne,33345,Le Puy,44.6602,0.0632,0.7,0.05,False,Inconnue,,
2025,2025-04-11 18:05:00,4,40,Landes de Gascogne,40192,Mont-de-Marsan,43.8931,-0.5009,0.012,0.012,False,Inconnue,0.0,0.0
2025,2025-04-13 21:26:00,4,33,Landes de Gascogne,33151,Donnezac,45.2397,-0.4468,0.05,0.05,False,Inconnue,,
2025,2025-04-13 21:38:00,4,40,Landes de Gascogne,40192,Mont-de-Marsan,43.8931,-0.5009,0.002,0.002,False,Inconnue,0.0,0.0
2025,2025-04-14 14:31:00,4,40,Landes de Gascogne,40229,Pontenx-les-Forges,44.2554,-1.0914,0.01,0.01,False,Involontaire (travaux),0.0,0.0
2025,2025-04-14 15:41:00,4,40,Landes de Gascogne,40243,Rion-des-Landes,43.9318,-0.9436,0.001,0.001,False,Naturelle,0.0,0.0
2025,2025-04-15 09:19:00,4,33,Landes de Gascogne,33203,Hourtin,45.1831,-1.0534,2.0,2.0,False,Malveillance,,
2025,2025-04-17 17:05:00,4,33,Landes de Gascogne,33473,Saint-Savin,45.1611,-0.4449,1.0,1.0,False,Accidentelle,,
2025,2025-04-18 15:32:00,4,33,Landes de Gascogne,33380,Val-de-Livenne,45.276,-0.5099,0.11,0.11,False,Malveillance,,
2025,2025-04-27 00:38:00,4,33,Landes de Gascogne,33505,La Sauve,44.7643,-0.316,0.002,0.002,False,Involontaire (particulier),,
2025,2025-04-30 20:00:00,4,33,Landes de Gascogne,33501,Saucats,44.6476,-0.6377,0.005,0.005,False,Inconnue,,
2025,2025-05-02 15:52:00,5,06,Alpes-Maritimes,06013,Belvédère,44.0615,7.3612,0.01,0.0,False,Inconnue,,
2025,2025-05-03 20:08:00,5,40,Landes de Gascogne,40075,Castets,43.8806,-1.1487,0.0462,0.0462,False,Accidentelle,0.0,0.0
2025,2025-05-08 16:38:00,5,33,Landes de Gascogne,33284,Mios,44.6105,-0.8913,0.015,0.015,False,Inconnue,,
2025,2025-05-08 22:01:00,5,40,Landes de Gascogne,40037,Benquet,43.8207,-0.5069,0.0001,0.0001,False,Accidentelle,0.0,0.0
2025,2025-05-09 19:08:00,5,33,Landes de Gascogne,33519,Le Taillan-Médoc,44.9123,-0.6785,0.005,0.005,False,Inconnue,,
2025,2025-05-10 18:19:00,5,06,Alpes-Maritimes,06022,Bouyon,43.8272,7.125,0.01,0.0,False,Involontaire (particulier),,
2025,2025-05-13 17:40:00,5,40,Landes de Gascogne,40248,Saint-André-de-Seignanx,43.5621,-1.3619,0.0002,0.0002,False,Naturelle,0.0,0.0
2025,2025-05-21 10:06:00,5,40,Landes de Gascogne,40184,Mimizan,44.1996,-1.2323,0.0002,0.0002,False,Accidentelle,0.0,0.0
2025,2025-05-24 18:57:00,5,40,Landes de Gascogne,40229,Pontenx-les-Forges,44.2554,-1.0914,0.55,0.55,False,Inconnue,,
2025,2025-05-26 14:01:00,5,40,Landes de Gascogne,40182,Mézos,44.0848,-1.141,2.1,2.1,False,Inconnue,,
2025,2025-05-28 17:36:00,5,33,Landes de Gascogne,33146,Cussac-Fort-Médoc,45.1207,-0.726,0.03,0.015,False,Inconnue,,
2025,2025-06-09 12:20:00,6,06,Alpes-Maritimes,06053,Daluis,44.0426,6.8045,0.4,0.0,False,Accidentelle,,
2025,2025-06-11 14:53:00,6,40,Landes de Gascogne,40310,Soustons,43.754,-1.3305,0.003,0.003,False,Inconnue,0.0,0.0
2025,2025-06-11 18:52:00,6,40,Landes de Gascogne,40046,Biscarrosse,44.4077,-1.1525,0.0001,0.0001,False,Naturelle,0.0,0.0
2025,2025-06-11 21:51:00,6,33,Landes de Gascogne,33199,Gujan-Mestras,44.5758,-1.0813,0.0001,0.0001,False,Involontaire (travaux),,
2025,2025-06-13 21:31:00,6,40,Landes de Gascogne,40215,Ousse-Suzan,43.9492,-0.7523,0.05,0.05,False,Naturelle,0.0,0.0
2025,2025-06-16 14:42:00,6,33,Landes de Gascogne,33214,Lacanau,44.9879,-1.096,0.35,0.35,False,Naturelle,,
2025,2025-06-17 09:38:00,6,33,Landes de Gascogne,33214,Lacanau,44.9879,-1.096,0.35,0.35,False,Naturelle,,
2025,2025-06-18 00:01:00,6,40,Landes de Gascogne,40046,Biscarrosse,44.4077,-1.1525,0.01,0.01,False,Inconnue,0.0,0.0
2025,2025-06-18 11:23:00,6,06,Alpes-Maritimes,06048,Contes,43.8133,7.3263,0.04,0.0,False,Inconnue,,
2025,2025-06-18 14:39:00,6,06,Alpes-Maritimes,06149,La Trinité,43.7415,7.3413,13.42,3.24,False,Accidentelle,,
2025,2025-06-18 17:26:00,6,33,Landes de Gascogne,33220,Lamarque,45.0961,-0.718,0.15,0.15,False,Inconnue,,
2025,2025-06-18 23:04:00,6,33,Landes de Gascogne,33086,Camiac-et-Saint-Denis,44.7956,-0.292,0.006,0.0001,False,Inconnue,,
2025,2025-06-20 17:35:00,6,33,Landes de Gascogne,33047,Berson,45.1188,-0.5782,0.01,0.01,False,Inconnue,,
2025,2025-06-20 19:25:00,6,40,Landes de Gascogne,40094,Escource,44.1639,-1.0361,1.0,1.0,False,Inconnue,,
2025,2025-06-25 14:20:00,6,33,Landes de Gascogne,33203,Hourtin,45.1831,-1.0534,0.002,0.002,False,Naturelle,,
2025,2025-06-25 15:36:00,6,33,Landes de Gascogne,33458,Saint-Paul,45.1504,-0.5918,0.0005,0.0005,False,Involontaire (particulier),,
2025,2025-06-25 19:14:00,6,40,Landes de Gascogne,40164,Retjons,44.1399,-0.2929,0.7,0.7,False,Inconnue,,
2025,2025-06-26 14:16:00,6,06,Alpes-Maritimes,06116,Saint-Auban,43.8319,6.7367,1.5,1.5,False,Inconnue,,
2025,2025-06-27 07:35:00,6,40,Landes de Gascogne,40307,Sore,44.3073,-0.6021,0.05,0.05,False,Accidentelle,0.0,0.0
2025,2025-06-28 17:03:00,6,40,Landes de Gascogne,40226,Pimbo,43.5799,-0.3744,0.0001,0.0001,False,Inconnue,0.0,0.0
2025,2025-06-28 17:59:00,6,40,Landes de Gascogne,40217,Parentis-en-Born,44.3527,-1.0879,0.001,0.001,False,Malveillance,0.0,0.0
2025,2025-06-29 16:33:00,6,33,Landes de Gascogne,33472,Saint-Sauveur-de-Puynormand,44.9958,-0.0308,0.05,0.05,False,Inconnue,,
2025,2025-06-29 17:30:00,6,33,Landes de Gascogne,33213,La Brède,44.6777,-0.5396,0.04,0.04,False,Involontaire (particulier),,
2025,2025-06-30 01:50:00,6,33,Landes de Gascogne,33192,Gradignan,44.7681,-0.6163,0.03,0.015,False,Malveillance,,
2025,2025-07-04 22:30:00,7,33,Landes de Gascogne,33191,Gours,44.9999,0.0232,0.1,0.1,False,Inconnue,,
2025,2025-07-05 03:54:00,7,33,Landes de Gascogne,33029,Le Barp,44.6297,-0.7437,0.1,0.1,False,Malveillance,,
2025,2025-07-05 07:01:00,7,40,Landes de Gascogne,40111,Geloux,43.9784,-0.6374,1.1,1.1,False,Inconnue,,
2025,2025-07-05 22:34:00,7,33,Landes de Gascogne,33138,Coutras,45.0408,-0.1003,0.2,0.1,False,Involontaire (travaux),,
2025,2025-07-06 00:55:00,7,33,Landes de Gascogne,33492,Saint-Yzan-de-Soudiac,45.1548,-0.4047,0.03,0.03,False,Inconnue,,
2025,2025-07-06 22:10:00,7,06,Alpes-Maritimes,06123,Saint-Laurent-du-Var,43.6865,7.1822,0.13,0.0257,False,Malveillance,,
2025,2025-07-07 16:26:00,7,06,Alpes-Maritimes,06086,Moulinet,43.9503,7.4128,10.58,1.48,False,Naturelle,,
2025,2025-07-07 21:40:00,7,06,Alpes-Maritimes,06158,Villars-sur-Var,43.9564,7.076,0.01,0.0,False,Malveillance,,
2025,2025-07-08 14:28:00,7,33,Landes de Gascogne,33282,Mérignas,44.7871,-0.0843,0.001,0.001,False,Inconnue,,
2025,2025-07-08 21:09:00,7,06,Alpes-Maritimes,06161,Villeneuve-Loubet,43.647,7.0984,0.01,0.0,False,Inconnue,,
2025,2025-07-09 14:08:00,7,40,Landes de Gascogne,40274,Saint-Martin-d'Oney,43.9293,-0.6497,0.21,0.21,False,Inconnue,0.0,0.0
2025,2025-07-09 16:00:00,7,40,Landes de Gascogne,40021,Azur,43.7996,-1.2919,0.75,0.75,False,Inconnue,,
2025,2025-07-09 16:30:00,7,33,Landes de Gascogne,33193,Grayan-et-l'Hôpital,45.4324,-1.1057,0.2,0.2,False,Accidentelle,,
2025,2025-07-10 13:56:00,7,33,Landes de Gascogne,33436,Saint-Magne,44.559,-0.6623,0.1,0.1,False,Involontaire (travaux),,
2025,2025-07-10 13:57:00,7,33,Landes de Gascogne,33248,Listrac-Médoc,45.0699,-0.827,0.01,0.01,False,Inconnue,,
2025,2025-07-10 14:00:00,7,33,Landes de Gascogne,33501,Saucats,44.6476,-0.6377,0.2,0.2,False,Malveillance,,
2025,2025-07-10 14:30:00,7,33,Landes de Gascogne,33151,Donnezac,45.2397,-0.4468,2.5,2.5,False,Malveillance,,
2025,2025-07-10 16:01:00,7,33,Landes de Gascogne,33329,Pompéjac,44.3986,-0.2997,1.5,1.5,False,Inconnue,,
2025,2025-07-11 13:29:00,7,33,Landes de Gascogne,33255,Lucmau,44.2955,-0.3364,16.0,16.0,False,Involontaire (travaux),,
2025,2025-07-11 14:34:00,7,40,Landes de Gascogne,40021,Azur,43.7996,-1.2919,0.66,0.66,False,Inconnue,,
2025,2025-07-12 17:49:00,7,40,Landes de Gascogne,40149,Lencouacq,44.1482,-0.3856,1.375,1.375,False,Naturelle,,
2025,2025-07-12 17:51:00,7,06,Alpes-Maritimes,06105,Roquefort-les-Pins,43.6723,7.0565,0.05,0.0,False,Involontaire (particulier),0.0,0.0
2025,2025-07-12 18:50:00,7,40,Landes de Gascogne,40158,Losse,44.0948,-0.0933,2.2,2.2,False,Naturelle,,
2025,2025-07-13 14:33:00,7,06,Alpes-Maritimes,06158,Villars-sur-Var,43.9564,7.076,0.02,0.0,False,Malveillance,,
2025,2025-07-13 16:28:00,7,33,Landes de Gascogne,33255,Lucmau,44.2955,-0.3364,4.0,4.0,False,Naturelle,,
2025,2025-07-15 14:53:00,7,33,Landes de Gascogne,33249,Lormont,44.8749,-0.5176,0.085,0.085,False,Malveillance,,
2025,2025-07-16 13:59:00,7,33,Landes de Gascogne,33526,Tayac,44.9608,-0.0249,1.012,0.002,False,Inconnue,,
2025,2025-07-16 17:33:00,7,40,Landes de Gascogne,40310,Soustons,43.754,-1.3305,0.184,0.184,False,Malveillance,,
2025,2025-07-17 04:02:00,7,40,Landes de Gascogne,40019,Aureilhan,44.2094,-1.192,0.01,0.01,False,Inconnue,0.0,0.0
2025,2025-07-17 13:15:00,7,06,Alpes-Maritimes,06136,Sospel,43.8872,7.4493,0.53,0.003,False,Involontaire (particulier),,
2025,2025-07-17 13:38:00,7,40,Landes de Gascogne,40319,Trensacq,44.232,-0.7015,1.5,1.5,False,Inconnue,,
2025,2025-07-17 18:04:00,7,40,Landes de Gascogne,40139,Laglorieuse,43.8632,-0.3957,0.0001,0.0001,False,Inconnue,0.0,0.0
2025,2025-07-17 23:09:00,7,33,Landes de Gascogne,33056,Blanquefort,44.9216,-0.61,0.5,0.5,False,Inconnue,,
2025,2025-07-18 16:03:00,7,40,Landes de Gascogne,40134,Labouheyre,44.2243,-0.9107,0.014,0.01,False,Inconnue,0.0,0.0
2025,2025-07-18 18:34:00,7,06,Alpes-Maritimes,06004,Antibes,43.5823,7.1048,0.05,0.0,False,Accidentelle,,
2025,2025-07-19 06:38:00,7,33,Landes de Gascogne,33452,Saint-Michel-de-Rieufret,44.6273,-0.4453,0.003,0.003,False,Naturelle,,
2025,2025-07-19 08:24:00,7,40,Landes de Gascogne,40167,Luxey,44.2382,-0.5061,5.6,5.6,False,Naturelle,,
2025,2025-07-19 10:56:00,7,40,Landes de Gascogne,40060,Callen,44.2743,-0.4688,0.55,0.55,False,Naturelle,,
2025,2025-07-19 16:43:00,7,40,Landes de Gascogne,40081,Cère,43.9933,-0.5468,0.25,0.25,False,Naturelle,0.0,0.0
2025,2025-07-19 17:03:00,7,06,Alpes-Maritimes,06006,Aspremont,43.7772,7.2423,0.02,0.0,False,Naturelle,,
2025,2025-07-19 17:41:00,7,06,Alpes-Maritimes,06099,Puget-Théniers,43.9498,6.9049,0.005,0.0,False,Naturelle,,
2025,2025-07-19 17:59:00,7,06,Alpes-Maritimes,06136,Sospel,43.8872,7.4493,0.005,0.0,False,Naturelle,,
2025,2025-07-19 18:10:00,7,06,Alpes-Maritimes,06076,Lieuche,44.0001,7.0361,0.05,0.0,False,Naturelle,,
2025,2025-07-20 07:04:00,7,33,Landes de Gascogne,33236,Lège-Cap-Ferret,44.7452,-1.174,0.05,0.05,False,Inconnue,,
2025,2025-07-20 18:12:00,7,40,Landes de Gascogne,40152,Lesperon,43.9654,-1.0835,0.0005,0.0005,False,Inconnue,0.0,0.0
2025,2025-07-21 15:40:00,7,06,Alpes-Maritimes,06027,Cagnes-sur-Mer,43.6712,7.1502,0.18,0.06,False,Inconnue,,
2025,2025-07-22 15:05:00,7,40,Landes de Gascogne,40154,Lévignacq,44.0128,-1.1452,0.0005,0.0005,False,Inconnue,0.0,0.0
2025,2025-07-23 18:04:00,7,33,Landes de Gascogne,33525,Tauriac,45.0524,-0.5059,0.005,0.005,False,Involontaire (travaux),,
2025,2025-07-24 12:45:00,7,33,Landes de Gascogne,33104,Castelnau-de-Médoc,45.0033,-0.8162,0.3,0.3,False,Naturelle,,
2025,2025-07-24 17:22:00,7,06,Alpes-Maritimes,06003,Andon,43.7755,6.8211,0.02,0.0,False,Involontaire (travaux),,
2025,2025-07-24 17:29:00,7,33,Landes de Gascogne,33214,Lacanau,44.9879,-1.096,0.05,0.05,False,Involontaire (travaux),,
2025,2025-07-25 06:51:00,7,33,Landes de Gascogne,33009,Arcachon,44.6515,-1.1718,0.015,0.015,False,Inconnue,,
2025,2025-07-25 12:24:00,7,33,Landes de Gascogne,33529,La Teste-de-Buch,44.586,-1.1809,0.125,0.125,False,Inconnue,,
2025,2025-07-25 19:35:00,7,33,Landes de Gascogne,33070,Brach,45.0409,-0.9468,0.03,0.03,False,Inconnue,,
2025,2025-07-26 13:47:00,7,40,Landes de Gascogne,40085,Commensacq,44.2082,-0.8272,1.1,1.0,False,Inconnue,,
2025,2025-07-27 22:24:00,7,06,Alpes-Maritimes,06068,Gourdon,43.7266,6.9622,0.57,0.0,False,Inconnue,,
2025,2025-07-28 06:59:00,7,33,Landes de Gascogne,33011,Arès,44.7997,-1.0837,3.0,3.0,False,Malveillance,,
2025,2025-07-28 15:00:00,7,33,Landes de Gascogne,33449,Saint-Médard-en-Jalles,44.8861,-0.7823,0.001,0.001,False,Malveillance,,
2025,2025-07-28 19:08:00,7,40,Landes de Gascogne,40192,Mont-de-Marsan,43.8931,-0.5009,0.022,0.022,False,Inconnue,0.0,0.0
2025,2025-07-29 10:49:00,7,40,Landes de Gascogne,40332,Ychoux,44.3545,-0.9643,1.3,1.3,False,Accidentelle,,
2025,2025-07-29 14:46:00,7,33,Landes de Gascogne,33104,Castelnau-de-Médoc,45.0033,-0.8162,0.03,0.03,False,Naturelle,,
2025,2025-07-29 16:09:00,7,33,Landes de Gascogne,33528,Le Temple,44.8662,-0.9609,2.0,2.0,False,Accidentelle,,
2025,2025-07-29 17:08:00,7,33,Landes de Gascogne,33187,Gironde-sur-Dropt,44.59,-0.0909,0.3,0.3,False,Involontaire (particulier),,
2025,2025-07-29 23:49:00,7,06,Alpes-Maritimes,06144,La Tour,43.9645,7.196,0.47,0.47,False,Inconnue,,
2025,2025-07-30 08:24:00,7,40,Landes de Gascogne,40326,Vielle-Saint-Girons,43.9429,-1.3219,0.005,0.005,False,Inconnue,0.0,0.0
2025,2025-07-30 10:16:00,7,33,Landes de Gascogne,33122,Cestas,44.7274,-0.7349,0.1,0.1,False,Malveillance,,
2025,2025-07-30 13:30:00,7,40,Landes de Gascogne,40200,Moustey,44.387,-0.7703,0.04,0.04,False,Inconnue,0.0,0.0
2025,2025-07-31 01:26:00,7,33,Landes de Gascogne,33130,Coimères,44.5004,-0.213,0.3,0.3,False,Inconnue,,
2025,2025-07-31 12:39:00,7,06,Alpes-Maritimes,06065,La Gaude,43.7177,7.1605,0.2,0.0,False,Involontaire (particulier),0.0,0.0
2025,2025-07-31 14:57:00,7,33,Landes de Gascogne,33351,Reignac,45.2292,-0.5179,0.03,0.03,False,Malveillance,,
2025,2025-07-31 15:35:00,7,06,Alpes-Maritimes,06136,Sospel,43.8872,7.4493,0.35,0.0,False,Involontaire (particulier),,
2025,2025-07-31 19:45:00,7,40,Landes de Gascogne,40046,Biscarrosse,44.4077,-1.1525,0.0015,0.0015,False,Inconnue,0.0,0.0
2025,2025-07-31 20:33:00,7,40,Landes de Gascogne,40192,Mont-de-Marsan,43.8931,-0.5009,0.006,0.006,False,Inconnue,0.0,0.0
2025,2025-08-01 17:38:00,8,33,Landes de Gascogne,33442,Saint-Martin-de-Laye,45.0319,-0.2279,4.0,4.0,False,Inconnue,,
2025,2025-08-03 15:31:00,8,40,Landes de Gascogne,40075,Castets,43.8806,-1.1487,0.08,0.08,False,Accidentelle,0.0,0.0
2025,2025-08-03 15:42:00,8,06,Alpes-Maritimes,06050,Coursegoules,43.7898,7.0384,0.06,0.0,False,Inconnue,,
2025,2025-08-03 17:21:00,8,40,Landes de Gascogne,40184,Mimizan,44.1996,-1.2323,0.15,0.15,False,Malveillance,0.0,0.0
2025,2025-08-04 11:12:00,8,40,Landes de Gascogne,40134,Labouheyre,44.2243,-0.9107,0.47,0.47,False,Inconnue,0.0,0.0
2025,2025-08-04 12:04:00,8,40,Landes de Gascogne,40333,Ygos-Saint-Saturnin,43.9934,-0.7297,8.15,0.15,False,Inconnue,,
2025,2025-08-04 12:49:00,8,40,Landes de Gascogne,40060,Callen,44.2743,-0.4688,0.33,0.33,False,Inconnue,0.0,0.0
2025,2025-08-04 14:30:00,8,33,Landes de Gascogne,33397,Sainte-Eulalie,44.9027,-0.48,0.3,0.3,False,Inconnue,,
2025,2025-08-04 14:42:00,8,40,Landes de Gascogne,40326,Vielle-Saint-Girons,43.9429,-1.3219,0.1,0.1,False,Inconnue,0.0,0.0
2025,2025-08-04 16:07:00,8,40,Landes de Gascogne,40307,Sore,44.3073,-0.6021,1.2,1.2,False,Inconnue,,
2025,2025-08-04 16:50:00,8,40,Landes de Gascogne,40026,Bas-Mauco,43.7958,-0.5516,0.45,0.01,False,Inconnue,0.0,0.0
2025,2025-08-04 21:12:00,8,40,Landes de Gascogne,40197,Morcenx-la-Nouvelle,44.0318,-0.9147,1.0,1.0,False,Inconnue,,
2025,2025-08-05 16:08:00,8,33,Landes de Gascogne,33214,Lacanau,44.9879,-1.096,0.05,0.05,False,Inconnue,,
2025,2025-08-05 17:40:00,8,33,Landes de Gascogne,33351,Reignac,45.2292,-0.5179,0.5,0.5,False,Malveillance,,
2025,2025-08-05 20:22:00,8,40,Landes de Gascogne,40192,Mont-de-Marsan,43.8931,-0.5009,0.001,0.001,False,Inconnue,0.0,0.0
2025,2025-08-06 15:18:00,8,33,Landes de Gascogne,33515,Soulignac,44.6944,-0.2873,2.5,2.5,False,Involontaire (particulier),,
2025,2025-08-06 16:49:00,8,40,Landes de Gascogne,40149,Lencouacq,44.1482,-0.3856,4.1,4.1,False,Inconnue,,
2025,2025-08-06 17:31:00,8,33,Landes de Gascogne,33159,Étauliers,45.2221,-0.5851,0.05,0.05,False,Inconnue,,
2025,2025-08-07 12:29:00,8,40,Landes de Gascogne,40332,Ychoux,44.3545,-0.9643,0.58,0.58,False,Involontaire (travaux),,
2025,2025-08-07 12:54:00,8,40,Landes de Gascogne,40326,Vielle-Saint-Girons,43.9429,-1.3219,0.092,0.092,False,Inconnue,0.0,0.0
2025,2025-08-07 13:51:00,8,33,Landes de Gascogne,33192,Gradignan,44.7681,-0.6163,1.0,1.0,False,Inconnue,,
2025,2025-08-07 16:34:00,8,40,Landes de Gascogne,40310,Soustons,43.754,-1.3305,0.15,0.15,False,Inconnue,0.0,0.0
2025,2025-08-07 19:14:00,8,33,Landes de Gascogne,33026,Balizac,44.4878,-0.45,0.3,0.3,False,Inconnue,,
2025,2025-08-07 19:55:00,8,33,Landes de Gascogne,33248,Listrac-Médoc,45.0699,-0.827,2.5,2.5,False,Inconnue,,
2025,2025-08-08 08:37:00,8,33,Landes de Gascogne,33047,Berson,45.1188,-0.5782,0.015,0.015,False,Accidentelle,,
2025,2025-08-08 14:58:00,8,40,Landes de Gascogne,40243,Rion-des-Landes,43.9318,-0.9436,2.1,2.1,False,Inconnue,,
2025,2025-08-08 17:33:00,8,33,Landes de Gascogne,33493,Saint-Yzans-de-Médoc,45.3321,-0.7994,0.04,0.04,False,Inconnue,,
2025,2025-08-08 18:25:00,8,06,Alpes-Maritimes,06079,Mandelieu-la-Napoule,43.5334,6.918,0.002,0.0,False,Inconnue,,
2025,2025-08-08 18:40:00,8,33,Landes de Gascogne,33284,Mios,44.6105,-0.8913,2.5,2.5,False,Accidentelle,,
2025,2025-08-08 20:08:00,8,33,Landes de Gascogne,33248,Listrac-Médoc,45.0699,-0.827,0.005,0.005,False,Inconnue,,
2025,2025-08-08 21:09:00,8,33,Landes de Gascogne,33423,Saint-Julien-Beychevelle,45.1606,-0.739,0.012,0.012,False,Inconnue,,
2025,2025-08-09 08:18:00,8,33,Landes de Gascogne,33146,Cussac-Fort-Médoc,45.1207,-0.726,0.02,0.02,False,Inconnue,,
2025,2025-08-09 12:55:00,8,33,Landes de Gascogne,33177,Gaillan-en-Médoc,45.3135,-0.9946,0.3,0.3,False,Inconnue,,
2025,2025-08-09 16:11:00,8,33,Landes de Gascogne,33203,Hourtin,45.1831,-1.0534,0.8,0.8,False,Inconnue,,
2025,2025-08-09 16:40:00,8,40,Landes de Gascogne,40310,Soustons,43.754,-1.3305,0.185,0.185,False,Malveillance,,
2025,2025-08-09 17:22:00,8,33,Landes de Gascogne,33233,Laruscade,45.1206,-0.3394,14.96,2.96,False,Malveillance,,
2025,2025-08-09 18:02:00,8,06,Alpes-Maritimes,06034,Castagniers,43.79,7.2298,0.04,0.0,False,Involontaire (particulier),,
2025,2025-08-10 13:29:00,8,33,Landes de Gascogne,33095,Captieux,44.2621,-0.2981,5.6,5.6,False,Malveillance,,
2025,2025-08-10 14:21:00,8,06,Alpes-Maritimes,06158,Villars-sur-Var,43.9564,7.076,0.02,0.0,False,Malveillance,,
2025,2025-08-10 21:42:00,8,33,Landes de Gascogne,33417,Sainte-Hélène,44.9653,-0.9071,0.15,0.15,False,Inconnue,,
2025,2025-08-11 05:21:00,8,40,Landes de Gascogne,40187,Moliets-et-Maa,43.8626,-1.3589,0.19,0.19,False,Inconnue,0.0,0.0
2025,2025-08-11 08:43:00,8,40,Landes de Gascogne,40046,Biscarrosse,44.4077,-1.1525,0.01,0.01,False,Inconnue,0.0,0.0
2025,2025-08-11 09:38:00,8,06,Alpes-Maritimes,06136,Sospel,43.8872,7.4493,0.01,0.0,False,Involontaire (travaux),,
2025,2025-08-11 10:58:00,8,33,Landes de Gascogne,33281,Mérignac,44.8313,-0.682,0.82,0.82,False,Inconnue,,
2025,2025-08-11 11:10:00,8,40,Landes de Gascogne,40227,Pissos,44.3012,-0.7906,0.61,0.61,False,Inconnue,,
2025,2025-08-11 14:10:00,8,33,Landes de Gascogne,33095,Captieux,44.2621,-0.2981,0.05,0.05,False,Inconnue,,
2025,2025-08-12 05:11:00,8,33,Landes de Gascogne,33233,Laruscade,45.1206,-0.3394,0.03,0.03,False,Inconnue,,
2025,2025-08-12 13:44:00,8,33,Landes de Gascogne,33075,Bruges,44.8893,-0.6029,0.01,0.01,False,Inconnue,,
2025,2025-08-12 16:16:00,8,33,Landes de Gascogne,33249,Lormont,44.8749,-0.5176,0.5,0.5,False,Malveillance,,
2025,2025-08-12 16:41:00,8,33,Landes de Gascogne,33498,Salles,44.536,-0.8899,0.0001,0.0001,False,Involontaire (travaux),,
2025,2025-08-13 00:01:00,8,40,Landes de Gascogne,40165,Luglon,44.0807,-0.7306,1.2,1.2,False,Naturelle,,
2025,2025-08-13 00:01:00,8,40,Landes de Gascogne,40295,Saugnac-et-Muret,44.3893,-0.8494,1.0,1.0,False,Naturelle,,
2025,2025-08-13 00:01:00,8,40,Landes de Gascogne,40008,Argelouse,44.3728,-0.6359,1.3,1.3,False,Naturelle,,
2025,2025-08-13 00:13:00,8,40,Landes de Gascogne,40229,Pontenx-les-Forges,44.2554,-1.0914,0.0002,0.0002,False,Naturelle,0.0,0.0
2025,2025-08-13 00:32:00,8,40,Landes de Gascogne,40229,Pontenx-les-Forges,44.2554,-1.0914,0.1,0.1,False,Naturelle,0.0,0.0
2025,2025-08-13 00:43:00,8,33,Landes de Gascogne,33284,Mios,44.6105,-0.8913,0.5,0.5,False,Naturelle,,
2025,2025-08-13 01:09:00,8,33,Landes de Gascogne,33229,Lanton,44.7719,-0.9799,2.0,2.0,False,Naturelle,,
2025,2025-08-13 02:14:00,8,33,Landes de Gascogne,33122,Cestas,44.7274,-0.7349,0.03,0.03,False,Inconnue,,
2025,2025-08-13 02:14:00,8,33,Landes de Gascogne,33122,Cestas,44.7274,-0.7349,0.02,0.02,False,Inconnue,,
2025,2025-08-13 02:49:00,8,33,Landes de Gascogne,33501,Saucats,44.6476,-0.6377,2.0,2.0,False,Naturelle,,
2025,2025-08-13 03:50:00,8,33,Landes de Gascogne,33073,Braud-et-Saint-Louis,45.2569,-0.6581,0.27,0.27,False,Naturelle,,
2025,2025-08-13 04:57:00,8,33,Landes de Gascogne,33202,Hostens,44.4834,-0.6616,4.81,4.81,False,Naturelle,,
2025,2025-08-13 06:37:00,8,40,Landes de Gascogne,40033,Bélis,44.064,-0.4688,0.3,0.3,False,Inconnue,0.0,0.0
2025,2025-08-13 07:37:00,8,33,Landes de Gascogne,33536,Le Tuzan,44.4508,-0.6011,0.5,0.5,False,Naturelle,,
2025,2025-08-13 08:00:00,8,40,Landes de Gascogne,40152,Lesperon,43.9654,-1.0835,0.883,0.883,False,Inconnue,,
2025,2025-08-13 08:22:00,8,40,Landes de Gascogne,40167,Luxey,44.2382,-0.5061,0.3,0.3,False,Inconnue,0.0,0.0
2025,2025-08-13 08:53:00,8,40,Landes de Gascogne,40164,Retjons,44.1399,-0.2929,0.03,0.03,False,Inconnue,0.0,0.0
2025,2025-08-13 10:04:00,8,40,Landes de Gascogne,40217,Parentis-en-Born,44.3527,-1.0879,0.002,0.002,False,Inconnue,0.0,0.0
2025,2025-08-13 10:14:00,8,40,Landes de Gascogne,40278,Saint-Paul-en-Born,44.2083,-1.155,0.002,0.002,False,Inconnue,0.0,0.0
2025,2025-08-13 10:29:00,8,40,Landes de Gascogne,40167,Luxey,44.2382,-0.5061,0.05,0.05,False,Naturelle,0.0,0.0
2025,2025-08-13 10:42:00,8,40,Landes de Gascogne,40229,Pontenx-les-Forges,44.2554,-1.0914,0.1,0.1,False,Naturelle,0.0,0.0
2025,2025-08-13 13:01:00,8,40,Landes de Gascogne,40323,Vert,44.0955,-0.6138,2.0,2.0,False,Naturelle,,
2025,2025-08-13 13:31:00,8,40,Landes de Gascogne,40164,Retjons,44.1399,-0.2929,1.3,1.3,False,Naturelle,,
2025,2025-08-13 13:41:00,8,40,Landes de Gascogne,40319,Trensacq,44.232,-0.7015,2.3,2.3,False,Naturelle,,
2025,2025-08-13 13:51:00,8,06,Alpes-Maritimes,06058,Escragnolles,43.7236,6.7758,0.002,0.0,False,Inconnue,,
2025,2025-08-13 14:08:00,8,40,Landes de Gascogne,40167,Luxey,44.2382,-0.5061,7.5,7.5,False,Naturelle,,
2025,2025-08-13 14:20:00,8,40,Landes de Gascogne,40148,Lauret,43.5641,-0.3271,0.051,0.051,False,Naturelle,0.0,0.0
2025,2025-08-13 14:52:00,8,40,Landes de Gascogne,40031,Bégaar,43.8305,-0.869,1.3,1.3,False,Inconnue,,
2025,2025-08-13 15:02:00,8,40,Landes de Gascogne,40310,Soustons,43.754,-1.3305,7.7,7.7,False,Inconnue,,
2025,2025-08-13 15:38:00,8,06,Alpes-Maritimes,06163,Tende,44.0971,7.5499,0.01,0.0,False,Naturelle,,
2025,2025-08-13 16:05:00,8,33,Landes de Gascogne,33229,Lanton,44.7719,-0.9799,26.3,26.3,False,Naturelle,,
2025,2025-08-13 16:54:00,8,40,Landes de Gascogne,40111,Geloux,43.9784,-0.6374,0.2,0.2,False,Inconnue,0.0,0.0
2025,2025-08-13 18:21:00,8,40,Landes de Gascogne,40307,Sore,44.3073,-0.6021,0.9,0.9,False,Inconnue,,
2025,2025-08-13 20:16:00,8,33,Landes de Gascogne,33498,Salles,44.536,-0.8899,0.1,0.1,False,Inconnue,,
2025,2025-08-13 22:54:00,8,33,Landes de Gascogne,33122,Cestas,44.7274,-0.7349,0.15,0.15,False,Inconnue,,
2025,2025-08-14 08:55:00,8,06,Alpes-Maritimes,06023,Breil-sur-Roya,43.9379,7.4996,0.01,0.0,False,Inconnue,,
2025,2025-08-14 11:55:00,8,33,Landes de Gascogne,33436,Saint-Magne,44.559,-0.6623,0.5,0.5,False,Naturelle,,
2025,2025-08-14 13:13:00,8,40,Landes de Gascogne,40217,Parentis-en-Born,44.3527,-1.0879,0.66,0.66,False,Inconnue,,
2025,2025-08-14 14:57:00,8,40,Landes de Gascogne,40333,Ygos-Saint-Saturnin,43.9934,-0.7297,0.05,0.05,False,Inconnue,0.0,0.0
2025,2025-08-14 20:02:00,8,33,Landes de Gascogne,33229,Lanton,44.7719,-0.9799,0.2,0.2,False,Inconnue,,
2025,2025-08-14 21:36:00,8,33,Landes de Gascogne,33431,Saint-Léon,44.7673,-0.277,0.001,0.001,False,Involontaire (particulier),,
2025,2025-08-14 22:48:00,8,33,Landes de Gascogne,33191,Gours,44.9999,0.0232,0.04,0.04,False,Inconnue,,
2025,2025-08-14 22:48:00,8,33,Landes de Gascogne,33191,Gours,44.9999,0.0232,0.04,0.04,False,Inconnue,,
2025,2025-08-15 02:28:00,8,33,Landes de Gascogne,33501,Saucats,44.6476,-0.6377,3.0,3.0,False,Accidentelle,,
2025,2025-08-15 16:10:00,8,40,Landes de Gascogne,40296,Seignosse,43.7055,-1.3939,0.65,0.65,False,Naturelle,,
2025,2025-08-15 23:03:00,8,06,Alpes-Maritimes,06084,Mouans-Sartoux,43.6192,6.9677,0.06,0.06,False,Inconnue,,
2025,2025-08-16 17:27:00,8,33,Landes de Gascogne,33538,Valeyrac,45.4057,-0.8768,0.3,0.3,False,Inconnue,,
2025,2025-08-16 18:12:00,8,40,Landes de Gascogne,40163,Lüe,44.2337,-0.9858,5.03,5.03,False,Involontaire (particulier),,
2025,2025-08-17 18:53:00,8,40,Landes de Gascogne,40319,Trensacq,44.232,-0.7015,4.5,4.5,False,Naturelle,,
2025,2025-08-18 09:41:00,8,40,Landes de Gascogne,40046,Biscarrosse,44.4077,-1.1525,0.008,0.008,False,Naturelle,0.0,0.0
2025,2025-08-18 19:27:00,8,33,Landes de Gascogne,33318,Pessac,44.786,-0.681,0.17,0.17,False,Inconnue,,
2025,2025-08-19 19:18:00,8,40,Landes de Gascogne,40167,Luxey,44.2382,-0.5061,0.75,0.75,False,Inconnue,,
2025,2025-08-19 20:46:00,8,06,Alpes-Maritimes,06086,Moulinet,43.9503,7.4128,0.003,0.003,False,Naturelle,,
2025,2025-08-20 12:24:00,8,40,Landes de Gascogne,40330,Villenave,43.9681,-0.8227,0.0002,0.0002,False,Involontaire (particulier),0.0,0.0
2025,2025-08-20 18:11:00,8,33,Landes de Gascogne,33095,Captieux,44.2621,-0.2981,3.0,3.0,False,Naturelle,,
2025,2025-08-22 22:15:00,8,33,Landes de Gascogne,33268,Margaux-Cantenac,45.0363,-0.6788,0.4,0.28,False,Inconnue,,
2025,2025-08-23 14:34:00,8,40,Landes de Gascogne,40061,Campagne,43.8665,-0.6436,1.5,1.5,False,Involontaire (particulier),,
2025,2025-08-24 10:22:00,8,33,Landes de Gascogne,33478,Saint-Seurin-sur-l'Isle,45.0093,-0.004,0.2,0.2,False,Inconnue,,
2025,2025-08-25 09:27:00,8,40,Landes de Gascogne,40157,Lit-et-Mixe,44.0273,-1.2704,0.0001,0.0001,False,Inconnue,0.0,0.0
2025,2025-08-25 11:53:00,8,40,Landes de Gascogne,40310,Soustons,43.754,-1.3305,0.8895,0.8895,False,Accidentelle,,
2025,2025-08-25 20:10:00,8,33,Landes de Gascogne,33334,Portets,44.6783,-0.4263,0.02,0.02,False,Accidentelle,,
2025,2025-08-25 22:26:00,8,33,Landes de Gascogne,33026,Balizac,44.4878,-0.45,0.03,0.03,False,Inconnue,,
2025,2025-08-26 05:10:00,8,33,Landes de Gascogne,33248,Listrac-Médoc,45.0699,-0.827,0.01,0.01,False,Inconnue,,
2025,2025-08-26 14:56:00,8,33,Landes de Gascogne,33165,Fargues-Saint-Hilaire,44.8202,-0.4399,0.02,0.005,False,Involontaire (particulier),,
2025,2025-08-26 15:34:00,8,33,Landes de Gascogne,33056,Blanquefort,44.9216,-0.61,2.8,2.8,False,Inconnue,,
2025,2025-08-28 12:40:00,8,33,Landes de Gascogne,33097,Carcans,45.0794,-1.0404,0.13,0.13,False,Inconnue,,
2025,2025-08-28 19:57:00,8,33,Landes de Gascogne,33290,Montagne,44.9324,-0.1304,0.05,0.05,False,Inconnue,,
2025,2025-08-29 11:03:00,8,06,Alpes-Maritimes,06037,Caussols,43.7387,6.9071,4.8446,0.52,False,Naturelle,,
2025,2025-08-29 19:09:00,8,06,Alpes-Maritimes,06097,Pierrefeu,43.8883,7.0743,0.03,0.0,False,Inconnue,,
2025,2025-09-01 17:36:00,9,06,Alpes-Maritimes,06039,Châteauneuf-Villevieille,43.8007,7.2951,0.0377,0.0377,False,Inconnue,,
2025,2025-09-01 21:28:00,9,33,Landes de Gascogne,33056,Blanquefort,44.9216,-0.61,0.01,0.01,False,Inconnue,,
2025,2025-09-02 10:40:00,9,06,Alpes-Maritimes,06069,Grasse,43.656,6.937,0.005,0.0,False,Naturelle,,
2025,2025-09-05 13:45:00,9,06,Alpes-Maritimes,06069,Grasse,43.656,6.937,0.03,0.0,False,Involontaire (particulier),,
2025,2025-09-06 09:43:00,9,06,Alpes-Maritimes,06120,Saint-Étienne-de-Tinée,44.2597,6.9252,0.005,0.0,False,Naturelle,,
2025,2025-09-06 16:52:00,9,40,Landes de Gascogne,40163,Lüe,44.2337,-0.9858,0.03,0.03,False,Inconnue,0.0,0.0
2025,2025-09-06 18:43:00,9,40,Landes de Gascogne,40279,Saint-Paul-lès-Dax,43.7485,-1.0941,0.03,0.03,False,Inconnue,0.0,0.0
2025,2025-09-07 01:30:00,9,40,Landes de Gascogne,40217,Parentis-en-Born,44.3527,-1.0879,0.32,0.32,False,Involontaire (particulier),0.0,0.0
2025,2025-09-08 13:29:00,9,33,Landes de Gascogne,33182,Gauriac,45.0614,-0.6278,0.01,0.01,False,Inconnue,,
2025,2025-09-09 12:27:00,9,06,Alpes-Maritimes,06034,Castagniers,43.79,7.2298,0.01,0.0,False,Accidentelle,,
2025,2025-09-10 07:20:00,9,33,Landes de Gascogne,33417,Sainte-Hélène,44.9653,-0.9071,0.4,0.4,False,Malveillance,,
2025,2025-09-11 14:05:00,9,06,Alpes-Maritimes,06107,La Roque-en-Provence,43.8494,6.9916,0.1,0.0,False,Inconnue,,
2025,2025-09-11 18:56:00,9,06,Alpes-Maritimes,06015,Berre-les-Alpes,43.8342,7.3306,0.015,0.0,False,Inconnue,,
2025,2025-09-12 11:46:00,9,06,Alpes-Maritimes,06157,Vence,43.7373,7.0995,1.91,1.25,False,Malveillance,,
2025,2025-09-16 12:33:00,9,06,Alpes-Maritimes,06092,Peillon,43.7727,7.3668,0.12,0.0,False,Inconnue,,
2025,2025-09-16 17:53:00,9,06,Alpes-Maritimes,06039,Châteauneuf-Villevieille,43.8007,7.2951,0.017,0.0,False,Malveillance,,
2025,2025-09-16 17:55:00,9,06,Alpes-Maritimes,06039,Châteauneuf-Villevieille,43.8007,7.2951,0.027,0.0,False,Malveillance,,
2025,2025-09-16 17:59:00,9,06,Alpes-Maritimes,06039,Châteauneuf-Villevieille,43.8007,7.2951,0.0001,0.0,False,Malveillance,,
2025,2025-09-16 18:02:00,9,06,Alpes-Maritimes,06039,Châteauneuf-Villevieille,43.8007,7.2951,0.0001,0.0,False,Malveillance,,
2025,2025-09-16 18:05:00,9,06,Alpes-Maritimes,06039,Châteauneuf-Villevieille,43.8007,7.2951,0.03,0.0,False,Malveillance,,
2025,2025-09-16 18:07:00,9,06,Alpes-Maritimes,06039,Châteauneuf-Villevieille,43.8007,7.2951,0.015,0.0,False,Malveillance,,
2025,2025-09-16 18:13:00,9,06,Alpes-Maritimes,06039,Châteauneuf-Villevieille,43.8007,7.2951,0.004,0.0,False,Malveillance,,
2025,2025-09-16 18:15:00,9,06,Alpes-Maritimes,06039,Châteauneuf-Villevieille,43.8007,7.2951,0.002,0.0,False,Malveillance,,
2025,2025-09-17 15:50:00,9,33,Landes de Gascogne,33229,Lanton,44.7719,-0.9799,0.2,0.2,False,Inconnue,,
2025,2025-09-20 10:48:00,9,06,Alpes-Maritimes,06098,Puget-Rostang,44.0056,6.9333,4.94,4.71,False,Inconnue,,
2025,2025-09-20 22:26:00,9,40,Landes de Gascogne,40157,Lit-et-Mixe,44.0273,-1.2704,0.0005,0.0005,False,Inconnue,0.0,0.0
2025,2025-09-21 15:44:00,9,06,Alpes-Maritimes,06136,Sospel,43.8872,7.4493,0.0025,0.0,False,Inconnue,,
2025,2025-09-26 15:51:00,9,40,Landes de Gascogne,40310,Soustons,43.754,-1.3305,0.0002,0.0002,False,Accidentelle,0.0,0.0
2025,2025-10-01 01:55:00,10,06,Alpes-Maritimes,06067,Gorbio,43.787,7.4476,0.03,0.0,False,Inconnue,,
2025,2025-10-01 10:57:00,10,33,Landes de Gascogne,33026,Balizac,44.4878,-0.45,0.05,0.05,False,Malveillance,,
2025,2025-10-02 13:31:00,10,33,Landes de Gascogne,33011,Arès,44.7997,-1.0837,2.0,2.0,False,Malveillance,,
2025,2025-10-03 14:53:00,10,33,Landes de Gascogne,33097,Carcans,45.0794,-1.0404,0.015,0.015,False,Inconnue,,
2025,2025-10-10 10:09:00,10,40,Landes de Gascogne,40167,Luxey,44.2382,-0.5061,0.91,0.91,False,Involontaire (particulier),0.0,1.0
2025,2025-10-11 11:37:00,10,06,Alpes-Maritimes,06136,Sospel,43.8872,7.4493,0.15,0.0,False,Involontaire (travaux),,
2025,2025-10-11 15:36:00,10,06,Alpes-Maritimes,06042,Clans,44.003,7.1827,0.4,0.0,False,Inconnue,,
2025,2025-10-16 16:02:00,10,33,Landes de Gascogne,33312,Parempuyre,44.9548,-0.5844,0.05,0.05,False,Inconnue,,
2025,2025-10-19 11:54:00,10,33,Landes de Gascogne,33051,Biganos,44.6599,-0.9582,0.3,0.3,False,Inconnue,,
2025,2025-10-19 17:34:00,10,33,Landes de Gascogne,33426,Saint-Laurent-des-Combes,44.8737,-0.1377,0.05,0.05,False,Inconnue,,
2025,2025-10-25 20:13:00,10,06,Alpes-Maritimes,06083,Menton,43.7961,7.498,0.91,0.24,False,Inconnue,,
2025,2025-11-05 10:51:00,11,06,Alpes-Maritimes,06022,Bouyon,43.8272,7.125,5.13,0.51,False,Inconnue,,
2025,2025-11-05 13:05:00,11,33,Landes de Gascogne,33229,Lanton,44.7719,-0.9799,2.0,0.2,False,Accidentelle,,
2025,2025-11-27 14:49:00,11,06,Alpes-Maritimes,06049,Courmes,43.7514,7.0196,0.5,0.0,False,Inconnue,,
2025,2025-11-29 17:38:00,11,06,Alpes-Maritimes,06035,Castellar,43.8227,7.4989,0.16,0.0,False,Involontaire (travaux),,
2025,2025-12-28 14:49:00,12,33,Landes de Gascogne,33483,Saint-Sulpice-et-Cameyrac,44.9053,-0.3803,0.001,0.001,False,Inconnue,,
