insee,commune,dep,lat,lon,surface_km2,population,territoire,a_risque,statut,annee_approbation,annee_prescription,surface_brulee_ha
06001,Aiglun,06,43.8552,6.9348,15.392000000000001,104,Alpes-Maritimes,True,"À risque, sans plan",,,2.0
06002,Amirat,06,43.8973,6.8108,12.9704,45,Alpes-Maritimes,True,"À risque, sans plan",,,12.4
06003,Andon,06,43.7755,6.8211,54.3728,665,Alpes-Maritimes,True,"À risque, sans plan",,,4.8
06004,Antibes,06,43.5823,7.1048,26.7638,77637,Alpes-Maritimes,True,Plan approuvé,2009.0,2002.0,11.1
06005,Ascros,06,43.9171,7.0159,17.4739,174,Alpes-Maritimes,True,"À risque, sans plan",,,22.7
06006,Aspremont,06,43.7772,7.2423,9.2759,2346,Alpes-Maritimes,True,Plan approuvé,2022.0,2019.0,47.3
06007,Auribeau-sur-Siagne,06,43.6105,6.9118,5.2989,3401,Alpes-Maritimes,True,Plan approuvé,2000.0,1993.0,3.6
06008,Auvare,06,44.0062,6.9133,17.9623,52,Alpes-Maritimes,True,"À risque, sans plan",,,22.9
06009,Bairols,06,43.9856,7.1174,15.0536,105,Alpes-Maritimes,True,"À risque, sans plan",,,115.1
06010,Le Bar-sur-Loup,06,43.6993,6.9674,14.466099999999999,2974,Alpes-Maritimes,True,Plan approuvé,2007.0,2002.0,1.0
06011,Beaulieu-sur-Mer,06,43.7081,7.3324,1.0661,3874,Alpes-Maritimes,True,"Plan prescrit, non approuvé",,2003.0,0.4
06012,Beausoleil,06,43.7471,7.4227,2.7880000000000003,11936,Alpes-Maritimes,True,"À risque, sans plan",,,2.2
06013,Belvédère,06,44.0615,7.3612,75.3654,601,Alpes-Maritimes,True,"À risque, sans plan",,,299.4
06014,Bendejun,06,43.8309,7.2841,6.293099999999999,971,Alpes-Maritimes,True,"À risque, sans plan",,,0.0
06015,Berre-les-Alpes,06,43.8342,7.3306,9.4765,1316,Alpes-Maritimes,True,"À risque, sans plan",,,1.4
06016,Beuil,06,44.1176,6.9693,74.5438,483,Alpes-Maritimes,True,"À risque, sans plan",,,2.8
06017,Bézaudun-les-Alpes,06,43.8026,7.0908,21.6302,256,Alpes-Maritimes,True,"À risque, sans plan",,,16.6
06018,Biot,06,43.6273,7.0821,15.4805,10511,Alpes-Maritimes,True,Plan approuvé,2008.0,1996.0,1.0
06019,Blausasc,06,43.7938,7.357,10.1121,1668,Alpes-Maritimes,True,"À risque, sans plan",,,5.4
06020,La Bollène-Vésubie,06,43.9945,7.3749,35.3568,662,Alpes-Maritimes,True,"À risque, sans plan",,,10.5
06021,Bonson,06,43.8613,7.1786,6.6704,740,Alpes-Maritimes,True,Plan approuvé,2023.0,2021.0,2.0
06022,Bouyon,06,43.8272,7.125,12.387,557,Alpes-Maritimes,True,"À risque, sans plan",,,84.2
06023,Breil-sur-Roya,06,43.9379,7.4996,81.88470000000001,2377,Alpes-Maritimes,True,"À risque, sans plan",,,437.2
06024,Briançonnet,06,43.8654,6.7325,24.584600000000002,165,Alpes-Maritimes,True,"À risque, sans plan",,,34.7
06025,Le Broc,06,43.8146,7.1621,18.742,1446,Alpes-Maritimes,True,Plan approuvé,2023.0,2021.0,10.8
06026,Cabris,06,43.6602,6.8782,5.429500000000001,1450,Alpes-Maritimes,True,Plan approuvé,2006.0,2002.0,1.8
06027,Cagnes-sur-Mer,06,43.6712,7.1502,18.1436,53354,Alpes-Maritimes,True,Plan approuvé,2012.0,2003.0,15.9
06028,Caille,06,43.7686,6.7544,17.0058,441,Alpes-Maritimes,True,"À risque, sans plan",,,0.0
06029,Cannes,06,43.5454,7.0152,20.7709,74350,Alpes-Maritimes,True,Plan approuvé,2010.0,1994.0,1.5
06030,Le Cannet,06,43.5745,7.001,7.6967,41938,Alpes-Maritimes,True,Plan approuvé,2012.0,2002.0,0.9
06031,Cantaron,06,43.7694,7.3147,7.319,1268,Alpes-Maritimes,True,"À risque, sans plan",,,16.4
06032,Cap-d'Ail,06,43.7256,7.4008,2.1197999999999997,4482,Alpes-Maritimes,True,"À risque, sans plan",,,1.2
06033,Carros,06,43.785,7.1798,15.4253,13803,Alpes-Maritimes,True,Plan approuvé,2014.0,1997.0,72.0
06034,Castagniers,06,43.79,7.2298,6.9876,1666,Alpes-Maritimes,True,Plan approuvé,2015.0,1997.0,106.7
06035,Castellar,06,43.8227,7.4989,12.283199999999999,996,Alpes-Maritimes,True,"À risque, sans plan",,,12.9
06036,Castillon,06,43.8371,7.4627,7.5586,425,Alpes-Maritimes,True,"À risque, sans plan",,,1.2
06037,Caussols,06,43.7387,6.9071,27.6746,332,Alpes-Maritimes,True,"À risque, sans plan",,,5.9
06038,Châteauneuf-Grasse,06,43.6626,6.9792,9.0205,3815,Alpes-Maritimes,True,Plan approuvé,2007.0,2002.0,0.4
06039,Châteauneuf-Villevieille,06,43.8007,7.2951,8.419,997,Alpes-Maritimes,True,"À risque, sans plan",,,1.0
06040,Châteauneuf-d'Entraunes,06,44.1584,6.8405,29.496599999999997,62,Alpes-Maritimes,True,"À risque, sans plan",,,0.0
06041,Cipières,06,43.7665,6.9229,38.2604,393,Alpes-Maritimes,True,"À risque, sans plan",,,12.7
06042,Clans,06,44.003,7.1827,37.6486,703,Alpes-Maritimes,True,"À risque, sans plan",,,200.5
06043,Coaraze,06,43.8693,7.3014,17.008599999999998,827,Alpes-Maritimes,True,"À risque, sans plan",,,51.9
06044,La Colle-sur-Loup,06,43.6869,7.0975,9.83,8202,Alpes-Maritimes,True,Plan approuvé,2006.0,2005.0,1.2
06045,Collongues,06,43.8934,6.8642,10.8645,84,Alpes-Maritimes,True,"À risque, sans plan",,,0.0
06046,Colomars,06,43.757,7.2212,6.2215,3409,Alpes-Maritimes,True,Plan approuvé,2015.0,2003.0,3.5
06047,Conségudes,06,43.8395,7.0395,12.513699999999998,103,Alpes-Maritimes,True,"À risque, sans plan",,,0.0
06048,Contes,06,43.8133,7.3263,19.5238,7897,Alpes-Maritimes,True,"À risque, sans plan",,,1.7
06049,Courmes,06,43.7514,7.0196,15.8896,109,Alpes-Maritimes,True,"À risque, sans plan",,,59.2
06050,Coursegoules,06,43.7898,7.0384,41.2307,564,Alpes-Maritimes,True,"À risque, sans plan",,,192.9
06051,La Croix-sur-Roudoule,06,44.0032,6.871,29.8924,96,Alpes-Maritimes,True,"À risque, sans plan",,,1.9
06052,Cuébris,06,43.889,6.9955,22.9752,130,Alpes-Maritimes,True,"À risque, sans plan",,,0.0
06053,Daluis,06,44.0426,6.8045,39.598,147,Alpes-Maritimes,True,"À risque, sans plan",,,11.3
06054,Drap,06,43.7587,7.3395,5.499,5484,Alpes-Maritimes,True,"À risque, sans plan",,,0.2
06055,Duranus,06,43.8954,7.2796,16.073,151,Alpes-Maritimes,True,"À risque, sans plan",,,1.5
06056,Entraunes,06,44.2215,6.763,80.06,124,Alpes-Maritimes,True,"À risque, sans plan",,,0.0
06057,L'Escarène,06,43.8303,7.3665,10.5127,2585,Alpes-Maritimes,True,"À risque, sans plan",,,7.3
06058,Escragnolles,06,43.7236,6.7758,26.3019,622,Alpes-Maritimes,True,"À risque, sans plan",,,4.2
06059,Èze,06,43.7299,7.3566,9.4978,2144,Alpes-Maritimes,True,"Plan prescrit, non approuvé",,2003.0,3.7
06060,Falicon,06,43.7533,7.266,4.939,2185,Alpes-Maritimes,True,"Plan prescrit, non approuvé",,2003.0,4.0
06061,Les Ferres,06,43.8424,7.0966,13.8082,93,Alpes-Maritimes,True,"À risque, sans plan",,,0.0
06062,Fontan,06,44.0213,7.5527,49.5136,307,Alpes-Maritimes,True,"À risque, sans plan",,,230.4
06063,Gars,06,43.8612,6.8202,15.423599999999999,65,Alpes-Maritimes,True,"À risque, sans plan",,,0.2
06064,Gattières,06,43.769,7.1675,10.1868,4358,Alpes-Maritimes,True,Plan approuvé,2013.0,2003.0,1.6
06065,La Gaude,06,43.7177,7.1605,13.461199999999998,7265,Alpes-Maritimes,True,Plan approuvé,2014.0,2003.0,1.3
06066,Gilette,06,43.8436,7.1602,10.5875,1627,Alpes-Maritimes,True,Plan approuvé,2023.0,2021.0,15.4
06067,Gorbio,06,43.787,7.4476,7.0466999999999995,1609,Alpes-Maritimes,True,"À risque, sans plan",,,11.5
06068,Gourdon,06,43.7266,6.9622,22.5534,367,Alpes-Maritimes,True,"À risque, sans plan",,,5.0
06069,Grasse,06,43.656,6.937,44.23350000000001,50970,Alpes-Maritimes,True,Plan approuvé,2009.0,2002.0,5.6
06070,Gréolières,06,43.8037,6.9296,52.9328,631,Alpes-Maritimes,True,"À risque, sans plan",,,49.2
06071,Guillaumes,06,44.1007,6.8673,86.4743,587,Alpes-Maritimes,True,"À risque, sans plan",,,27.2
06072,Ilonse,06,44.0319,7.0901,40.622,132,Alpes-Maritimes,True,"À risque, sans plan",,,111.8
06073,Isola,06,44.1903,7.0835,99.6357,642,Alpes-Maritimes,True,"À risque, sans plan",,,101.8
06074,Lantosque,06,43.9787,7.3121,44.7314,1198,Alpes-Maritimes,True,"À risque, sans plan",,,412.0
06075,Levens,06,43.8501,7.2358,29.6847,5377,Alpes-Maritimes,True,"Plan prescrit, non approuvé",,2003.0,3.8
06076,Lieuche,06,44.0001,7.0361,13.1374,50,Alpes-Maritimes,True,"À risque, sans plan",,,1.4
06077,Lucéram,06,43.8997,7.3506,65.1971,1234,Alpes-Maritimes,True,"À risque, sans plan",,,172.2
06078,Malaussène,06,43.9146,7.1389,19.4628,326,Alpes-Maritimes,True,"À risque, sans plan",,,0.0
06079,Mandelieu-la-Napoule,06,43.5334,6.918,32.0788,21640,Alpes-Maritimes,True,Plan approuvé,2021.0,2019.0,3.8
06080,Marie,06,44.0319,7.1668,14.6405,109,Alpes-Maritimes,True,"À risque, sans plan",,,0.7
06081,Le Mas,06,43.8388,6.8572,32.272800000000004,97,Alpes-Maritimes,True,"À risque, sans plan",,,2.7
06082,Massoins,06,43.9552,7.1305,11.9277,138,Alpes-Maritimes,True,"À risque, sans plan",,,20.0
06083,Menton,06,43.7961,7.498,14.2235,30604,Alpes-Maritimes,True,"À risque, sans plan",,,186.9
06084,Mouans-Sartoux,06,43.6192,6.9677,12.628499999999999,11015,Alpes-Maritimes,True,Plan approuvé,2009.0,1996.0,4.2
06085,Mougins,06,43.5931,7.0046,26.089499999999997,19782,Alpes-Maritimes,True,Plan approuvé,2008.0,2002.0,2.2
06086,Moulinet,06,43.9503,7.4128,40.993,268,Alpes-Maritimes,True,"À risque, sans plan",,,28.0
06087,Les Mujouls,06,43.8728,6.8649,14.581199999999999,37,Alpes-Maritimes,True,"À risque, sans plan",,,0.0
06088,Nice,06,43.7032,7.2528,73.8049,357737,Alpes-Maritimes,True,Plan approuvé,2017.0,2003.0,31.7
06089,Opio,06,43.6574,7.0094,9.3415,2527,Alpes-Maritimes,True,Plan approuvé,2007.0,2002.0,1.6
06090,Pégomas,06,43.5886,6.9213,11.1052,8240,Alpes-Maritimes,True,Plan approuvé,2001.0,1996.0,1.8
06091,Peille,06,43.8043,7.4088,42.8178,2123,Alpes-Maritimes,True,"À risque, sans plan",,,16.7
06092,Peillon,06,43.7727,7.3668,8.680399999999999,1408,Alpes-Maritimes,True,"À risque, sans plan",,,4.7
06093,La Penne,06,43.9202,6.9361,17.9818,254,Alpes-Maritimes,True,"À risque, sans plan",,,3.7
06094,Péone,06,44.1333,6.925,48.4467,1094,Alpes-Maritimes,True,"À risque, sans plan",,,6.7
06095,Peymeinade,06,43.6289,6.8807,9.921100000000001,8514,Alpes-Maritimes,True,Plan approuvé,2007.0,1997.0,2.0
06096,Pierlas,06,44.035,7.0177,31.383899999999997,98,Alpes-Maritimes,True,"À risque, sans plan",,,4.9
06097,Pierrefeu,06,43.8883,7.0743,22.156,337,Alpes-Maritimes,True,"À risque, sans plan",,,0.2
06098,Puget-Rostang,06,44.0056,6.9333,22.4016,116,Alpes-Maritimes,True,"À risque, sans plan",,,19.5
06099,Puget-Théniers,06,43.9498,6.9049,21.3502,1798,Alpes-Maritimes,True,"À risque, sans plan",,,1.9
06100,Revest-les-Roches,06,43.8823,7.1693,8.7195,239,Alpes-Maritimes,True,"À risque, sans plan",,,28.8
06101,Rigaud,06,43.9942,6.976,32.236799999999995,165,Alpes-Maritimes,True,"À risque, sans plan",,,76.0
06102,Rimplas,06,44.0997,7.1449,24.8398,156,Alpes-Maritimes,True,"À risque, sans plan",,,1.4
06103,Roquebillière,06,44.0282,7.2885,25.679299999999998,1818,Alpes-Maritimes,True,"À risque, sans plan",,,141.1
06104,Roquebrune-Cap-Martin,06,43.7638,7.4576,9.483600000000001,12037,Alpes-Maritimes,True,"À risque, sans plan",,,66.8
06105,Roquefort-les-Pins,06,43.6723,7.0565,21.6664,7292,Alpes-Maritimes,True,Plan approuvé,2009.0,1997.0,1.4
06106,Roquestéron,06,43.8696,7.0232,6.340599999999999,552,Alpes-Maritimes,True,"À risque, sans plan",,,0.3
06107,La Roque-en-Provence,06,43.8494,6.9916,23.8223,67,Alpes-Maritimes,True,"À risque, sans plan",,,0.1
06108,La Roquette-sur-Siagne,06,43.5853,6.9475,6.2348,5669,Alpes-Maritimes,True,Plan approuvé,2009.0,2002.0,0.1
06109,La Roquette-sur-Var,06,43.8328,7.2072,4.2002999999999995,921,Alpes-Maritimes,True,Plan approuvé,2015.0,2003.0,7.8
06110,Roubion,06,44.1121,7.0233,26.983,112,Alpes-Maritimes,True,"À risque, sans plan",,,0.3
06111,Roure,06,44.1139,7.0603,39.6612,116,Alpes-Maritimes,True,"À risque, sans plan",,,0.6
06112,Le Rouret,06,43.6803,7.0081,7.1887,4209,Alpes-Maritimes,True,Plan approuvé,2006.0,1997.0,0.2
06113,Sainte-Agnès,06,43.8046,7.4605,9.455599999999999,1380,Alpes-Maritimes,True,"À risque, sans plan",,,0.4
06114,Saint-André-de-la-Roche,06,43.7455,7.2875,2.847,5896,Alpes-Maritimes,True,"Plan prescrit, non approuvé",,2003.0,2.8
06115,Saint-Antonin,06,43.9085,6.9739,6.3824000000000005,85,Alpes-Maritimes,True,"À risque, sans plan",,,0.6
06116,Saint-Auban,06,43.8319,6.7367,42.7628,194,Alpes-Maritimes,True,"À risque, sans plan",,,42.6
06117,Saint-Blaise,06,43.8132,7.2283,7.9697000000000005,1397,Alpes-Maritimes,True,Plan approuvé,2015.0,1997.0,2.1
06118,Saint-Cézaire-sur-Siagne,06,43.6592,6.8049,29.949499999999997,4056,Alpes-Maritimes,True,Plan approuvé,2002.0,1993.0,46.0
06119,Saint-Dalmas-le-Selvage,06,44.281,6.8452,80.967,98,Alpes-Maritimes,True,"À risque, sans plan",,,0.0
06120,Saint-Étienne-de-Tinée,06,44.2597,6.9252,172.743,1289,Alpes-Maritimes,True,"À risque, sans plan",,,2.2
06121,Saint-Jean-Cap-Ferrat,06,43.6883,7.3349,2.6455,1531,Alpes-Maritimes,True,"Plan prescrit, non approuvé",,2003.0,0.0
06122,Saint-Jeannet,06,43.7619,7.1477,14.5908,4453,Alpes-Maritimes,True,Plan approuvé,2013.0,2003.0,5.5
06123,Saint-Laurent-du-Var,06,43.6865,7.1822,9.485800000000001,32172,Alpes-Maritimes,True,Plan approuvé,2014.0,2003.0,1.9
06124,Saint-Léger,06,44.0014,6.8189,4.513,61,Alpes-Maritimes,True,"À risque, sans plan",,,0.8
06125,Saint-Martin-d'Entraunes,06,44.1453,6.7492,39.6768,138,Alpes-Maritimes,True,"À risque, sans plan",,,0.0
06126,Saint-Martin-du-Var,06,43.8168,7.2012,4.8793,3431,Alpes-Maritimes,True,Plan approuvé,2015.0,2003.0,12.7
06127,Saint-Martin-Vésubie,06,44.0944,7.307,97.65729999999999,1337,Alpes-Maritimes,True,"À risque, sans plan",,,2.3
06128,Saint-Paul-de-Vence,06,43.6928,7.1196,7.2676,3203,Alpes-Maritimes,True,Plan approuvé,2006.0,2004.0,0.7
06129,Saint-Sauveur-sur-Tinée,06,44.1163,7.1226,32.1843,290,Alpes-Maritimes,True,"À risque, sans plan",,,0.3
06130,Saint-Vallier-de-Thiey,06,43.6994,6.8516,52.0831,3658,Alpes-Maritimes,True,Plan approuvé,2006.0,1994.0,378.4
06131,Sallagriffon,06,43.8805,6.9117,9.6176,47,Alpes-Maritimes,True,"À risque, sans plan",,,0.0
06132,Saorge,06,43.9935,7.5403,84.5719,430,Alpes-Maritimes,True,"À risque, sans plan",,,155.3
06133,Sauze,06,44.0862,6.7987,27.531399999999998,67,Alpes-Maritimes,True,"À risque, sans plan",,,3.2
06134,Séranon,06,43.7655,6.6892,23.249499999999998,540,Alpes-Maritimes,True,"À risque, sans plan",,,2.5
06135,Sigale,06,43.8742,6.9652,5.549600000000001,204,Alpes-Maritimes,True,"À risque, sans plan",,,3.6
06136,Sospel,06,43.8872,7.4493,62.3483,3791,Alpes-Maritimes,True,"À risque, sans plan",,,104.6
06137,Spéracèdes,06,43.652,6.8573,3.4563,1241,Alpes-Maritimes,True,Plan approuvé,2006.0,2002.0,5.9
06138,Théoule-sur-Mer,06,43.499,6.9303,10.6959,1477,Alpes-Maritimes,True,Plan approuvé,2022.0,2019.0,1.3
06139,Thiéry,06,43.9759,7.0365,21.984499999999997,91,Alpes-Maritimes,True,"À risque, sans plan",,,3.2
06140,Le Tignet,06,43.6257,6.8538,11.318299999999999,3212,Alpes-Maritimes,True,Plan approuvé,2007.0,2006.0,0.1
06141,Toudon,06,43.8857,7.1094,18.4899,355,Alpes-Maritimes,True,"À risque, sans plan",,,9.8
06142,Touët-de-l'Escarène,06,43.8516,7.3799,4.5883,300,Alpes-Maritimes,True,"À risque, sans plan",,,65.6
06143,Touët-sur-Var,06,43.9433,7.0091,14.4149,748,Alpes-Maritimes,True,"À risque, sans plan",,,0.0
06144,La Tour,06,43.9645,7.196,36.2845,540,Alpes-Maritimes,True,"À risque, sans plan",,,9.1
06145,Tourette-du-Château,06,43.8812,7.1365,9.6186,147,Alpes-Maritimes,True,"À risque, sans plan",,,3.6
06146,Tournefort,06,43.942,7.1596,9.9014,147,Alpes-Maritimes,True,"À risque, sans plan",,,15.1
06147,Tourrette-Levens,06,43.7882,7.275,16.5386,4624,Alpes-Maritimes,True,"Plan prescrit, non approuvé",,2003.0,8.3
06148,Tourrettes-sur-Loup,06,43.718,7.0353,29.3558,4165,Alpes-Maritimes,True,Plan approuvé,2022.0,2019.0,84.6
06149,La Trinité,06,43.7415,7.3413,14.7592,10602,Alpes-Maritimes,True,"Plan prescrit, non approuvé",,2003.0,31.4
06150,La Turbie,06,43.7462,7.3973,7.3837,3045,Alpes-Maritimes,True,"À risque, sans plan",,,2.6
06151,Utelle,06,43.9392,7.2458,67.8557,805,Alpes-Maritimes,True,"À risque, sans plan",,,6.9
06152,Valbonne,06,43.6267,7.0291,20.1005,11939,Alpes-Maritimes,True,Plan approuvé,2008.0,1996.0,0.7
06153,Valdeblore,06,44.1152,7.1949,93.0088,835,Alpes-Maritimes,True,"À risque, sans plan",,,119.4
06154,Valderoure,06,43.7943,6.7038,25.2678,539,Alpes-Maritimes,True,"À risque, sans plan",,,0.4
06155,Vallauris,06,43.5787,7.0604,13.1801,29259,Alpes-Maritimes,True,Plan approuvé,2012.0,2002.0,1.3
06156,Venanson,06,44.0412,7.2386,17.974,195,Alpes-Maritimes,True,"À risque, sans plan",,,34.3
06157,Vence,06,43.7373,7.0995,39.4133,19917,Alpes-Maritimes,True,Plan approuvé,2016.0,2014.0,255.2
06158,Villars-sur-Var,06,43.9564,7.076,25.4318,780,Alpes-Maritimes,True,"À risque, sans plan",,,23.1
06159,Villefranche-sur-Mer,06,43.7081,7.3243,4.8966,5008,Alpes-Maritimes,True,"Plan prescrit, non approuvé",,2003.0,1.0
06160,Villeneuve-d'Entraunes,06,44.1301,6.774,27.985100000000003,82,Alpes-Maritimes,True,"À risque, sans plan",,,0.6
06161,Villeneuve-Loubet,06,43.647,7.0984,19.8976,17548,Alpes-Maritimes,True,Plan approuvé,2013.0,2002.0,0.7
06162,La Brigue,06,44.0897,7.6496,93.48649999999999,763,Alpes-Maritimes,True,"À risque, sans plan",,,105.8
06163,Tende,06,44.0971,7.5499,177.25330000000002,1775,Alpes-Maritimes,True,"À risque, sans plan",,,68.1
33001,Abzac,33,45.0123,-0.1281,13.4475,2048,Landes de Gascogne,False,Non classée à risque,,,1.6
33002,Aillas,33,44.4848,-0.0673,35.135999999999996,786,Landes de Gascogne,True,"À risque, sans plan",,,2.1
33003,Ambarès-et-Lagrave,33,44.9517,-0.5,24.7192,17644,Landes de Gascogne,False,Non classée à risque,,,0.5
33004,Ambès,33,45.0123,-0.5486,24.7591,3313,Landes de Gascogne,False,Non classée à risque,,,0.0
33005,Andernos-les-Bains,33,44.7529,-1.082,20.5641,12710,Landes de Gascogne,True,Plan approuvé,2010.0,2004.0,3.1
33006,Anglade,33,45.2123,-0.6414,13.8974,887,Landes de Gascogne,False,Non classée à risque,,,0.1
33007,Arbanats,33,44.6679,-0.4025,7.6097,1357,Landes de Gascogne,True,"À risque, sans plan",,,1.1
33008,Porte-de-Benauge,33,44.6821,-0.2265,19.0623,602,Landes de Gascogne,False,Non classée à risque,,,1.2
33009,Arcachon,33,44.6515,-1.1718,7.7263,11092,Landes de Gascogne,True,"Plan prescrit, non approuvé",,2007.0,0.7
33010,Arcins,33,45.0762,-0.7071,7.3762,540,Landes de Gascogne,False,Non classée à risque,,,0.0
33011,Arès,33,44.7997,-1.0837,49.0155,6482,Landes de Gascogne,True,"Plan prescrit, non approuvé",,2004.0,136.4
33012,Arsac,33,44.9869,-0.7018,32.4414,4124,Landes de Gascogne,True,"À risque, sans plan",,,74.8
33013,Artigues-près-Bordeaux,33,44.8592,-0.4878,7.255,8687,Landes de Gascogne,False,Non classée à risque,,,0.0
33014,Les Artigues-de-Lussac,33,44.9735,-0.1427,10.2013,1119,Landes de Gascogne,False,Non classée à risque,,,5.7
33015,Arveyres,33,44.89,-0.2798,17.5061,2056,Landes de Gascogne,False,Non classée à risque,,,0.0
33016,Asques,33,44.9487,-0.4248,6.2352,440,Landes de Gascogne,False,Non classée à risque,,,0.0
33017,Aubiac,33,44.4713,-0.2438,5.5661000000000005,317,Landes de Gascogne,True,"À risque, sans plan",,,1.0
33018,Val de Virvée,33,45.021,-0.3887,20.7801,3793,Landes de Gascogne,False,Non classée à risque,,,0.2
33019,Audenge,33,44.7133,-0.9533,81.79939999999999,9596,Landes de Gascogne,True,"Plan prescrit, non approuvé",,2007.0,89.3
33020,Auriolles,33,44.7333,0.0444,7.0667,136,Landes de Gascogne,False,Non classée à risque,,,0.2
33021,Auros,33,44.5117,-0.159,15.2959,1072,Landes de Gascogne,True,"À risque, sans plan",,,15.1
33022,Avensan,33,45.0033,-0.7574,52.8904,3140,Landes de Gascogne,True,"À risque, sans plan",,,312.7
33023,Ayguemorte-les-Graves,33,44.7027,-0.4857,6.3392,1425,Landes de Gascogne,True,"À risque, sans plan",,,0.4
33024,Bagas,33,44.6186,-0.0501,3.6666000000000003,283,Landes de Gascogne,False,Non classée à risque,,,0.0
33025,Baigneaux,33,44.7246,-0.1957,8.0056,451,Landes de Gascogne,False,Non classée à risque,,,0.6
33026,Balizac,33,44.4878,-0.45,41.925,520,Landes de Gascogne,True,"À risque, sans plan",,,10.3
33027,Barie,33,44.5721,-0.1131,5.2647,274,Landes de Gascogne,False,Non classée à risque,,,0.0
33028,Baron,33,44.8218,-0.318,10.343499999999999,1218,Landes de Gascogne,False,Non classée à risque,,,0.0
33029,Le Barp,33,44.6297,-0.7437,107.46870000000001,5806,Landes de Gascogne,True,"À risque, sans plan",,,129.6
33030,Barsac,33,44.6036,-0.3259,14.553199999999999,2058,Landes de Gascogne,False,Non classée à risque,,,0.0
33031,Bassanne,33,44.5598,-0.0944,2.5194,131,Landes de Gascogne,False,Non classée à risque,,,0.0
33032,Bassens,33,44.9068,-0.526,10.2772,8435,Landes de Gascogne,False,Non classée à risque,,,0.0
33033,Baurech,33,44.725,-0.4303,7.69,907,Landes de Gascogne,False,Non classée à risque,,,0.0
33034,Bayas,33,45.0736,-0.2048,11.8116,453,Landes de Gascogne,True,"À risque, sans plan",,,21.8
33035,Bayon-sur-Gironde,33,45.0421,-0.6094,11.1547,734,Landes de Gascogne,False,Non classée à risque,,,0.0
33036,Bazas,33,44.4409,-0.2177,37.5189,4854,Landes de Gascogne,True,"À risque, sans plan",,,5.0
33037,Beautiran,33,44.7035,-0.4604,6.3251,2488,Landes de Gascogne,False,Non classée à risque,,,0.0
33038,Bégadan,33,45.3784,-0.8778,31.4065,893,Landes de Gascogne,False,Non classée à risque,,,0.0
33039,Bègles,33,44.803,-0.5485,10.8747,31831,Landes de Gascogne,False,Non classée à risque,,,0.0
33040,Béguey,33,44.6494,-0.326,3.1349,1308,Landes de Gascogne,False,Non classée à risque,,,0.0
33042,Belin-Béliet,33,44.4959,-0.7989,156.07219999999998,6275,Landes de Gascogne,True,"À risque, sans plan",,,31.3
33043,Bellebat,33,44.7367,-0.2226,4.8856,329,Landes de Gascogne,False,Non classée à risque,,,0.0
33044,Bellefond,33,44.768,-0.1738,3.2173000000000003,213,Landes de Gascogne,False,Non classée à risque,,,0.8
33045,Belvès-de-Castillon,33,44.8785,-0.0257,6.7238,327,Landes de Gascogne,False,Non classée à risque,,,0.8
33046,Bernos-Beaulac,33,44.3641,-0.259,36.542,1131,Landes de Gascogne,True,"À risque, sans plan",,,1.0
33047,Berson,33,45.1188,-0.5782,17.9465,1846,Landes de Gascogne,False,Non classée à risque,,,2.8
33048,Berthez,33,44.4826,-0.1288,5.9929,301,Landes de Gascogne,False,Non classée à risque,,,0.5
33049,Beychac-et-Caillau,33,44.8708,-0.3726,15.8528,2625,Landes de Gascogne,False,Non classée à risque,,,0.1
33050,Bieujac,33,44.5407,-0.1525,7.000800000000001,654,Landes de Gascogne,False,Non classée à risque,,,0.0
33051,Biganos,33,44.6599,-0.9582,51.6198,11431,Landes de Gascogne,True,Plan approuvé,2010.0,2007.0,53.1
33052,Les Billaux,33,44.9612,-0.2421,6.2635000000000005,1174,Landes de Gascogne,False,Non classée à risque,,,0.0
33053,Birac,33,44.4144,-0.1457,10.2552,240,Landes de Gascogne,True,"À risque, sans plan",,,0.8
33054,Blaignac,33,44.5488,-0.052,3.2226999999999997,335,Landes de Gascogne,False,Non classée à risque,,,0.0
33055,Blaignan-Prignac,33,45.321,-0.8882,14.4409,450,Landes de Gascogne,False,Non classée à risque,,,0.0
33056,Blanquefort,33,44.9216,-0.61,34.0924,17215,Landes de Gascogne,False,Non classée à risque,,,23.7
33057,Blasimon,33,44.7523,-0.0895,29.745,959,Landes de Gascogne,False,Non classée à risque,,,0.1
33058,Blaye,33,45.1311,-0.667,15.6237,5066,Landes de Gascogne,False,Non classée à risque,,,0.0
33059,Blésignac,33,44.7786,-0.2537,2.6214,313,Landes de Gascogne,False,Non classée à risque,,,0.0
33060,Bommes,33,44.5546,-0.3454,5.8118,459,Landes de Gascogne,False,Non classée à risque,,,0.0
33061,Bonnetan,33,44.8207,-0.4091,4.3841,1065,Landes de Gascogne,False,Non classée à risque,,,0.0
33062,Bonzac,33,45.0089,-0.2238,7.6177,805,Landes de Gascogne,False,Non classée à risque,,,0.0
33063,Bordeaux,33,44.8624,-0.5848,49.773999999999994,267991,Landes de Gascogne,False,Non classée à risque,,,0.2
33064,Bossugan,33,44.7911,-0.0517,2.4125,49,Landes de Gascogne,False,Non classée à risque,,,0.0
33065,Bouliac,33,44.8165,-0.5026,7.8104,3804,Landes de Gascogne,False,Non classée à risque,,,0.0
33066,Bourdelles,33,44.5595,0.0074,7.2107,97,Landes de Gascogne,False,Non classée à risque,,,0.0
33067,Bourg,33,45.0396,-0.5484,13.922699999999999,2244,Landes de Gascogne,False,Non classée à risque,,,0.0
33068,Bourideys,33,44.3614,-0.4769,48.555,98,Landes de Gascogne,True,"À risque, sans plan",,,5.3
33069,Le Bouscat,33,44.865,-0.6033,5.2791999999999994,25081,Landes de Gascogne,False,Non classée à risque,,,0.0
33070,Brach,33,45.0409,-0.9468,28.7913,906,Landes de Gascogne,True,"À risque, sans plan",,,5.3
33071,Branne,33,44.8299,-0.181,2.4181,1296,Landes de Gascogne,False,Non classée à risque,,,0.0
33072,Brannens,33,44.5215,-0.1568,6.0649,251,Landes de Gascogne,False,Non classée à risque,,,0.0
33073,Braud-et-Saint-Louis,33,45.2569,-0.6581,66.7762,1527,Landes de Gascogne,False,Non classée à risque,,,2.6
33074,Brouqueyran,33,44.4911,-0.1753,5.694,196,Landes de Gascogne,False,Non classée à risque,,,0.0
33075,Bruges,33,44.8893,-0.6029,14.2103,20020,Landes de Gascogne,False,Non classée à risque,,,0.0
33076,Budos,33,44.537,-0.4058,21.2523,823,Landes de Gascogne,True,"À risque, sans plan",,,8.6
33077,Cabanac-et-Villagrains,33,44.5889,-0.5412,69.48729999999999,2400,Landes de Gascogne,True,"À risque, sans plan",,,1.6
33078,Cabara,33,44.8299,-0.1612,3.4373,526,Landes de Gascogne,False,Non classée à risque,,,0.0
33079,Cadarsac,33,44.8631,-0.2845,2.3115,342,Landes de Gascogne,False,Non classée à risque,,,0.0
33080,Cadaujac,33,44.7468,-0.5316,15.380899999999999,6909,Landes de Gascogne,True,"À risque, sans plan",,,0.8
33081,Cadillac-sur-Garonne,33,44.6407,-0.3076,5.4369000000000005,2670,Landes de Gascogne,False,Non classée à risque,,,0.1
33082,Cadillac-en-Fronsadais,33,44.9612,-0.3732,3.7870999999999997,1336,Landes de Gascogne,False,Non classée à risque,,,0.0
33083,Camarsac,33,44.8256,-0.3703,5.404,1048,Landes de Gascogne,False,Non classée à risque,,,1.0
33084,Cambes,33,44.7408,-0.4644,5.3441,1897,Landes de Gascogne,False,Non classée à risque,,,0.0
33085,Camblanes-et-Meynac,33,44.7643,-0.474,8.845,3181,Landes de Gascogne,False,Non classée à risque,,,0.0
33086,Camiac-et-Saint-Denis,33,44.7956,-0.292,6.6107000000000005,344,Landes de Gascogne,False,Non classée à risque,,,0.2
33087,Camiran,33,44.6346,-0.0664,5.787000000000001,419,Landes de Gascogne,False,Non classée à risque,,,0.0
33088,Camps-sur-l'Isle,33,45.0175,-0.0342,3.0438,621,Landes de Gascogne,False,Non classée à risque,,,0.0
33089,Campugnan,33,45.1834,-0.5607,6.2977,516,Landes de Gascogne,True,"À risque, sans plan",,,0.0
33090,Canéjan,33,44.7572,-0.659,12.0681,5756,Landes de Gascogne,True,"À risque, sans plan",,,7.0
33093,Capian,33,44.7179,-0.3277,18.2693,809,Landes de Gascogne,False,Non classée à risque,,,0.0
33094,Caplong,33,44.767,0.1507,9.443999999999999,245,Landes de Gascogne,False,Non classée à risque,,,0.5
33095,Captieux,33,44.2621,-0.2981,120.0399,1429,Landes de Gascogne,True,"À risque, sans plan",,,185.7
33096,Carbon-Blanc,33,44.9019,-0.5008,3.9236,8331,Landes de Gascogne,False,Non classée à risque,,,0.0
33097,Carcans,33,45.0794,-1.0404,201.2621,2415,Landes de Gascogne,True,Plan approuvé,2010.0,2007.0,20.3
33098,Cardan,33,44.6828,-0.3226,4.255199999999999,510,Landes de Gascogne,False,Non classée à risque,,,0.0
33099,Carignan-de-Bordeaux,33,44.8093,-0.4739,8.7583,4388,Landes de Gascogne,False,Non classée à risque,,,0.0
33100,Cars,33,45.1272,-0.616,11.076300000000002,1227,Landes de Gascogne,False,Non classée à risque,,,0.1
33101,Cartelègue,33,45.1882,-0.5732,11.4791,1334,Landes de Gascogne,True,"À risque, sans plan",,,0.3
33102,Casseuil,33,44.5881,-0.1157,6.391699999999999,363,Landes de Gascogne,False,Non classée à risque,,,0.0
33103,Castelmoron-d'Albret,33,44.6797,-0.0115,0.028399999999999998,50,Landes de Gascogne,False,Non classée à risque,,,0.0
33104,Castelnau-de-Médoc,33,45.0033,-0.8162,23.9415,4907,Landes de Gascogne,True,"À risque, sans plan",,,69.3
33105,Castelviel,33,44.6676,-0.1525,8.0151,205,Landes de Gascogne,False,Non classée à risque,,,0.0
33106,Castets et Castillon,33,44.5544,-0.1366,13.0219,1551,Landes de Gascogne,False,Non classée à risque,,,0.2
33108,Castillon-la-Bataille,33,44.8622,-0.0244,5.633500000000001,3344,Landes de Gascogne,False,Non classée à risque,,,0.0
33109,Castres-Gironde,33,44.6866,-0.4566,6.994299999999999,2695,Landes de Gascogne,True,"À risque, sans plan",,,4.3
33111,Caudrot,33,44.5845,-0.1447,6.135700000000001,1134,Landes de Gascogne,False,Non classée à risque,,,0.0
33112,Caumont,33,44.6956,-0.0118,7.6227,133,Landes de Gascogne,False,Non classée à risque,,,2.4
33113,Cauvignac,33,44.4171,-0.0686,5.5486,143,Landes de Gascogne,True,"À risque, sans plan",,,0.0
33114,Cavignac,33,45.0981,-0.3784,6.6908,2372,Landes de Gascogne,False,Non classée à risque,,,0.8
33115,Cazalis,33,44.3304,-0.3875,47.022200000000005,269,Landes de Gascogne,True,"À risque, sans plan",,,18.5
33116,Cazats,33,44.4728,-0.2016,7.4925999999999995,400,Landes de Gascogne,False,Non classée à risque,,,0.0
33117,Cazaugitat,33,44.7125,0.01,14.4488,220,Landes de Gascogne,False,Non classée à risque,,,0.5
33118,Cénac,33,44.7849,-0.4573,7.5007,2195,Landes de Gascogne,False,Non classée à risque,,,0.0
33119,Cenon,33,44.8552,-0.5223,5.686699999999999,26834,Landes de Gascogne,False,Non classée à risque,,,0.0
33120,Cérons,33,44.6268,-0.3404,5.8576,2126,Landes de Gascogne,True,"À risque, sans plan",,,0.0
33121,Cessac,33,44.7411,-0.187,3.7047000000000003,196,Landes de Gascogne,False,Non classée à risque,,,0.0
33122,Cestas,33,44.7274,-0.7349,99.5477,16666,Landes de Gascogne,True,"Plan prescrit, non approuvé",,2007.0,107.5
33123,Cézac,33,45.0867,-0.4171,19.381600000000002,2727,Landes de Gascogne,False,Non classée à risque,,,3.5
33124,Chamadelle,33,45.0975,-0.0883,15.3696,725,Landes de Gascogne,True,"À risque, sans plan",,,2.4
33125,Cissac-Médoc,33,45.2149,-0.8413,23.5758,2332,Landes de Gascogne,True,"À risque, sans plan",,,1075.6
33126,Civrac-de-Blaye,33,45.1124,-0.4574,13.343900000000001,795,Landes de Gascogne,False,Non classée à risque,,,0.4
33127,Civrac-sur-Dordogne,33,44.8306,-0.0784,1.9363,206,Landes de Gascogne,False,Non classée à risque,,,0.0
33128,Civrac-en-Médoc,33,45.342,-0.9146,18.4567,634,Landes de Gascogne,False,Non classée à risque,,,0.0
33129,Cleyrac,33,44.7193,-0.0387,6.0745000000000005,148,Landes de Gascogne,False,Non classée à risque,,,0.0
33130,Coimères,33,44.5004,-0.213,12.909,1103,Landes de Gascogne,True,"À risque, sans plan",,,2.5
33131,Coirac,33,44.6853,-0.1735,5.7641,219,Landes de Gascogne,False,Non classée à risque,,,0.0
33132,Comps,33,45.0661,-0.5941,1.7211,531,Landes de Gascogne,False,Non classée à risque,,,0.0
33133,Coubeyrac,33,44.7835,0.0512,5.6226,74,Landes de Gascogne,False,Non classée à risque,,,0.0
33134,Couquèques,33,45.3459,-0.8454,6.5072,270,Landes de Gascogne,False,Non classée à risque,,,0.0
33135,Courpiac,33,44.7568,-0.1859,2.2093000000000003,121,Landes de Gascogne,False,Non classée à risque,,,0.0
33136,Cours-de-Monségur,33,44.6489,0.1353,9.6189,237,Landes de Gascogne,False,Non classée à risque,,,0.0
33137,Cours-les-Bains,33,44.3788,-0.006,10.4388,227,Landes de Gascogne,True,"À risque, sans plan",,,1.8
33138,Coutras,33,45.0408,-0.1003,33.789,8678,Landes de Gascogne,False,Non classée à risque,,,1.2
33139,Coutures,33,44.6566,0.0318,3.3857999999999997,89,Landes de Gascogne,False,Non classée à risque,,,1.0
33140,Créon,33,44.7688,-0.3444,7.965800000000001,4950,Landes de Gascogne,False,Non classée à risque,,,0.0
33141,Croignon,33,44.8209,-0.3452,4.6443,749,Landes de Gascogne,False,Non classée à risque,,,0.0
33142,Cubnezais,33,45.0744,-0.4202,10.347100000000001,1915,Landes de Gascogne,False,Non classée à risque,,,3.6
33143,Cubzac-les-Ponts,33,44.9674,-0.4426,8.9158,2693,Landes de Gascogne,False,Non classée à risque,,,0.0
33144,Cudos,33,44.3786,-0.1841,34.8346,793,Landes de Gascogne,True,"À risque, sans plan",,,6.8
33145,Cursan,33,44.7963,-0.3339,6.0625,663,Landes de Gascogne,False,Non classée à risque,,,0.6
33146,Cussac-Fort-Médoc,33,45.1207,-0.726,24.395599999999998,2279,Landes de Gascogne,True,"À risque, sans plan",,,14.9
33147,Daignac,33,44.7987,-0.2337,5.715700000000001,473,Landes de Gascogne,False,Non classée à risque,,,0.0
33148,Dardenac,33,44.7834,-0.2377,1.5209000000000001,98,Landes de Gascogne,False,Non classée à risque,,,0.0
33149,Daubèze,33,44.7121,-0.1359,5.6821,143,Landes de Gascogne,False,Non classée à risque,,,0.0
33150,Dieulivol,33,44.6817,0.1062,10.4557,334,Landes de Gascogne,False,Non classée à risque,,,0.0
33151,Donnezac,33,45.2397,-0.4468,36.5037,926,Landes de Gascogne,True,"À risque, sans plan",,,9.8
33152,Donzac,33,44.6488,-0.2564,4.3957999999999995,122,Landes de Gascogne,False,Non classée à risque,,,0.0
33153,Doulezon,33,44.7939,-0.0009,7.5543,286,Landes de Gascogne,False,Non classée à risque,,,0.0
33154,Les Églisottes-et-Chalaures,33,45.0946,-0.0389,17.3125,2205,Landes de Gascogne,True,"À risque, sans plan",,,6.7
33155,Escaudes,33,44.3174,-0.2043,25.738400000000002,171,Landes de Gascogne,True,"À risque, sans plan",,,8.7
33156,Escoussans,33,44.6786,-0.2766,5.1392,273,Landes de Gascogne,False,Non classée à risque,,,0.0
33157,Espiet,33,44.7983,-0.2683,6.7807,741,Landes de Gascogne,False,Non classée à risque,,,0.0
33158,Les Esseintes,33,44.6104,-0.0655,5.0888,244,Landes de Gascogne,False,Non classée à risque,,,0.0
33159,Étauliers,33,45.2221,-0.5851,13.038599999999999,1662,Landes de Gascogne,True,"À risque, sans plan",,,2.6
33160,Eynesse,33,44.8184,0.1503,7.561699999999999,581,Landes de Gascogne,False,Non classée à risque,,,0.0
33161,Eyrans,33,45.1967,-0.6116,4.2868,756,Landes de Gascogne,False,Non classée à risque,,,0.0
33162,Eysines,33,44.8779,-0.646,12.0296,24825,Landes de Gascogne,False,Non classée à risque,,,2.0
33163,Faleyras,33,44.7646,-0.2272,10.4002,430,Landes de Gascogne,False,Non classée à risque,,,3.0
33164,Fargues,33,44.5362,-0.2926,15.4563,1655,Landes de Gascogne,True,"À risque, sans plan",,,3.3
33165,Fargues-Saint-Hilaire,33,44.8202,-0.4399,6.9614,3543,Landes de Gascogne,False,Non classée à risque,,,0.3
33166,Le Fieu,33,45.0536,-0.0362,14.623099999999999,505,Landes de Gascogne,True,"À risque, sans plan",,,0.3
33167,Floirac,33,44.8322,-0.5215,8.5467,18300,Landes de Gascogne,False,Non classée à risque,,,0.0
33168,Flaujagues,33,44.8334,0.0264,7.6692,594,Landes de Gascogne,False,Non classée à risque,,,1.0
33169,Floudès,33,44.5698,-0.0631,3.7914,103,Landes de Gascogne,False,Non classée à risque,,,0.0
33170,Fontet,33,44.5531,-0.027,7.8828,746,Landes de Gascogne,False,Non classée à risque,,,0.0
33171,Fossès-et-Baleyssac,33,44.5991,0.0522,9.4777,222,Landes de Gascogne,False,Non classée à risque,,,0.0
33172,Fours,33,45.1745,-0.6392,4.7782,260,Landes de Gascogne,False,Non classée à risque,,,0.0
33173,Francs,33,44.9474,0.0003,6.5913,176,Landes de Gascogne,True,"À risque, sans plan",,,0.5
33174,Fronsac,33,44.9213,-0.2765,15.1723,1130,Landes de Gascogne,False,Non classée à risque,,,0.0
33175,Frontenac,33,44.729,-0.1411,14.4398,803,Landes de Gascogne,False,Non classée à risque,,,0.0
33176,Gabarnac,33,44.6171,-0.2612,5.3579,363,Landes de Gascogne,False,Non classée à risque,,,0.0
33177,Gaillan-en-Médoc,33,45.3135,-0.9946,42.273900000000005,2385,Landes de Gascogne,True,"À risque, sans plan",,,8.9
33178,Gajac,33,44.4368,-0.135,12.273499999999999,367,Landes de Gascogne,False,Non classée à risque,,,0.0
33179,Galgon,33,44.991,-0.278,15.168,3144,Landes de Gascogne,False,Non classée à risque,,,1.2
33180,Gans,33,44.4539,-0.1314,7.070399999999999,207,Landes de Gascogne,False,Non classée à risque,,,0.1
33181,Gardegan-et-Tourtirac,33,44.8928,-0.0182,9.6682,274,Landes de Gascogne,False,Non classée à risque,,,0.0
33182,Gauriac,33,45.0614,-0.6278,10.1699,759,Landes de Gascogne,False,Non classée à risque,,,0.0
33183,Gauriaguet,33,45.0446,-0.3947,5.4041999999999994,1599,Landes de Gascogne,False,Non classée à risque,,,0.1
33184,Générac,33,45.1769,-0.5481,9.5038,549,Landes de Gascogne,True,"À risque, sans plan",,,1.3
33185,Génissac,33,44.8614,-0.2496,14.1951,2041,Landes de Gascogne,False,Non classée à risque,,,0.1
33186,Gensac,33,44.7948,0.0874,9.3813,687,Landes de Gascogne,False,Non classée à risque,,,0.0
33187,Gironde-sur-Dropt,33,44.59,-0.0909,8.8434,1333,Landes de Gascogne,False,Non classée à risque,,,2.3
33188,Giscos,33,44.2625,-0.1747,32.1415,183,Landes de Gascogne,True,"À risque, sans plan",,,18.4
33189,Gornac,33,44.6636,-0.1832,8.3928,441,Landes de Gascogne,False,Non classée à risque,,,0.0
33190,Goualade,33,44.3182,-0.1252,17.0641,117,Landes de Gascogne,True,"À risque, sans plan",,,6.9
33191,Gours,33,44.9999,0.0232,7.8873,526,Landes de Gascogne,False,Non classée à risque,,,0.2
33192,Gradignan,33,44.7681,-0.6163,15.7619,26952,Landes de Gascogne,True,"À risque, sans plan",,,1.9
33193,Grayan-et-l'Hôpital,33,45.4324,-1.1057,45.242200000000004,1542,Landes de Gascogne,True,Plan approuvé,2008.0,2004.0,8.7
33194,Grézillac,33,44.8147,-0.2152,7.784299999999999,693,Landes de Gascogne,False,Non classée à risque,,,0.0
33195,Grignols,33,44.4085,-0.0281,22.797399999999996,1216,Landes de Gascogne,True,"À risque, sans plan",,,0.0
33196,Guillac,33,44.8032,-0.2107,3.0572000000000004,181,Landes de Gascogne,False,Non classée à risque,,,0.0
33197,Guillos,33,44.5507,-0.5235,22.8025,467,Landes de Gascogne,True,"À risque, sans plan",,,13.6
33198,Guîtres,33,45.0443,-0.1845,4.9601,1631,Landes de Gascogne,False,Non classée à risque,,,0.1
33199,Gujan-Mestras,33,44.5758,-1.0813,50.6395,22153,Landes de Gascogne,True,"Plan prescrit, non approuvé",,2004.0,6.1
33200,Le Haillan,33,44.8713,-0.6903,9.3171,11392,Landes de Gascogne,False,Non classée à risque,,,5.2
33201,Haux,33,44.7387,-0.3673,10.5547,840,Landes de Gascogne,False,Non classée à risque,,,3.0
33202,Hostens,33,44.4834,-0.6616,57.3861,1554,Landes de Gascogne,True,"À risque, sans plan",,,93.6
33203,Hourtin,33,45.1831,-1.0534,221.968,4045,Landes de Gascogne,True,Plan approuvé,2010.0,2007.0,24.8
33204,Hure,33,44.538,-0.0044,7.2573,569,Landes de Gascogne,False,Non classée à risque,,,1.3
33205,Illats,33,44.6087,-0.3797,29.257600000000004,1413,Landes de Gascogne,True,"À risque, sans plan",,,4.6
33206,Isle-Saint-Georges,33,44.7277,-0.4755,4.3639,502,Landes de Gascogne,False,Non classée à risque,,,0.0
33207,Izon,33,44.9188,-0.3561,15.7654,6374,Landes de Gascogne,False,Non classée à risque,,,3.5
33208,Jau-Dignac-et-Loirac,33,45.4337,-0.9258,94.2017,1007,Landes de Gascogne,False,Non classée à risque,,,0.3
33209,Jugazan,33,44.7799,-0.1497,5.4491,272,Landes de Gascogne,False,Non classée à risque,,,0.0
33210,Juillac,33,44.8136,0.0524,5.8024000000000004,216,Landes de Gascogne,False,Non classée à risque,,,0.0
33211,Labarde,33,45.0143,-0.6375,4.807300000000001,623,Landes de Gascogne,False,Non classée à risque,,,2.0
33212,Labescau,33,44.4511,-0.0812,6.0198,140,Landes de Gascogne,True,"À risque, sans plan",,,6.0
33213,La Brède,33,44.6777,-0.5396,23.230700000000002,4386,Landes de Gascogne,True,"À risque, sans plan",,,4.2
33214,Lacanau,33,44.9879,-1.096,218.27990000000003,5739,Landes de Gascogne,True,Plan approuvé,2009.0,2002.0,965.4
33215,Ladaux,33,44.7031,-0.2456,4.3011,190,Landes de Gascogne,False,Non classée à risque,,,0.0
33216,Lados,33,44.471,-0.1327,6.4891,180,Landes de Gascogne,True,"À risque, sans plan",,,0.0
33218,Lagorce,33,45.0813,-0.1606,28.2912,1575,Landes de Gascogne,True,"À risque, sans plan",,,14.7
33219,La Lande-de-Fronsac,33,44.9849,-0.3797,8.5478,2729,Landes de Gascogne,False,Non classée à risque,,,0.2
33220,Lamarque,33,45.0961,-0.718,9.0236,1335,Landes de Gascogne,False,Non classée à risque,,,4.2
33221,Lamothe-Landerron,33,44.5662,0.0602,9.1898,1114,Landes de Gascogne,False,Non classée à risque,,,0.0
33222,Lalande-de-Pomerol,33,44.9552,-0.2036,8.2555,618,Landes de Gascogne,False,Non classée à risque,,,0.1
33223,Landerrouat,33,44.7422,0.1608,4.9748,217,Landes de Gascogne,False,Non classée à risque,,,2.0
33224,Landerrouet-sur-Ségur,33,44.651,-0.0185,3.1310000000000002,102,Landes de Gascogne,False,Non classée à risque,,,0.0
33225,Landiras,33,44.5696,-0.4333,59.8577,2310,Landes de Gascogne,True,"À risque, sans plan",,,19300.2
33226,Langoiran,33,44.7071,-0.3734,10.2478,2215,Landes de Gascogne,False,Non classée à risque,,,0.7
33227,Langon,33,44.5355,-0.2422,13.7746,7674,Landes de Gascogne,False,Non classée à risque,,,0.0
33228,Lansac,33,45.0651,-0.5368,6.0601,663,Landes de Gascogne,False,Non classée à risque,,,0.3
33229,Lanton,33,44.7719,-0.9799,137.7417,7337,Landes de Gascogne,True,Plan approuvé,2010.0,2007.0,65.3
33230,Lapouyade,33,45.1094,-0.2854,25.991799999999998,550,Landes de Gascogne,True,"À risque, sans plan",,,152.4
33231,Laroque,33,44.6594,-0.3034,2.9754,285,Landes de Gascogne,False,Non classée à risque,,,0.0
33232,Lartigue,33,44.2517,-0.0883,13.6316,41,Landes de Gascogne,True,"À risque, sans plan",,,0.3
33233,Laruscade,33,45.1206,-0.3394,46.5586,2811,Landes de Gascogne,True,"À risque, sans plan",,,108.7
33234,Latresne,33,44.7901,-0.4981,10.260299999999999,3714,Landes de Gascogne,False,Non classée à risque,,,0.0
33235,Lavazan,33,44.3926,-0.1133,8.9343,228,Landes de Gascogne,True,"À risque, sans plan",,,0.6
33236,Lège-Cap-Ferret,33,44.7452,-1.174,95.8379,7909,Landes de Gascogne,True,"Plan prescrit, non approuvé",,2004.0,6.6
33237,Léogeats,33,44.5053,-0.3648,19.6508,902,Landes de Gascogne,True,"À risque, sans plan",,,6.2
33238,Léognan,33,44.7236,-0.6172,41.587399999999995,10670,Landes de Gascogne,True,"À risque, sans plan",,,9.4
33239,Lerm-et-Musset,33,44.3354,-0.1579,36.916,504,Landes de Gascogne,True,"À risque, sans plan",,,3.7
33240,Lesparre-Médoc,33,45.2796,-0.9235,36.8516,5872,Landes de Gascogne,True,"À risque, sans plan",,,6.6
33241,Lestiac-sur-Garonne,33,44.6929,-0.3816,2.8619,585,Landes de Gascogne,False,Non classée à risque,,,0.0
33242,Les Lèves-et-Thoumeyragues,33,44.7771,0.1885,17.4026,561,Landes de Gascogne,False,Non classée à risque,,,0.0
33243,Libourne,33,44.9125,-0.2328,20.6796,25036,Landes de Gascogne,False,Non classée à risque,,,0.2
33244,Lignan-de-Bazas,33,44.433,-0.2745,11.0648,403,Landes de Gascogne,True,"À risque, sans plan",,,1.2
33245,Lignan-de-Bordeaux,33,44.7925,-0.4295,8.998899999999999,842,Landes de Gascogne,False,Non classée à risque,,,0.0
33246,Ligueux,33,44.7928,0.2631,5.0678,138,Landes de Gascogne,False,Non classée à risque,,,0.0
33247,Listrac-de-Durèze,33,44.7618,0.0369,5.3065999999999995,134,Landes de Gascogne,False,Non classée à risque,,,0.0
33248,Listrac-Médoc,33,45.0699,-0.827,60.758199999999995,2807,Landes de Gascogne,True,"À risque, sans plan",,,15.6
33249,Lormont,33,44.8749,-0.5176,7.827999999999999,25769,Landes de Gascogne,False,Non classée à risque,,,0.6
33250,Loubens,33,44.6263,-0.0222,5.9119,316,Landes de Gascogne,False,Non classée à risque,,,0.0
33251,Louchats,33,44.5104,-0.5691,39.3761,683,Landes de Gascogne,True,"À risque, sans plan",,,23.9
33252,Loupes,33,44.8119,-0.3918,4.9698,957,Landes de Gascogne,False,Non classée à risque,,,0.0
33253,Loupiac,33,44.6258,-0.2856,9.614600000000001,1093,Landes de Gascogne,False,Non classée à risque,,,1.0
33254,Loupiac-de-la-Réole,33,44.5432,-0.044,5.3529,527,Landes de Gascogne,False,Non classée à risque,,,0.0
33255,Lucmau,33,44.2955,-0.3364,67.132,247,Landes de Gascogne,True,"À risque, sans plan",,,30.6
33256,Ludon-Médoc,33,44.9814,-0.5903,18.7048,5578,Landes de Gascogne,False,Non classée à risque,,,0.0
33257,Lugaignac,33,44.8123,-0.1943,3.812,433,Landes de Gascogne,False,Non classée à risque,,,0.0
33258,Lugasson,33,44.7588,-0.1559,6.3763,316,Landes de Gascogne,False,Non classée à risque,,,0.0
33259,Lugon-et-l'Île-du-Carnay,33,44.9546,-0.3586,10.7255,1395,Landes de Gascogne,False,Non classée à risque,,,0.3
33260,Lugos,33,44.4782,-0.9241,62.34270000000001,1208,Landes de Gascogne,True,"À risque, sans plan",,,24.8
33261,Lussac,33,44.9683,-0.0878,23.3425,1151,Landes de Gascogne,False,Non classée à risque,,,0.1
33262,Macau,33,45.0112,-0.6086,20.6021,4576,Landes de Gascogne,True,"À risque, sans plan",,,0.8
33263,Madirac,33,44.7567,-0.3961,1.8902,307,Landes de Gascogne,False,Non classée à risque,,,0.0
33264,Maransin,33,45.0748,-0.26,29.891,1063,Landes de Gascogne,True,"À risque, sans plan",,,13.9
33266,Marcenais,33,45.0629,-0.3424,9.1686,863,Landes de Gascogne,False,Non classée à risque,,,2.4
33268,Margaux-Cantenac,33,45.0363,-0.6788,21.5433,2845,Landes de Gascogne,True,"À risque, sans plan",,,0.4
33269,Margueron,33,44.7669,0.2538,13.6052,365,Landes de Gascogne,False,Non classée à risque,,,0.0
33270,Marimbault,33,44.4122,-0.2573,6.7799000000000005,196,Landes de Gascogne,True,"À risque, sans plan",,,1.8
33271,Marions,33,44.373,-0.0881,16.3084,206,Landes de Gascogne,True,"À risque, sans plan",,,1.2
33272,Marsas,33,45.0628,-0.3769,8.0926,1247,Landes de Gascogne,False,Non classée à risque,,,6.5
33273,Martignas-sur-Jalle,33,44.8451,-0.8006,26.4621,8056,Landes de Gascogne,True,Plan approuvé,2010.0,2004.0,50.0
33274,Martillac,33,44.7176,-0.558,17.2148,3659,Landes de Gascogne,True,"À risque, sans plan",,,4.7
33275,Martres,33,44.7065,-0.1713,3.0223,105,Landes de Gascogne,False,Non classée à risque,,,0.0
33276,Masseilles,33,44.4009,-0.0586,6.7429,136,Landes de Gascogne,True,"À risque, sans plan",,,0.0
33277,Massugas,33,44.7643,0.0974,14.4067,214,Landes de Gascogne,False,Non classée à risque,,,0.0
33278,Mauriac,33,44.7448,-0.0244,10.0166,230,Landes de Gascogne,False,Non classée à risque,,,0.0
33279,Mazères,33,44.5023,-0.251,13.170499999999999,778,Landes de Gascogne,True,"À risque, sans plan",,,1.0
33280,Mazion,33,45.1705,-0.6058,3.7182,537,Landes de Gascogne,False,Non classée à risque,,,0.0
33281,Mérignac,33,44.8313,-0.682,47.966800000000006,78090,Landes de Gascogne,True,"À risque, sans plan",,,22.2
33282,Mérignas,33,44.7871,-0.0843,9.6036,295,Landes de Gascogne,False,Non classée à risque,,,0.0
33283,Mesterrieux,33,44.6453,-0.0139,3.5681,221,Landes de Gascogne,False,Non classée à risque,,,0.0
33284,Mios,33,44.6105,-0.8913,137.3405,12043,Landes de Gascogne,True,"À risque, sans plan",,,115.1
33285,Mombrier,33,45.0778,-0.5471,4.2924,477,Landes de Gascogne,False,Non classée à risque,,,0.0
33287,Mongauzy,33,44.5705,0.0217,6.8416,667,Landes de Gascogne,False,Non classée à risque,,,0.0
33288,Monprimblanc,33,44.6321,-0.2537,5.0127999999999995,276,Landes de Gascogne,False,Non classée à risque,,,0.2
33289,Monségur,33,44.647,0.0861,9.9312,1579,Landes de Gascogne,False,Non classée à risque,,,4.5
33290,Montagne,33,44.9324,-0.1304,26.6819,1510,Landes de Gascogne,False,Non classée à risque,,,0.5
33291,Montagoudin,33,44.5808,0.0055,3.3638999999999997,165,Landes de Gascogne,False,Non classée à risque,,,0.0
33292,Montignac,33,44.7154,-0.2142,6.493099999999999,133,Landes de Gascogne,False,Non classée à risque,,,0.0
33293,Montussan,33,44.8843,-0.4294,8.4652,3628,Landes de Gascogne,False,Non classée à risque,,,0.0
33294,Morizès,33,44.6142,-0.0967,5.876,527,Landes de Gascogne,False,Non classée à risque,,,0.0
33295,Mouillac,33,45.0059,-0.348,1.859,90,Landes de Gascogne,False,Non classée à risque,,,0.0
33296,Mouliets-et-Villemartin,33,44.8311,-0.0223,15.8391,1041,Landes de Gascogne,False,Non classée à risque,,,0.3
33297,Moulis-en-Médoc,33,45.0531,-0.7971,20.772199999999998,1962,Landes de Gascogne,True,"À risque, sans plan",,,5.1
33298,Moulon,33,44.8616,-0.2207,13.265699999999999,1068,Landes de Gascogne,False,Non classée à risque,,,0.0
33299,Mourens,33,44.6434,-0.2128,10.7175,392,Landes de Gascogne,False,Non classée à risque,,,0.0
33300,Naujac-sur-Mer,33,45.2596,-1.0643,98.00139999999999,1107,Landes de Gascogne,True,Plan approuvé,2008.0,2004.0,31.6
33301,Naujan-et-Postiac,33,44.7871,-0.1851,11.162,599,Landes de Gascogne,False,Non classée à risque,,,0.0
33302,Néac,33,44.9434,-0.1795,7.1135,331,Landes de Gascogne,False,Non classée à risque,,,0.5
33303,Nérigean,33,44.8467,-0.2804,10.2994,839,Landes de Gascogne,False,Non classée à risque,,,0.3
33304,Neuffons,33,44.6481,0.0125,4.6932,154,Landes de Gascogne,False,Non classée à risque,,,0.5
33305,Le Nizan,33,44.4722,-0.2802,15.2446,506,Landes de Gascogne,True,"À risque, sans plan",,,0.3
33306,Noaillac,33,44.5167,-0.022,7.9834000000000005,552,Landes de Gascogne,False,Non classée à risque,,,0.0
33307,Noaillan,33,44.4812,-0.3698,31.8875,1717,Landes de Gascogne,True,"À risque, sans plan",,,7.9
33308,Omet,33,44.6561,-0.2883,2.6165,280,Landes de Gascogne,False,Non classée à risque,,,0.0
33309,Ordonnac,33,45.3089,-0.8385,10.1356,476,Landes de Gascogne,False,Non classée à risque,,,0.0
33310,Origne,33,44.5025,-0.509,22.3099,187,Landes de Gascogne,True,"À risque, sans plan",,,11.9
33311,Paillet,33,44.6864,-0.3609,2.4516,1175,Landes de Gascogne,False,Non classée à risque,,,0.0
33312,Parempuyre,33,44.9548,-0.5844,21.895799999999998,10672,Landes de Gascogne,False,Non classée à risque,,,1.5
33314,Pauillac,33,45.1983,-0.755,31.375,5190,Landes de Gascogne,False,Non classée à risque,,,0.9
33315,Les Peintures,33,45.0639,-0.0922,13.169,1620,Landes de Gascogne,False,Non classée à risque,,,0.0
33316,Pellegrue,33,44.7403,0.0864,38.121,923,Landes de Gascogne,False,Non classée à risque,,,0.0
33317,Périssac,33,45.0256,-0.3135,12.1928,1184,Landes de Gascogne,False,Non classée à risque,,,0.0
33318,Pessac,33,44.786,-0.681,38.6738,67339,Landes de Gascogne,True,"À risque, sans plan",,,9.4
33319,Pessac-sur-Dordogne,33,44.8181,0.0928,7.7774,448,Landes de Gascogne,False,Non classée à risque,,,0.0
33320,Petit-Palais-et-Cornemps,33,44.9823,-0.053,14.246300000000002,740,Landes de Gascogne,True,"À risque, sans plan",,,2.8
33321,Peujard,33,45.0472,-0.4313,11.0076,2195,Landes de Gascogne,False,Non classée à risque,,,1.1
33322,Le Pian-Médoc,33,44.9555,-0.6737,30.1662,7292,Landes de Gascogne,True,"Plan prescrit, non approuvé",,2003.0,18.7
33323,Le Pian-sur-Garonne,33,44.5818,-0.2168,6.3988,981,Landes de Gascogne,False,Non classée à risque,,,0.0
33324,Pineuilh,33,44.8242,0.2284,17.3254,4490,Landes de Gascogne,False,Non classée à risque,,,1.2
33325,Plassac,33,45.093,-0.645,15.0734,924,Landes de Gascogne,False,Non classée à risque,,,0.0
33326,Pleine-Selve,33,45.3277,-0.5819,4.2564,223,Landes de Gascogne,False,Non classée à risque,,,0.2
33327,Podensac,33,44.6479,-0.3576,8.4163,3269,Landes de Gascogne,False,Non classée à risque,,,0.0
33328,Pomerol,33,44.9306,-0.2019,6.2808,608,Landes de Gascogne,False,Non classée à risque,,,0.0
33329,Pompéjac,33,44.3986,-0.2997,9.634400000000001,277,Landes de Gascogne,True,"À risque, sans plan",,,29.0
33330,Pompignac,33,44.8527,-0.4347,11.6335,3577,Landes de Gascogne,False,Non classée à risque,,,0.0
33331,Pondaurat,33,44.531,-0.079,8.744,455,Landes de Gascogne,False,Non classée à risque,,,0.0
33332,Porchères,33,45.0363,-0.0003,13.2706,887,Landes de Gascogne,True,"À risque, sans plan",,,0.5
33333,Le Porge,33,44.8649,-1.1351,148.9948,3465,Landes de Gascogne,True,"Plan prescrit, non approuvé",,2002.0,13.9
33334,Portets,33,44.6783,-0.4263,15.4625,2618,Landes de Gascogne,True,"À risque, sans plan",,,0.5
33335,Le Pout,33,44.8045,-0.3568,3.9095999999999997,616,Landes de Gascogne,False,Non classée à risque,,,0.6
33336,Préchac,33,44.3859,-0.3715,64.1054,1061,Landes de Gascogne,True,"À risque, sans plan",,,11.2
33337,Preignac,33,44.5719,-0.3106,13.1831,2135,Landes de Gascogne,False,Non classée à risque,,,2.0
33339,Prignac-et-Marcamps,33,45.0279,-0.4991,10.4247,1494,Landes de Gascogne,False,Non classée à risque,,,0.0
33341,Pugnac,33,45.0825,-0.5003,13.5358,2453,Landes de Gascogne,False,Non classée à risque,,,1.3
33342,Puisseguin,33,44.9305,-0.0631,17.4255,834,Landes de Gascogne,False,Non classée à risque,,,0.1
33343,Pujols-sur-Ciron,33,44.5685,-0.3488,7.5394000000000005,945,Landes de Gascogne,False,Non classée à risque,,,0.1
33344,Pujols,33,44.805,-0.0309,7.3996,524,Landes de Gascogne,False,Non classée à risque,,,0.0
33345,Le Puy,33,44.6602,0.0632,8.5257,393,Landes de Gascogne,False,Non classée à risque,,,2.8
33346,Puybarban,33,44.544,-0.0711,5.5865,407,Landes de Gascogne,False,Non classée à risque,,,0.0
33347,Puynormand,33,44.9831,-0.0011,7.7166999999999994,305,Landes de Gascogne,True,"À risque, sans plan",,,0.0
33348,Queyrac,33,45.3565,-0.9952,30.9098,1352,Landes de Gascogne,True,"À risque, sans plan",,,20.0
33349,Quinsac,33,44.751,-0.4876,8.1746,2217,Landes de Gascogne,False,Non classée à risque,,,0.0
33350,Rauzan,33,44.782,-0.132,6.4554,1247,Landes de Gascogne,False,Non classée à risque,,,0.0
33351,Reignac,33,45.2292,-0.5179,37.241,1628,Landes de Gascogne,True,"À risque, sans plan",,,12.8
33352,La Réole,33,44.5869,-0.0447,12.4805,4487,Landes de Gascogne,False,Non classée à risque,,,0.0
33353,Rimons,33,44.6738,0.0129,14.3648,198,Landes de Gascogne,False,Non classée à risque,,,0.0
33354,Riocaud,33,44.7484,0.203,10.3542,195,Landes de Gascogne,False,Non classée à risque,,,0.5
33355,Rions,33,44.6681,-0.3299,10.749,1470,Landes de Gascogne,False,Non classée à risque,,,0.0
33356,La Rivière,33,44.9385,-0.318,3.1217,409,Landes de Gascogne,False,Non classée à risque,,,0.0
33357,Roaillan,33,44.5086,-0.2804,11.501900000000001,1810,Landes de Gascogne,True,"À risque, sans plan",,,4.0
33358,Romagne,33,44.7646,-0.2032,5.1837,483,Landes de Gascogne,False,Non classée à risque,,,0.0
33359,Roquebrune,33,44.6228,0.018,6.6103,279,Landes de Gascogne,False,Non classée à risque,,,1.0
33360,La Roquille,33,44.7853,0.2295,6.5497000000000005,316,Landes de Gascogne,False,Non classée à risque,,,2.0
33361,Ruch,33,44.7748,-0.0337,14.6097,539,Landes de Gascogne,False,Non classée à risque,,,0.4
33362,Sablons,33,45.0233,-0.1822,11.818499999999998,1314,Landes de Gascogne,False,Non classée à risque,,,1.0
33363,Sadirac,33,44.787,-0.3925,19.0546,4769,Landes de Gascogne,False,Non classée à risque,,,0.1
33364,Saillans,33,44.955,-0.2709,6.2334000000000005,369,Landes de Gascogne,False,Non classée à risque,,,0.0
33365,Saint-Aignan,33,44.9472,-0.2964,2.7506,192,Landes de Gascogne,False,Non classée à risque,,,0.0
33366,Saint-André-de-Cubzac,33,44.9945,-0.4378,23.2962,12626,Landes de Gascogne,False,Non classée à risque,,,1.6
33367,Saint-André-du-Bois,33,44.6085,-0.191,9.9854,440,Landes de Gascogne,False,Non classée à risque,,,0.0
33369,Saint-André-et-Appelles,33,44.8074,0.1948,10.2772,671,Landes de Gascogne,False,Non classée à risque,,,0.5
33370,Saint-Androny,33,45.202,-0.6812,36.2435,582,Landes de Gascogne,False,Non classée à risque,,,0.0
33372,Saint-Antoine-du-Queyret,33,44.7625,0.0105,6.9321,62,Landes de Gascogne,False,Non classée à risque,,,0.0
33373,Saint-Antoine-sur-l'Isle,33,45.0452,0.0447,10.434000000000001,579,Landes de Gascogne,True,"À risque, sans plan",,,1.0
33374,Saint-Aubin-de-Blaye,33,45.2591,-0.5763,11.5623,838,Landes de Gascogne,True,"À risque, sans plan",,,3.5
33375,Saint-Aubin-de-Branne,33,44.8113,-0.1679,5.5256,381,Landes de Gascogne,False,Non classée à risque,,,0.0
33376,Saint-Aubin-de-Médoc,33,44.9343,-0.7478,34.819,7769,Landes de Gascogne,True,"Plan prescrit, non approuvé",,2003.0,92.7
33377,Saint-Avit-de-Soulège,33,44.8116,0.12,2.8308,83,Landes de Gascogne,False,Non classée à risque,,,1.7
33378,Saint-Avit-Saint-Nazaire,33,44.8478,0.2762,18.8119,1503,Landes de Gascogne,False,Non classée à risque,,,5.0
33379,Saint-Brice,33,44.694,-0.1385,5.704199999999999,314,Landes de Gascogne,False,Non classée à risque,,,0.0
33380,Val-de-Livenne,33,45.276,-0.5099,37.3796,1792,Landes de Gascogne,True,"À risque, sans plan",,,33.4
33381,Saint-Caprais-de-Bordeaux,33,44.7544,-0.4262,10.132100000000001,3450,Landes de Gascogne,False,Non classée à risque,,,1.0
33382,Saint-Christoly-de-Blaye,33,45.1499,-0.4967,28.135,1879,Landes de Gascogne,True,"À risque, sans plan",,,23.6
33383,Saint-Christoly-Médoc,33,45.3673,-0.8139,24.162399999999998,297,Landes de Gascogne,False,Non classée à risque,,,0.0
33384,Saint-Christophe-des-Bardes,33,44.8973,-0.1196,7.707999999999999,386,Landes de Gascogne,False,Non classée à risque,,,0.0
33385,Saint-Christophe-de-Double,33,45.0838,0.0233,36.138200000000005,595,Landes de Gascogne,True,"À risque, sans plan",,,21.7
33386,Saint-Cibard,33,44.9393,-0.0257,3.5294,188,Landes de Gascogne,False,Non classée à risque,,,0.0
33387,Saint-Ciers-d'Abzac,33,45.0343,-0.2907,11.7762,1614,Landes de Gascogne,False,Non classée à risque,,,0.8
33388,Saint-Ciers-de-Canesse,33,45.0877,-0.6033,6.817200000000001,746,Landes de Gascogne,False,Non classée à risque,,,0.0
33389,Saint-Ciers-sur-Gironde,33,45.2947,-0.6648,51.581199999999995,3175,Landes de Gascogne,False,Non classée à risque,,,0.6
33390,Sainte-Colombe,33,44.8799,-0.0653,4.0626,423,Landes de Gascogne,False,Non classée à risque,,,0.0
33391,Saint-Côme,33,44.4249,-0.174,6.0236,319,Landes de Gascogne,False,Non classée à risque,,,0.0
33392,Sainte-Croix-du-Mont,33,44.5977,-0.2719,9.0314,838,Landes de Gascogne,False,Non classée à risque,,,0.0
33393,Saint-Denis-de-Pile,33,44.9893,-0.1833,27.9775,5955,Landes de Gascogne,False,Non classée à risque,,,18.5
33394,Saint-Émilion,33,44.8947,-0.1715,26.988699999999998,1608,Landes de Gascogne,False,Non classée à risque,,,0.0
33395,Saint-Estèphe,33,45.2544,-0.7759,33.037,1638,Landes de Gascogne,False,Non classée à risque,,,0.6
33396,Saint-Étienne-de-Lisse,33,44.882,-0.0924,7.077999999999999,180,Landes de Gascogne,False,Non classée à risque,,,0.0
33397,Sainte-Eulalie,33,44.9027,-0.48,9.229700000000001,4915,Landes de Gascogne,False,Non classée à risque,,,0.4
33398,Saint-Exupéry,33,44.6336,-0.1009,4.2345999999999995,168,Landes de Gascogne,False,Non classée à risque,,,0.0
33399,Saint-Félix-de-Foncaude,33,44.6522,-0.1069,10.323,293,Landes de Gascogne,False,Non classée à risque,,,0.0
33400,Saint-Ferme,33,44.6951,0.0593,20.101,328,Landes de Gascogne,False,Non classée à risque,,,0.0
33401,Sainte-Florence,33,44.817,-0.0937,3.2223,146,Landes de Gascogne,False,Non classée à risque,,,0.0
33402,Sainte-Foy-la-Grande,33,44.8407,0.2171,0.5803,2507,Landes de Gascogne,False,Non classée à risque,,,0.0
33403,Sainte-Foy-la-Longue,33,44.6157,-0.1413,9.3484,139,Landes de Gascogne,False,Non classée à risque,,,0.0
33404,Sainte-Gemme,33,44.6196,0.0693,9.5599,192,Landes de Gascogne,False,Non classée à risque,,,0.0
33405,Saint-Genès-de-Blaye,33,45.1644,-0.6673,11.7679,491,Landes de Gascogne,False,Non classée à risque,,,0.0
33406,Saint-Genès-de-Castillon,33,44.9008,-0.0628,6.8425,361,Landes de Gascogne,False,Non classée à risque,,,2.0
33407,Saint-Genès-de-Fronsac,33,45.0259,-0.347,6.9003,994,Landes de Gascogne,False,Non classée à risque,,,0.5
33408,Saint-Genès-de-Lombaud,33,44.7539,-0.3824,6.131,394,Landes de Gascogne,False,Non classée à risque,,,0.2
33411,Saint-Germain-de-Grave,33,44.6245,-0.2153,6.147200000000001,144,Landes de Gascogne,False,Non classée à risque,,,0.0
33412,Saint-Germain-d'Esteuil,33,45.2534,-0.8886,44.8495,1365,Landes de Gascogne,True,"À risque, sans plan",,,2.2
33413,Saint-Germain-du-Puch,33,44.8529,-0.3334,12.073,2304,Landes de Gascogne,False,Non classée à risque,,,0.0
33414,Saint-Germain-de-la-Rivière,33,44.9442,-0.3292,3.929,392,Landes de Gascogne,False,Non classée à risque,,,1.7
33415,Saint-Gervais,33,45.0164,-0.4671,5.6236,1983,Landes de Gascogne,False,Non classée à risque,,,0.0
33416,Saint-Girons-d'Aiguevives,33,45.1465,-0.5376,11.782,971,Landes de Gascogne,False,Non classée à risque,,,2.1
33417,Sainte-Hélène,33,44.9653,-0.9071,129.0003,3091,Landes de Gascogne,True,"À risque, sans plan",,,74.7
33418,Saint-Hilaire-de-la-Noaille,33,44.6053,0.0063,11.448599999999999,382,Landes de Gascogne,False,Non classée à risque,,,0.0
33419,Saint-Hilaire-du-Bois,33,44.6618,-0.0755,4.5106,79,Landes de Gascogne,False,Non classée à risque,,,0.0
33420,Saint-Hippolyte,33,44.8747,-0.1207,4.4337,118,Landes de Gascogne,False,Non classée à risque,,,0.0
33421,Saint-Jean-de-Blaignac,33,44.8088,-0.1329,5.771,445,Landes de Gascogne,False,Non classée à risque,,,0.0
33422,Saint-Jean-d'Illac,33,44.7973,-0.8156,120.9051,9616,Landes de Gascogne,True,Plan approuvé,2010.0,2004.0,698.7
33423,Saint-Julien-Beychevelle,33,45.1606,-0.739,25.3929,606,Landes de Gascogne,False,Non classée à risque,,,0.3
33424,Saint-Laurent-Médoc,33,45.1402,-0.8557,136.1705,4914,Landes de Gascogne,True,Plan approuvé,2008.0,2004.0,19.4
33425,Saint-Laurent-d'Arce,33,45.0438,-0.4685,8.0985,1580,Landes de Gascogne,False,Non classée à risque,,,0.0
33426,Saint-Laurent-des-Combes,33,44.8737,-0.1377,3.8768000000000002,231,Landes de Gascogne,False,Non classée à risque,,,0.0
33427,Saint-Laurent-du-Bois,33,44.6402,-0.1416,7.4146,263,Landes de Gascogne,False,Non classée à risque,,,0.0
33428,Saint-Laurent-du-Plan,33,44.6249,-0.1176,2.4161,85,Landes de Gascogne,False,Non classée à risque,,,0.0
33429,Saint-Léger-de-Balson,33,44.43,-0.4416,38.0111,328,Landes de Gascogne,True,"À risque, sans plan",,,2.8
33431,Saint-Léon,33,44.7673,-0.277,4.428999999999999,291,Landes de Gascogne,False,Non classée à risque,,,1.5
33432,Saint-Loubert,33,44.5531,-0.1676,2.1172,224,Landes de Gascogne,False,Non classée à risque,,,0.0
33433,Saint-Loubès,33,44.9223,-0.4257,25.7469,10027,Landes de Gascogne,False,Non classée à risque,,,0.0
33434,Saint-Louis-de-Montferrand,33,44.957,-0.5335,11.371099999999998,2051,Landes de Gascogne,False,Non classée à risque,,,0.7
33435,Saint-Macaire,33,44.5641,-0.2335,2.1088,1981,Landes de Gascogne,False,Non classée à risque,,,0.0
33436,Saint-Magne,33,44.559,-0.6623,82.9693,1260,Landes de Gascogne,True,"À risque, sans plan",,,41.3
33437,Saint-Magne-de-Castillon,33,44.8542,-0.0716,14.020999999999999,2165,Landes de Gascogne,False,Non classée à risque,,,0.0
33438,Saint-Maixant,33,44.5815,-0.2481,7.481599999999999,2057,Landes de Gascogne,False,Non classée à risque,,,0.3
33439,Saint-Mariens,33,45.1228,-0.4093,12.0503,1639,Landes de Gascogne,False,Non classée à risque,,,0.1
33440,Saint-Martial,33,44.6333,-0.1784,7.4879,236,Landes de Gascogne,False,Non classée à risque,,,0.0
33441,Saint-Martin-Lacaussade,33,45.1397,-0.6411,3.9254000000000002,1171,Landes de Gascogne,False,Non classée à risque,,,0.3
33442,Saint-Martin-de-Laye,33,45.0319,-0.2279,9.553099999999999,540,Landes de Gascogne,False,Non classée à risque,,,4.0
33443,Saint-Martin-de-Lerm,33,44.648,-0.0447,7.0268,149,Landes de Gascogne,False,Non classée à risque,,,0.2
33444,Saint-Martin-de-Sescas,33,44.5851,-0.1641,8.286200000000001,558,Landes de Gascogne,False,Non classée à risque,,,0.0
33445,Saint-Martin-du-Bois,33,45.0218,-0.2615,9.7234,845,Landes de Gascogne,False,Non classée à risque,,,0.0
33446,Saint-Martin-du-Puy,33,44.6751,-0.0367,9.1433,163,Landes de Gascogne,False,Non classée à risque,,,0.0
33447,Saint-Médard-de-Guizières,33,45.0111,-0.0729,10.340499999999999,2438,Landes de Gascogne,False,Non classée à risque,,,0.2
33448,Saint-Médard-d'Eyrans,33,44.714,-0.5125,12.7642,3409,Landes de Gascogne,True,"À risque, sans plan",,,0.8
33449,Saint-Médard-en-Jalles,33,44.8861,-0.7823,84.9764,32910,Landes de Gascogne,True,Plan approuvé,2009.0,2004.0,278.6
33450,Saint-Michel-de-Castelnau,33,44.2882,-0.0939,42.76390000000001,248,Landes de Gascogne,True,"À risque, sans plan",,,9.6
33451,Saint-Michel-de-Fronsac,33,44.9239,-0.3004,5.5427,509,Landes de Gascogne,False,Non classée à risque,,,0.0
33452,Saint-Michel-de-Rieufret,33,44.6273,-0.4453,18.958,868,Landes de Gascogne,True,"À risque, sans plan",,,19.5
33453,Saint-Michel-de-Lapujade,33,44.586,0.0781,7.478400000000001,211,Landes de Gascogne,False,Non classée à risque,,,3.0
33454,Saint-Morillon,33,44.6387,-0.5232,20.4567,1834,Landes de Gascogne,True,"À risque, sans plan",,,5.0
33456,Saint-Palais,33,45.3078,-0.6007,9.7451,527,Landes de Gascogne,False,Non classée à risque,,,1.2
33457,Saint-Pardon-de-Conques,33,44.5501,-0.1898,6.681799999999999,663,Landes de Gascogne,False,Non classée à risque,,,1.3
33458,Saint-Paul,33,45.1504,-0.5918,10.925,1020,Landes de Gascogne,False,Non classée à risque,,,0.3
33459,Saint-Pey-d'Armens,33,44.8539,-0.1165,4.2627999999999995,187,Landes de Gascogne,False,Non classée à risque,,,0.0
33460,Saint-Pey-de-Castets,33,44.8207,-0.0667,11.1137,588,Landes de Gascogne,False,Non classée à risque,,,0.0
33461,Saint-Philippe-d'Aiguilhe,33,44.9166,-0.0405,5.9349,376,Landes de Gascogne,False,Non classée à risque,,,0.0
33462,Saint-Philippe-du-Seignal,33,44.8243,0.2511,3.3933999999999997,496,Landes de Gascogne,False,Non classée à risque,,,0.0
33463,Saint-Pierre-d'Aurillac,33,44.5807,-0.1916,6.5920000000000005,1246,Landes de Gascogne,False,Non classée à risque,,,0.0
33464,Saint-Pierre-de-Bat,33,44.6686,-0.22,8.973700000000001,281,Landes de Gascogne,False,Non classée à risque,,,0.0
33465,Saint-Pierre-de-Mons,33,44.5433,-0.2172,9.083300000000001,1240,Landes de Gascogne,False,Non classée à risque,,,0.7
33466,Saint-Quentin-de-Baron,33,44.8175,-0.2811,8.8474,2713,Landes de Gascogne,False,Non classée à risque,,,0.0
33467,Saint-Quentin-de-Caplong,33,44.795,0.1365,11.2521,267,Landes de Gascogne,False,Non classée à risque,,,0.0
33468,Sainte-Radegonde,33,44.8046,0.0278,12.4527,408,Landes de Gascogne,False,Non classée à risque,,,0.0
33470,Saint-Romain-la-Virvée,33,44.9609,-0.4177,7.8532,956,Landes de Gascogne,False,Non classée à risque,,,0.0
33471,Saint-Sauveur,33,45.1964,-0.8223,21.926,1245,Landes de Gascogne,True,"À risque, sans plan",,,16.4
33472,Saint-Sauveur-de-Puynormand,33,44.9958,-0.0308,5.521100000000001,369,Landes de Gascogne,True,"À risque, sans plan",,,3.5
33473,Saint-Savin,33,45.1611,-0.4449,33.8688,3582,Landes de Gascogne,True,"À risque, sans plan",,,11.2
33474,Saint-Selve,33,44.6574,-0.4726,17.8711,3746,Landes de Gascogne,True,"À risque, sans plan",,,9.0
33475,Saint-Seurin-de-Bourg,33,45.0513,-0.583,2.9271,414,Landes de Gascogne,False,Non classée à risque,,,0.0
33476,Saint-Seurin-de-Cadourne,33,45.2935,-0.7877,22.9745,705,Landes de Gascogne,False,Non classée à risque,,,1.3
33477,Saint-Seurin-de-Cursac,33,45.1576,-0.6252,2.3712999999999997,771,Landes de Gascogne,False,Non classée à risque,,,0.0
33478,Saint-Seurin-sur-l'Isle,33,45.0093,-0.004,8.9118,3167,Landes de Gascogne,False,Non classée à risque,,,0.5
33479,Saint-Sève,33,44.6081,-0.0233,4.8427,251,Landes de Gascogne,False,Non classée à risque,,,0.0
33480,Saint-Sulpice-de-Faleyrens,33,44.8614,-0.1893,20.0233,1344,Landes de Gascogne,False,Non classée à risque,,,0.0
33481,Saint-Sulpice-de-Guilleragues,33,44.626,0.0495,6.9302,234,Landes de Gascogne,False,Non classée à risque,,,0.0
33482,Saint-Sulpice-de-Pommiers,33,44.676,-0.1125,9.8666,277,Landes de Gascogne,False,Non classée à risque,,,0.0
33483,Saint-Sulpice-et-Cameyrac,33,44.9053,-0.3803,15.261500000000002,4881,Landes de Gascogne,False,Non classée à risque,,,0.3
33484,Saint-Symphorien,33,44.4261,-0.5505,106.44040000000001,1878,Landes de Gascogne,True,"À risque, sans plan",,,26.1
33485,Sainte-Terre,33,44.8328,-0.1208,14.0899,1883,Landes de Gascogne,False,Non classée à risque,,,0.0
33486,Saint-Trojan,33,45.0895,-0.5782,3.1426999999999996,370,Landes de Gascogne,False,Non classée à risque,,,0.0
33487,Saint-Vincent-de-Paul,33,44.9704,-0.4815,13.8906,1067,Landes de Gascogne,False,Non classée à risque,,,0.0
33488,Saint-Vincent-de-Pertignas,33,44.8007,-0.1131,7.645599999999999,331,Landes de Gascogne,False,Non classée à risque,,,0.0
33489,Saint-Vivien-de-Blaye,33,45.1051,-0.5063,5.7566999999999995,358,Landes de Gascogne,False,Non classée à risque,,,0.0
33490,Saint-Vivien-de-Médoc,33,45.4678,-0.9975,53.239200000000004,1846,Landes de Gascogne,True,"À risque, sans plan",,,5.6
33491,Saint-Vivien-de-Monségur,33,44.6167,0.1208,15.8433,391,Landes de Gascogne,False,Non classée à risque,,,4.0
33492,Saint-Yzan-de-Soudiac,33,45.1548,-0.4047,11.2076,2586,Landes de Gascogne,True,"À risque, sans plan",,,0.1
33493,Saint-Yzans-de-Médoc,33,45.3321,-0.7994,25.1384,349,Landes de Gascogne,False,Non classée à risque,,,2.0
33494,Salaunes,33,44.9281,-0.8502,43.551899999999996,1260,Landes de Gascogne,True,"À risque, sans plan",,,25.8
33496,Sallebœuf,33,44.8423,-0.392,14.639000000000001,2767,Landes de Gascogne,False,Non classée à risque,,,3.0
33498,Salles,33,44.536,-0.8899,138.32059999999998,8208,Landes de Gascogne,True,"À risque, sans plan",,,214.6
33499,Les Salles-de-Castillon,33,44.9117,0.0058,11.218,330,Landes de Gascogne,False,Non classée à risque,,,0.1
33500,Samonac,33,45.0709,-0.5715,4.0371,474,Landes de Gascogne,False,Non classée à risque,,,1.5
33501,Saucats,33,44.6476,-0.6377,89.2253,3548,Landes de Gascogne,True,"À risque, sans plan",,,38.3
33502,Saugon,33,45.1864,-0.5006,15.5102,504,Landes de Gascogne,True,"À risque, sans plan",,,21.5
33503,Saumos,33,44.9119,-1.0029,57.7747,550,Landes de Gascogne,True,"À risque, sans plan",,,3266.6
33504,Sauternes,33,44.5336,-0.3439,11.294400000000001,788,Landes de Gascogne,True,"À risque, sans plan",,,0.0
33505,La Sauve,33,44.7643,-0.316,18.623800000000003,1589,Landes de Gascogne,False,Non classée à risque,,,5.0
33506,Sauveterre-de-Guyenne,33,44.701,-0.0727,31.8701,1885,Landes de Gascogne,False,Non classée à risque,,,3.5
33507,Sauviac,33,44.4001,-0.183,11.353699999999998,333,Landes de Gascogne,True,"À risque, sans plan",,,0.4
33508,Savignac,33,44.514,-0.1057,17.0453,637,Landes de Gascogne,True,"À risque, sans plan",,,1.0
33509,Savignac-de-l'Isle,33,44.986,-0.2381,4.5147,612,Landes de Gascogne,False,Non classée à risque,,,0.0
33510,Semens,33,44.6135,-0.233,3.6567000000000003,206,Landes de Gascogne,False,Non classée à risque,,,0.1
33511,Sendets,33,44.4272,-0.0928,8.381,354,Landes de Gascogne,True,"À risque, sans plan",,,0.0
33512,Sigalens,33,44.4567,-0.0324,18.3194,342,Landes de Gascogne,False,Non classée à risque,,,1.8
33513,Sillas,33,44.3711,-0.0585,7.6634,119,Landes de Gascogne,True,"À risque, sans plan",,,0.0
33514,Soulac-sur-Mer,33,45.5057,-1.0694,40.599000000000004,3100,Landes de Gascogne,True,"À risque, sans plan",,,25.9
33515,Soulignac,33,44.6944,-0.2873,11.5424,409,Landes de Gascogne,False,Non classée à risque,,,2.5
33516,Soussac,33,44.7359,0.0093,6.6333,182,Landes de Gascogne,False,Non classée à risque,,,0.0
33517,Soussans,33,45.0548,-0.6931,15.623,1719,Landes de Gascogne,False,Non classée à risque,,,0.0
33518,Tabanac,33,44.7231,-0.4131,7.819299999999999,1083,Landes de Gascogne,False,Non classée à risque,,,0.0
33519,Le Taillan-Médoc,33,44.9123,-0.6785,15.1028,11073,Landes de Gascogne,True,"À risque, sans plan",,,2.2
33520,Taillecavat,33,44.6505,0.1561,9.5162,306,Landes de Gascogne,False,Non classée à risque,,,0.0
33521,Talais,33,45.499,-1.0353,39.3186,764,Landes de Gascogne,False,Non classée à risque,,,1.1
33522,Talence,33,44.8061,-0.5918,8.338099999999999,46338,Landes de Gascogne,False,Non classée à risque,,,0.1
33523,Targon,33,44.7375,-0.2691,26.032600000000002,2079,Landes de Gascogne,False,Non classée à risque,,,0.7
33524,Tarnès,33,44.9754,-0.3543,1.4403,298,Landes de Gascogne,False,Non classée à risque,,,0.0
33525,Tauriac,33,45.0524,-0.5059,10.8156,1342,Landes de Gascogne,False,Non classée à risque,,,0.3
33526,Tayac,33,44.9608,-0.0249,7.1888,126,Landes de Gascogne,True,"À risque, sans plan",,,1.5
33527,Le Teich,33,44.5805,-1.0234,86.51100000000001,9180,Landes de Gascogne,True,"Plan prescrit, non approuvé",,2004.0,172.5
33528,Le Temple,33,44.8662,-0.9609,72.3484,652,Landes de Gascogne,True,"À risque, sans plan",,,8.6
33529,La Teste-de-Buch,33,44.586,-1.1809,178.91189999999997,27566,Landes de Gascogne,True,"Plan prescrit, non approuvé",,2007.0,5765.2
33530,Teuillac,33,45.1004,-0.5506,7.3854,884,Landes de Gascogne,False,Non classée à risque,,,0.3
33531,Tizac-de-Curton,33,44.8254,-0.2428,4.0787,383,Landes de Gascogne,False,Non classée à risque,,,0.0
33532,Tizac-de-Lapouyade,33,45.0699,-0.3111,9.251900000000001,477,Landes de Gascogne,True,"À risque, sans plan",,,0.9
33533,Toulenne,33,44.5665,-0.2735,6.5882000000000005,2881,Landes de Gascogne,False,Non classée à risque,,,0.0
33534,Le Tourne,33,44.7182,-0.3974,2.5216,833,Landes de Gascogne,False,Non classée à risque,,,0.2
33535,Tresses,33,44.8455,-0.4741,11.869000000000002,5290,Landes de Gascogne,False,Non classée à risque,,,0.0
33536,Le Tuzan,33,44.4508,-0.6011,17.9981,263,Landes de Gascogne,True,"À risque, sans plan",,,293.6
33537,Uzeste,33,44.4304,-0.3269,26.2591,462,Landes de Gascogne,True,"À risque, sans plan",,,10.9
33538,Valeyrac,33,45.4057,-0.8768,29.1714,552,Landes de Gascogne,False,Non classée à risque,,,0.3
33539,Vayres,33,44.8908,-0.326,14.353399999999999,4615,Landes de Gascogne,False,Non classée à risque,,,1.8
33540,Vendays-Montalivet,33,45.3378,-1.0953,100.4281,2838,Landes de Gascogne,True,"Plan prescrit, non approuvé",,2004.0,85.9
33541,Vensac,33,45.4039,-1.0821,33.6363,1198,Landes de Gascogne,True,Plan approuvé,2008.0,2004.0,55.5
33542,Vérac,33,44.9939,-0.337,8.604099999999999,883,Landes de Gascogne,False,Non classée à risque,,,0.2
33543,Verdelais,33,44.592,-0.2535,4.7559,1045,Landes de Gascogne,False,Non classée à risque,,,0.0
33544,Le Verdon-sur-Mer,33,45.5481,-1.0826,41.117700000000006,1408,Landes de Gascogne,True,"À risque, sans plan",,,8.5
33545,Vertheuil,33,45.2543,-0.8476,21.834899999999998,1339,Landes de Gascogne,True,"À risque, sans plan",,,0.0
33546,Vignonet,33,44.8489,-0.1488,4.2329,459,Landes de Gascogne,False,Non classée à risque,,,0.0
33547,Villandraut,33,44.4502,-0.381,12.6101,1112,Landes de Gascogne,True,"À risque, sans plan",,,1.4
33548,Villegouge,33,44.9748,-0.3144,13.7847,1325,Landes de Gascogne,False,Non classée à risque,,,4.0
33549,Villenave-de-Rions,33,44.6898,-0.341,2.569,374,Landes de Gascogne,False,Non classée à risque,,,0.0
33550,Villenave-d'Ornon,33,44.7736,-0.5523,21.2273,42545,Landes de Gascogne,False,Non classée à risque,,,1.5
33551,Villeneuve,33,45.0797,-0.641,6.356,407,Landes de Gascogne,False,Non classée à risque,,,0.0
33552,Virelade,33,44.6565,-0.3981,13.732899999999999,1124,Landes de Gascogne,True,"À risque, sans plan",,,4.9
33553,Virsac,33,45.0256,-0.4368,3.6033,1304,Landes de Gascogne,False,Non classée à risque,,,0.5
33554,Yvrac,33,44.8817,-0.4705,8.4988,2899,Landes de Gascogne,False,Non classée à risque,,,0.0
33555,Marcheprime,33,44.7033,-0.8557,24.668400000000002,5696,Landes de Gascogne,True,"À risque, sans plan",,,32.7
40001,Aire-sur-l'Adour,40,43.6932,-0.2561,57.99850000000001,6211,Landes de Gascogne,False,Non classée à risque,,,0.0
40002,Amou,40,43.5891,-0.7464,27.484299999999998,1550,Landes de Gascogne,False,Non classée à risque,,,0.6
40003,Angoumé,40,43.7067,-1.1396,7.868200000000001,261,Landes de Gascogne,True,"À risque, sans plan",,,0.0
40004,Angresse,40,43.6591,-1.3624,7.7186,2277,Landes de Gascogne,True,"À risque, sans plan",,,0.0
40005,Arboucave,40,43.6063,-0.4412,9.9575,220,Landes de Gascogne,False,Non classée à risque,,,0.0
40006,Arengosse,40,44.0299,-0.7811,62.7865,711,Landes de Gascogne,True,"À risque, sans plan",,,22.9
40007,Argelos,40,43.5813,-0.6196,6.5197,160,Landes de Gascogne,False,Non classée à risque,,,0.0
40008,Argelouse,40,44.3728,-0.6359,22.8237,92,Landes de Gascogne,True,"À risque, sans plan",,,1.6
40011,Arsague,40,43.581,-0.789,7.256799999999999,348,Landes de Gascogne,False,Non classée à risque,,,0.0
40012,Artassenx,40,43.8461,-0.395,5.4812,262,Landes de Gascogne,True,"À risque, sans plan",,,0.0
40013,Arthez-d'Armagnac,40,43.8951,-0.246,11.1849,92,Landes de Gascogne,True,"À risque, sans plan",,,0.0
40014,Arue,40,44.051,-0.3607,48.759899999999995,356,Landes de Gascogne,True,"À risque, sans plan",,,0.9
40015,Arx,40,44.1087,0.0843,24.362399999999997,57,Landes de Gascogne,True,"À risque, sans plan",,,6.5
40016,Aubagnan,40,43.6648,-0.4996,3.4331,277,Landes de Gascogne,False,Non classée à risque,,,0.0
40017,Audignon,40,43.7242,-0.5935,9.3779,386,Landes de Gascogne,False,Non classée à risque,,,0.2
40018,Audon,40,43.7996,-0.828,7.543099999999999,409,Landes de Gascogne,True,"À risque, sans plan",,,0.0
40019,Aureilhan,40,44.2094,-1.192,11.5519,1146,Landes de Gascogne,True,"À risque, sans plan",,,13.8
40020,Aurice,40,43.7993,-0.6022,17.5217,633,Landes de Gascogne,True,"À risque, sans plan",,,2.0
40021,Azur,40,43.7996,-1.2919,16.9389,988,Landes de Gascogne,True,"À risque, sans plan",,,2.3
40022,Bahus-Soubiran,40,43.6744,-0.3456,14.7338,394,Landes de Gascogne,False,Non classée à risque,,,0.0
40023,Baigts,40,43.6897,-0.7922,11.665899999999999,331,Landes de Gascogne,False,Non classée à risque,,,0.0
40024,Banos,40,43.7318,-0.6184,5.7673000000000005,271,Landes de Gascogne,False,Non classée à risque,,,0.0
40025,Bascons,40,43.8337,-0.4233,18.6895,855,Landes de Gascogne,True,"À risque, sans plan",,,0.3
40026,Bas-Mauco,40,43.7958,-0.5516,11.5052,421,Landes de Gascogne,True,"À risque, sans plan",,,0.4
40027,Bassercles,40,43.5606,-0.6111,6.6793,151,Landes de Gascogne,False,Non classée à risque,,,0.0
40028,Bastennes,40,43.6504,-0.7802,7.3191,237,Landes de Gascogne,False,Non classée à risque,,,1.1
40029,Bats,40,43.6533,-0.4666,7.3885000000000005,328,Landes de Gascogne,False,Non classée à risque,,,0.0
40030,Baudignan,40,44.0913,0.0404,23.5808,50,Landes de Gascogne,True,"À risque, sans plan",,,4.5
40031,Bégaar,40,43.8305,-0.869,27.65,1251,Landes de Gascogne,True,"À risque, sans plan",,,5.0
40032,Belhade,40,44.3654,-0.6779,28.694499999999998,227,Landes de Gascogne,True,"À risque, sans plan",,,0.0
40033,Bélis,40,44.064,-0.4688,20.3393,166,Landes de Gascogne,True,"À risque, sans plan",,,0.3
40034,Bélus,40,43.5922,-1.1184,11.8803,615,Landes de Gascogne,False,Non classée à risque,,,1.0
40035,Bénesse-lès-Dax,40,43.6422,-1.0393,6.011,598,Landes de Gascogne,False,Non classée à risque,,,1.0
40036,Bénesse-Maremne,40,43.634,-1.3679,18.7056,3780,Landes de Gascogne,True,"À risque, sans plan",,,1.6
40037,Benquet,40,43.8207,-0.5069,29.511599999999998,1913,Landes de Gascogne,True,"À risque, sans plan",,,3.9
40038,Bergouey,40,43.6684,-0.7232,4.4234,110,Landes de Gascogne,False,Non classée à risque,,,0.0
40039,Betbezer-d'Armagnac,40,43.9754,-0.165,7.9878,124,Landes de Gascogne,True,"À risque, sans plan",,,0.0
40040,Beylongue,40,43.9201,-0.82,37.5461,400,Landes de Gascogne,True,"À risque, sans plan",,,30.1
40041,Beyries,40,43.5669,-0.6423,4.2965,121,Landes de Gascogne,False,Non classée à risque,,,0.2
40042,Biarrotte,40,43.5562,-1.275,4.9581,347,Landes de Gascogne,True,"À risque, sans plan",,,0.0
40043,Bias,40,44.1347,-1.2379,20.915300000000002,809,Landes de Gascogne,True,"À risque, sans plan",,,16.7
40044,Biaudos,40,43.5432,-1.3086,15.5932,1041,Landes de Gascogne,True,"À risque, sans plan",,,0.0
40046,Biscarrosse,40,44.4077,-1.1525,193.50549999999998,15836,Landes de Gascogne,True,"À risque, sans plan",,,69.4
40047,Bonnegarde,40,43.5635,-0.7108,9.7068,254,Landes de Gascogne,False,Non classée à risque,,,0.0
40049,Bordères-et-Lamensans,40,43.7763,-0.3613,15.002,359,Landes de Gascogne,True,"À risque, sans plan",,,0.0
40050,Bostens,40,43.9703,-0.3675,7.7787,206,Landes de Gascogne,True,"À risque, sans plan",,,0.0
40051,Bougue,40,43.9018,-0.4033,22.0836,833,Landes de Gascogne,True,"À risque, sans plan",,,3.5
40052,Bourdalat,40,43.8321,-0.2191,14.1696,204,Landes de Gascogne,True,"À risque, sans plan",,,0.9
40053,Bourriot-Bergonce,40,44.153,-0.2091,82.9656,326,Landes de Gascogne,True,"À risque, sans plan",,,18.4
40054,Brassempouy,40,43.6347,-0.702,10.8555,279,Landes de Gascogne,False,Non classée à risque,,,0.0
40055,Bretagne-de-Marsan,40,43.8359,-0.4655,13.1422,1618,Landes de Gascogne,True,"À risque, sans plan",,,0.0
40056,Brocas,40,44.0533,-0.5446,53.305699999999995,721,Landes de Gascogne,True,"À risque, sans plan",,,10.8
40057,Buanes,40,43.7147,-0.4232,6.6678999999999995,236,Landes de Gascogne,False,Non classée à risque,,,0.0
40058,Cachen,40,44.0863,-0.4163,35.814099999999996,233,Landes de Gascogne,True,"À risque, sans plan",,,1.1
40059,Cagnotte,40,43.6055,-1.0757,14.5398,784,Landes de Gascogne,False,Non classée à risque,,,0.0
40060,Callen,40,44.2743,-0.4688,87.42469999999999,153,Landes de Gascogne,True,"À risque, sans plan",,,503.5
40061,Campagne,40,43.8665,-0.6436,33.9454,1061,Landes de Gascogne,True,"À risque, sans plan",,,1.6
40062,Campet-et-Lamolère,40,43.9163,-0.5823,18.7382,506,Landes de Gascogne,True,"À risque, sans plan",,,0.3
40063,Candresse,40,43.7108,-0.9775,8.5304,872,Landes de Gascogne,False,Non classée à risque,,,0.1
40064,Canenx-et-Réaut,40,44.0024,-0.4602,28.634,179,Landes de Gascogne,True,"À risque, sans plan",,,0.1
40065,Capbreton,40,43.6311,-1.4289,21.226599999999998,9184,Landes de Gascogne,True,"À risque, sans plan",,,5.6
40066,Carcarès-Sainte-Croix,40,43.8568,-0.7602,15.5674,533,Landes de Gascogne,True,"À risque, sans plan",,,0.8
40067,Carcen-Ponson,40,43.8668,-0.8182,36.9085,628,Landes de Gascogne,True,"À risque, sans plan",,,0.6
40068,Cassen,40,43.7577,-0.8675,5.9385,624,Landes de Gascogne,False,Non classée à risque,,,0.0
40069,Castaignos-Souslens,40,43.5864,-0.6458,7.5675,428,Landes de Gascogne,False,Non classée à risque,,,0.0
40070,Castandet,40,43.8127,-0.3582,16.811400000000003,425,Landes de Gascogne,True,"À risque, sans plan",,,0.9
40071,Castelnau-Chalosse,40,43.659,-0.8517,10.6474,593,Landes de Gascogne,False,Non classée à risque,,,0.0
40072,Castelnau-Tursan,40,43.6522,-0.4018,9.3555,182,Landes de Gascogne,False,Non classée à risque,,,0.0
40073,Castelner,40,43.5529,-0.5912,5.684,120,Landes de Gascogne,False,Non classée à risque,,,0.0
40074,Castel-Sarrazin,40,43.6154,-0.7859,12.1593,559,Landes de Gascogne,False,Non classée à risque,,,0.0
40075,Castets,40,43.8806,-1.1487,90.92479999999999,2516,Landes de Gascogne,True,"À risque, sans plan",,,20.4
40076,Cauna,40,43.7885,-0.6448,12.8528,418,Landes de Gascogne,True,"À risque, sans plan",,,0.0
40077,Cauneille,40,43.563,-1.0678,15.2403,804,Landes de Gascogne,False,Non classée à risque,,,0.0
40078,Caupenne,40,43.6878,-0.7538,15.2196,402,Landes de Gascogne,False,Non classée à risque,,,0.0
40079,Cazalis,40,43.6239,-0.6675,5.1453999999999995,136,Landes de Gascogne,False,Non classée à risque,,,0.0
40080,Cazères-sur-l'Adour,40,43.7729,-0.2777,30.5178,1128,Landes de Gascogne,True,"À risque, sans plan",,,0.1
40081,Cère,40,43.9933,-0.5468,39.9237,420,Landes de Gascogne,True,"À risque, sans plan",,,4.6
40082,Classun,40,43.7157,-0.39,8.9191,242,Landes de Gascogne,False,Non classée à risque,,,0.0
40083,Clèdes,40,43.609,-0.3734,6.846,115,Landes de Gascogne,False,Non classée à risque,,,0.0
40084,Clermont,40,43.6475,-0.9188,14.916199999999998,736,Landes de Gascogne,False,Non classée à risque,,,0.0
40085,Commensacq,40,44.2082,-0.8272,71.4503,440,Landes de Gascogne,True,"À risque, sans plan",,,21.0
40086,Coudures,40,43.6882,-0.5052,11.756400000000001,571,Landes de Gascogne,False,Non classée à risque,,,0.0
40087,Créon-d'Armagnac,40,43.9948,-0.0744,21.3919,331,Landes de Gascogne,True,"À risque, sans plan",,,11.6
40088,Dax,40,43.7025,-1.0637,19.706300000000002,22109,Landes de Gascogne,False,Non classée à risque,,,0.0
40089,Doazit,40,43.6939,-0.6496,22.520500000000002,839,Landes de Gascogne,False,Non classée à risque,,,0.0
40090,Donzacq,40,43.6529,-0.8057,11.7427,452,Landes de Gascogne,False,Non classée à risque,,,0.0
40091,Duhort-Bachen,40,43.7158,-0.3182,34.2486,700,Landes de Gascogne,False,Non classée à risque,,,2.0
40092,Dumes,40,43.7024,-0.5835,2.4673,265,Landes de Gascogne,False,Non classée à risque,,,0.0
40093,Escalans,40,44.0023,0.0374,30.230999999999998,215,Landes de Gascogne,True,"À risque, sans plan",,,2.2
40094,Escource,40,44.1639,-1.0361,103.4958,824,Landes de Gascogne,True,"À risque, sans plan",,,16.9
40095,Estibeaux,40,43.6066,-0.9122,16.8092,699,Landes de Gascogne,False,Non classée à risque,,,0.2
40096,Estigarde,40,44.0431,-0.1165,29.422399999999996,100,Landes de Gascogne,True,"À risque, sans plan",,,7.3
40097,Eugénie-les-Bains,40,43.6919,-0.3811,11.0435,498,Landes de Gascogne,False,Non classée à risque,,,0.0
40098,Eyres-Moncube,40,43.715,-0.5497,12.2304,345,Landes de Gascogne,False,Non classée à risque,,,0.0
40099,Fargues,40,43.7235,-0.4543,11.888399999999999,314,Landes de Gascogne,False,Non classée à risque,,,0.0
40100,Le Frêche,40,43.9246,-0.2493,23.565900000000003,367,Landes de Gascogne,True,"À risque, sans plan",,,0.8
40101,Gaas,40,43.6103,-1.042,9.2009,470,Landes de Gascogne,False,Non classée à risque,,,0.1
40102,Gabarret,40,43.9871,-0.0049,16.9606,1283,Landes de Gascogne,True,"À risque, sans plan",,,0.0
40103,Gaillères,40,43.9383,-0.3772,14.0626,653,Landes de Gascogne,True,"À risque, sans plan",,,6.7
40104,Gamarde-les-Bains,40,43.7275,-0.8715,19.0403,1583,Landes de Gascogne,False,Non classée à risque,,,0.4
40105,Garein,40,44.0521,-0.6514,56.6997,424,Landes de Gascogne,True,"À risque, sans plan",,,6.7
40106,Garrey,40,43.6693,-0.8988,4.9708,215,Landes de Gascogne,False,Non classée à risque,,,0.0
40108,Gastes,40,44.3117,-1.1996,43.5683,925,Landes de Gascogne,True,"À risque, sans plan",,,3.1
40109,Gaujacq,40,43.6394,-0.7429,16.152,437,Landes de Gascogne,False,Non classée à risque,,,0.0
40110,Geaune,40,43.6322,-0.3698,10.514000000000001,767,Landes de Gascogne,False,Non classée à risque,,,0.0
40111,Geloux,40,43.9784,-0.6374,52.149499999999996,719,Landes de Gascogne,True,"À risque, sans plan",,,8.8
40112,Gibret,40,43.6812,-0.8225,2.5792,92,Landes de Gascogne,False,Non classée à risque,,,0.0
40113,Goos,40,43.7316,-0.9182,10.533900000000001,531,Landes de Gascogne,False,Non classée à risque,,,0.2
40114,Gourbera,40,43.8068,-1.0422,27.6537,364,Landes de Gascogne,True,"À risque, sans plan",,,14.8
40115,Gousse,40,43.7752,-0.9092,4.1385000000000005,275,Landes de Gascogne,False,Non classée à risque,,,0.0
40116,Gouts,40,43.7757,-0.7833,10.9605,271,Landes de Gascogne,True,"À risque, sans plan",,,0.0
40117,Grenade-sur-l'Adour,40,43.7902,-0.4232,19.8692,2398,Landes de Gascogne,True,"À risque, sans plan",,,0.0
40118,Habas,40,43.5651,-0.932,18.789,1489,Landes de Gascogne,False,Non classée à risque,,,0.0
40119,Hagetmau,40,43.6498,-0.5866,28.612199999999998,4624,Landes de Gascogne,False,Non classée à risque,,,3.2
40120,Hastingues,40,43.5103,-1.1412,14.5376,609,Landes de Gascogne,False,Non classée à risque,,,0.0
40121,Hauriet,40,43.7327,-0.6958,7.5422,271,Landes de Gascogne,False,Non classée à risque,,,0.0
40122,Haut-Mauco,40,43.8258,-0.5661,18.8668,1001,Landes de Gascogne,True,"À risque, sans plan",,,1.0
40123,Herm,40,43.8013,-1.1332,52.373599999999996,1185,Landes de Gascogne,True,"À risque, sans plan",,,63.0
40124,Herré,40,44.0203,-0.0381,23.0568,143,Landes de Gascogne,True,"À risque, sans plan",,,0.0
40125,Heugas,40,43.6416,-1.0848,19.0076,1398,Landes de Gascogne,False,Non classée à risque,,,1.6
40126,Hinx,40,43.71,-0.9339,14.681700000000001,1894,Landes de Gascogne,False,Non classée à risque,,,4.2
40127,Hontanx,40,43.8197,-0.27,30.796999999999997,608,Landes de Gascogne,True,"À risque, sans plan",,,0.0
40128,Horsarrieu,40,43.6908,-0.6025,11.0681,717,Landes de Gascogne,False,Non classée à risque,,,0.0
40129,Josse,40,43.6419,-1.2373,9.3894,1018,Landes de Gascogne,True,"À risque, sans plan",,,0.0
40130,Labastide-Chalosse,40,43.6146,-0.6031,4.5793,172,Landes de Gascogne,False,Non classée à risque,,,0.0
40131,Labastide-d'Armagnac,40,43.9467,-0.1589,32.1467,673,Landes de Gascogne,True,"À risque, sans plan",,,0.0
40132,Labatut,40,43.5544,-0.9926,21.241799999999998,1430,Landes de Gascogne,False,Non classée à risque,,,0.1
40133,Labenne,40,43.5982,-1.4371,24.598499999999998,7183,Landes de Gascogne,True,"À risque, sans plan",,,8.7
40134,Labouheyre,40,44.2243,-0.9107,36.3245,2906,Landes de Gascogne,True,"À risque, sans plan",,,6.2
40135,Labrit,40,44.1269,-0.5557,72.536,842,Landes de Gascogne,True,"À risque, sans plan",,,237.1
40136,Lacajunte,40,43.5897,-0.4204,5.6626,144,Landes de Gascogne,False,Non classée à risque,,,0.0
40137,Lacquy,40,43.9584,-0.2848,19.2269,289,Landes de Gascogne,True,"À risque, sans plan",,,0.0
40138,Lacrabe,40,43.6107,-0.5918,6.3363,287,Landes de Gascogne,False,Non classée à risque,,,0.0
40139,Laglorieuse,40,43.8632,-0.3957,11.66,626,Landes de Gascogne,True,"À risque, sans plan",,,0.0
40140,Lagrange,40,43.9661,-0.0866,21.2322,185,Landes de Gascogne,True,"À risque, sans plan",,,0.1
40141,Lahosse,40,43.7126,-0.7864,8.0635,288,Landes de Gascogne,False,Non classée à risque,,,0.0
40142,Laluque,40,43.8533,-0.9816,52.617200000000004,1102,Landes de Gascogne,True,"À risque, sans plan",,,76.3
40143,Lamothe,40,43.7961,-0.6612,12.6899,308,Landes de Gascogne,True,"À risque, sans plan",,,1.0
40144,Larbey,40,43.7038,-0.7288,6.015499999999999,237,Landes de Gascogne,False,Non classée à risque,,,3.0
40145,Larrivière-Saint-Savin,40,43.7554,-0.4287,16.837,583,Landes de Gascogne,False,Non classée à risque,,,0.2
40146,Latrille,40,43.6275,-0.2903,6.8757,168,Landes de Gascogne,False,Non classée à risque,,,0.0
40147,Laurède,40,43.7566,-0.7902,5.7026,367,Landes de Gascogne,False,Non classée à risque,,,0.0
40148,Lauret,40,43.5641,-0.3271,7.3727,76,Landes de Gascogne,False,Non classée à risque,,,0.1
40149,Lencouacq,40,44.1482,-0.3856,98.20479999999999,378,Landes de Gascogne,True,"À risque, sans plan",,,25.0
40150,Léon,40,43.8474,-1.2768,66.7662,2306,Landes de Gascogne,True,"À risque, sans plan",,,12.4
40151,Lesgor,40,43.8592,-0.9089,28.421999999999997,427,Landes de Gascogne,True,"À risque, sans plan",,,8.6
40152,Lesperon,40,43.9654,-1.0835,103.97129999999999,1043,Landes de Gascogne,True,"À risque, sans plan",,,6.3
40153,Le Leuy,40,43.8188,-0.6526,9.5207,225,Landes de Gascogne,True,"À risque, sans plan",,,0.0
40154,Lévignacq,40,44.0128,-1.1452,42.5441,362,Landes de Gascogne,True,"À risque, sans plan",,,1.9
40155,Linxe,40,43.9287,-1.2195,81.38380000000001,1552,Landes de Gascogne,True,"À risque, sans plan",,,10.8
40156,Liposthey,40,44.304,-0.8829,24.204099999999997,603,Landes de Gascogne,True,"À risque, sans plan",,,0.0
40157,Lit-et-Mixe,40,44.0273,-1.2704,110.43299999999999,1719,Landes de Gascogne,True,"À risque, sans plan",,,9.6
40158,Losse,40,44.0948,-0.0933,103.0316,286,Landes de Gascogne,True,"À risque, sans plan",,,33.6
40159,Louer,40,43.7558,-0.89,2.8427999999999995,335,Landes de Gascogne,False,Non classée à risque,,,0.0
40160,Lourquen,40,43.7324,-0.7944,5.9149,193,Landes de Gascogne,False,Non classée à risque,,,0.0
40161,Lubbon,40,44.1097,-0.0127,48.1967,85,Landes de Gascogne,True,"À risque, sans plan",,,23.8
40162,Lucbardez-et-Bargues,40,43.9746,-0.4143,21.652199999999997,561,Landes de Gascogne,True,"À risque, sans plan",,,15.4
40163,Lüe,40,44.2337,-0.9858,96.6751,621,Landes de Gascogne,True,"À risque, sans plan",,,24.7
40164,Retjons,40,44.1399,-0.2929,78.3281,301,Landes de Gascogne,True,"À risque, sans plan",,,43.8
40165,Luglon,40,44.0807,-0.7306,41.4469,373,Landes de Gascogne,True,"À risque, sans plan",,,45.3
40166,Lussagnet,40,43.772,-0.2345,8.4612,80,Landes de Gascogne,True,"À risque, sans plan",,,0.0
40167,Luxey,40,44.2382,-0.5061,160.2677,654,Landes de Gascogne,True,"À risque, sans plan",,,197.4
40168,Magescq,40,43.7753,-1.1841,77.186,2698,Landes de Gascogne,True,"À risque, sans plan",,,142.5
40169,Maillas,40,44.212,-0.1786,63.3659,125,Landes de Gascogne,True,"À risque, sans plan",,,28.6
40170,Maillères,40,44.0217,-0.4432,15.0945,230,Landes de Gascogne,True,"À risque, sans plan",,,0.0
40171,Mano,40,44.4288,-0.6703,32.5613,149,Landes de Gascogne,True,"À risque, sans plan",,,335.8
40172,Mant,40,43.5931,-0.5027,19.5935,268,Landes de Gascogne,False,Non classée à risque,,,0.5
40173,Marpaps,40,43.5732,-0.6813,6.909,129,Landes de Gascogne,False,Non classée à risque,,,0.0
40174,Mauries,40,43.6138,-0.3347,5.5127999999999995,84,Landes de Gascogne,False,Non classée à risque,,,0.0
40175,Maurrin,40,43.821,-0.3648,13.5169,467,Landes de Gascogne,True,"À risque, sans plan",,,0.6
40176,Mauvezin-d'Armagnac,40,43.9591,-0.1323,4.7301,105,Landes de Gascogne,True,"À risque, sans plan",,,0.0
40177,Maylis,40,43.6948,-0.7047,12.279200000000001,294,Landes de Gascogne,False,Non classée à risque,,,0.0
40178,Mazerolles,40,43.8848,-0.4334,15.947799999999999,715,Landes de Gascogne,True,"À risque, sans plan",,,0.7
40179,Mées,40,43.7106,-1.1291,15.213,2036,Landes de Gascogne,True,"À risque, sans plan",,,0.1
40180,Meilhan,40,43.8685,-0.6966,39.0246,1237,Landes de Gascogne,True,"À risque, sans plan",,,195.9
40181,Messanges,40,43.8086,-1.3629,34.1381,1086,Landes de Gascogne,True,"À risque, sans plan",,,1.6
40182,Mézos,40,44.0848,-1.141,88.9859,868,Landes de Gascogne,True,"À risque, sans plan",,,6.0
40183,Mimbaste,40,43.6499,-0.9551,20.6476,1001,Landes de Gascogne,False,Non classée à risque,,,0.0
40184,Mimizan,40,44.1996,-1.2323,116.1865,7673,Landes de Gascogne,True,"À risque, sans plan",,,90.4
40185,Miramont-Sensacq,40,43.5969,-0.327,25.5896,342,Landes de Gascogne,False,Non classée à risque,,,0.0
40186,Misson,40,43.5872,-0.9608,14.5669,828,Landes de Gascogne,False,Non classée à risque,,,0.0
40187,Moliets-et-Maa,40,43.8626,-1.3589,27.9168,1299,Landes de Gascogne,True,"À risque, sans plan",,,0.9
40188,Momuy,40,43.617,-0.6458,13.4131,487,Landes de Gascogne,False,Non classée à risque,,,0.0
40189,Monget,40,43.5582,-0.5348,5.7321,77,Landes de Gascogne,False,Non classée à risque,,,0.0
40190,Monségur,40,43.613,-0.544,19.8593,395,Landes de Gascogne,False,Non classée à risque,,,0.0
40191,Montaut,40,43.7277,-0.6572,14.1201,594,Landes de Gascogne,False,Non classée à risque,,,0.0
40192,Mont-de-Marsan,40,43.8931,-0.5009,36.5954,31592,Landes de Gascogne,True,"À risque, sans plan",,,4.2
40193,Montégut,40,43.8747,-0.2042,4.7814,79,Landes de Gascogne,True,"À risque, sans plan",,,0.3
40194,Montfort-en-Chalosse,40,43.7065,-0.8367,11.5829,1242,Landes de Gascogne,False,Non classée à risque,,,0.4
40195,Montgaillard,40,43.7572,-0.4822,20.6175,602,Landes de Gascogne,False,Non classée à risque,,,0.0
40196,Montsoué,40,43.7327,-0.5037,17.9977,566,Landes de Gascogne,False,Non classée à risque,,,0.0
40197,Morcenx-la-Nouvelle,40,44.0318,-0.9147,138.3816,5022,Landes de Gascogne,True,"À risque, sans plan",,,7.0
40198,Morganx,40,43.6043,-0.5708,5.2713,165,Landes de Gascogne,False,Non classée à risque,,,0.0
40199,Mouscardès,40,43.5955,-0.8883,9.1091,265,Landes de Gascogne,False,Non classée à risque,,,0.0
40200,Moustey,40,44.387,-0.7703,67.6394,798,Landes de Gascogne,True,"À risque, sans plan",,,404.2
40201,Mugron,40,43.7404,-0.7479,16.541,1348,Landes de Gascogne,False,Non classée à risque,,,0.0
40202,Narrosse,40,43.6924,-1.005,10.550799999999999,3387,Landes de Gascogne,False,Non classée à risque,,,0.0
40203,Nassiet,40,43.5987,-0.6863,11.8694,330,Landes de Gascogne,False,Non classée à risque,,,0.0
40204,Nerbis,40,43.7498,-0.7229,4.2435,267,Landes de Gascogne,False,Non classée à risque,,,0.0
40205,Nousse,40,43.7208,-0.8224,3.8615,252,Landes de Gascogne,False,Non classée à risque,,,0.0
40206,Oeyregave,40,43.5264,-1.1001,7.9895000000000005,321,Landes de Gascogne,False,Non classée à risque,,,0.0
40207,Oeyreluy,40,43.6749,-1.0792,5.6701,1493,Landes de Gascogne,False,Non classée à risque,,,0.0
40208,Onard,40,43.7778,-0.8298,6.1316,381,Landes de Gascogne,False,Non classée à risque,,,0.0
40209,Ondres,40,43.5624,-1.4581,15.260299999999999,6533,Landes de Gascogne,True,"À risque, sans plan",,,0.1
40210,Onesse-Laharie,40,44.063,-1.0224,132.5094,1079,Landes de Gascogne,True,"À risque, sans plan",,,33.5
40211,Orist,40,43.6328,-1.1737,14.9895,814,Landes de Gascogne,False,Non classée à risque,,,0.3
40212,Orthevielle,40,43.5675,-1.1448,13.9719,1073,Landes de Gascogne,False,Non classée à risque,,,0.5
40213,Orx,40,43.6046,-1.3686,12.025,647,Landes de Gascogne,True,"À risque, sans plan",,,0.0
40214,Ossages,40,43.5582,-0.8788,14.3369,492,Landes de Gascogne,False,Non classée à risque,,,0.0
40215,Ousse-Suzan,40,43.9492,-0.7523,24.5266,297,Landes de Gascogne,True,"À risque, sans plan",,,1.4
40216,Ozourt,40,43.6569,-0.879,3.9783,204,Landes de Gascogne,False,Non classée à risque,,,0.0
40217,Parentis-en-Born,40,44.3527,-1.0879,124.5758,7586,Landes de Gascogne,True,"À risque, sans plan",,,36.7
40218,Parleboscq,40,43.9365,0.0263,40.2175,451,Landes de Gascogne,True,"À risque, sans plan",,,0.0
40219,Payros-Cazautets,40,43.627,-0.3975,6.3706,105,Landes de Gascogne,False,Non classée à risque,,,0.0
40220,Pécorade,40,43.6495,-0.3588,4.2023,133,Landes de Gascogne,False,Non classée à risque,,,0.0
40221,Perquie,40,43.8677,-0.2563,26.386100000000003,342,Landes de Gascogne,True,"À risque, sans plan",,,1.5
40222,Pey,40,43.6176,-1.2044,14.055299999999999,838,Landes de Gascogne,False,Non classée à risque,,,0.5
40223,Peyre,40,43.5711,-0.5566,10.336300000000001,241,Landes de Gascogne,False,Non classée à risque,,,0.0
40224,Peyrehorade,40,43.5612,-1.1106,16.2092,3700,Landes de Gascogne,False,Non classée à risque,,,0.0
40225,Philondenx,40,43.5693,-0.4291,9.7699,187,Landes de Gascogne,False,Non classée à risque,,,0.0
40226,Pimbo,40,43.5799,-0.3744,10.9375,195,Landes de Gascogne,False,Non classée à risque,,,0.0
40227,Pissos,40,44.3012,-0.7906,141.2214,1505,Landes de Gascogne,True,"À risque, sans plan",,,12.1
40228,Pomarez,40,43.6208,-0.8394,30.792800000000003,1642,Landes de Gascogne,False,Non classée à risque,,,0.3
40229,Pontenx-les-Forges,40,44.2554,-1.0914,80.8572,1775,Landes de Gascogne,True,"À risque, sans plan",,,59.6
40230,Pontonx-sur-l'Adour,40,43.7927,-0.9367,49.2857,3021,Landes de Gascogne,True,"À risque, sans plan",,,6.8
40231,Port-de-Lanne,40,43.5758,-1.1857,12.7522,1232,Landes de Gascogne,False,Non classée à risque,,,0.0
40232,Poudenx,40,43.5819,-0.5918,7.4779,219,Landes de Gascogne,False,Non classée à risque,,,0.0
40233,Pouillon,40,43.6067,-1.0,49.6788,3134,Landes de Gascogne,False,Non classée à risque,,,1.2
40234,Pouydesseaux,40,43.9882,-0.352,33.9653,869,Landes de Gascogne,True,"À risque, sans plan",,,1.5
40235,Poyanne,40,43.7547,-0.817,10.843699999999998,693,Landes de Gascogne,False,Non classée à risque,,,0.0
40236,Poyartin,40,43.6884,-0.8589,13.0605,776,Landes de Gascogne,False,Non classée à risque,,,0.0
40237,Préchacq-les-Bains,40,43.7551,-0.9191,8.6768,808,Landes de Gascogne,False,Non classée à risque,,,0.0
40238,Pujo-le-Plan,40,43.8608,-0.3444,18.687,641,Landes de Gascogne,True,"À risque, sans plan",,,2.5
40239,Puyol-Cazalet,40,43.6059,-0.4034,4.651,105,Landes de Gascogne,False,Non classée à risque,,,0.0
40240,Renung,40,43.7417,-0.3663,22.258000000000003,483,Landes de Gascogne,False,Non classée à risque,,,0.0
40242,Rimbez-et-Baudiets,40,44.0594,0.0473,32.9079,104,Landes de Gascogne,True,"À risque, sans plan",,,1.2
40243,Rion-des-Landes,40,43.9318,-0.9436,133.9384,3142,Landes de Gascogne,True,"À risque, sans plan",,,36.6
40244,Rivière-Saas-et-Gourby,40,43.6963,-1.1756,27.4571,1476,Landes de Gascogne,True,"À risque, sans plan",,,28.3
40245,Roquefort,40,44.0378,-0.3287,12.1425,1990,Landes de Gascogne,True,"À risque, sans plan",,,0.1
40246,Sabres,40,44.1532,-0.7332,162.10129999999998,1213,Landes de Gascogne,True,"À risque, sans plan",,,39.7
40247,Saint-Agnet,40,43.6049,-0.2701,7.8526,179,Landes de Gascogne,False,Non classée à risque,,,0.0
40248,Saint-André-de-Seignanx,40,43.5621,-1.3619,19.6972,1945,Landes de Gascogne,True,"À risque, sans plan",,,0.3
40249,Saint-Aubin,40,43.7184,-0.7246,9.6549,498,Landes de Gascogne,False,Non classée à risque,,,0.0
40250,Saint-Avit,40,43.9439,-0.4527,40.7262,684,Landes de Gascogne,True,"À risque, sans plan",,,6.9
40251,Saint-Barthélemy,40,43.5201,-1.3269,5.6939,412,Landes de Gascogne,True,"À risque, sans plan",,,0.0
40252,Sainte-Colombe,40,43.6805,-0.5578,12.8896,633,Landes de Gascogne,False,Non classée à risque,,,0.0
40253,Saint-Cricq-Chalosse,40,43.6561,-0.6737,20.3985,614,Landes de Gascogne,False,Non classée à risque,,,0.3
40254,Saint-Cricq-du-Gave,40,43.5245,-1.0161,8.5837,445,Landes de Gascogne,False,Non classée à risque,,,0.0
40255,Saint-Cricq-Villeneuve,40,43.9035,-0.3507,15.668399999999998,472,Landes de Gascogne,True,"À risque, sans plan",,,0.0
40256,Saint-Étienne-d'Orthe,40,43.5902,-1.1903,11.177200000000001,740,Landes de Gascogne,False,Non classée à risque,,,0.0
40257,Sainte-Eulalie-en-Born,40,44.2725,-1.2121,71.4768,1443,Landes de Gascogne,True,"À risque, sans plan",,,12.0
40258,Sainte-Foy,40,43.9315,-0.3238,9.1766,251,Landes de Gascogne,True,"À risque, sans plan",,,0.6
40259,Saint-Gein,40,43.832,-0.3039,17.967200000000002,409,Landes de Gascogne,True,"À risque, sans plan",,,0.5
40260,Saint-Geours-d'Auribat,40,43.7547,-0.8393,5.590800000000001,409,Landes de Gascogne,False,Non classée à risque,,,0.0
40261,Saint-Geours-de-Maremne,40,43.6854,-1.2348,43.1813,3089,Landes de Gascogne,True,"À risque, sans plan",,,1.2
40262,Saint-Gor,40,44.0752,-0.2367,53.908199999999994,308,Landes de Gascogne,True,"À risque, sans plan",,,7.3
40263,Saint-Jean-de-Lier,40,43.7855,-0.8796,8.1265,405,Landes de Gascogne,False,Non classée à risque,,,0.0
40264,Saint-Jean-de-Marsacq,40,43.6161,-1.2545,26.2494,1840,Landes de Gascogne,True,"À risque, sans plan",,,0.0
40265,Saint-Julien-d'Armagnac,40,43.993,-0.1387,14.805399999999999,108,Landes de Gascogne,True,"À risque, sans plan",,,0.0
40266,Saint-Julien-en-Born,40,44.0854,-1.2551,73.0214,1781,Landes de Gascogne,True,"À risque, sans plan",,,4.5
40267,Saint-Justin,40,43.9907,-0.2265,66.26939999999999,1008,Landes de Gascogne,True,"À risque, sans plan",,,224.6
40268,Saint-Laurent-de-Gosse,40,43.5233,-1.2851,17.6144,745,Landes de Gascogne,True,"À risque, sans plan",,,65.8
40269,Saint-Lon-les-Mines,40,43.6188,-1.1353,21.8222,1246,Landes de Gascogne,False,Non classée à risque,,,1.4
40270,Saint-Loubouer,40,43.684,-0.4121,16.935,442,Landes de Gascogne,False,Non classée à risque,,,0.0
40271,Sainte-Marie-de-Gosse,40,43.5497,-1.2301,26.555799999999998,1241,Landes de Gascogne,True,"À risque, sans plan",,,0.0
40272,Saint-Martin-de-Hinx,40,43.5803,-1.2684,25.6889,1808,Landes de Gascogne,True,"À risque, sans plan",,,2.2
40273,Saint-Martin-de-Seignanx,40,43.5378,-1.3829,45.773500000000006,6238,Landes de Gascogne,True,"À risque, sans plan",,,0.0
40274,Saint-Martin-d'Oney,40,43.9293,-0.6497,34.4184,1367,Landes de Gascogne,True,"À risque, sans plan",,,3.0
40275,Saint-Maurice-sur-Adour,40,43.7932,-0.4691,9.569600000000001,625,Landes de Gascogne,True,"À risque, sans plan",,,3.5
40276,Saint-Michel-Escalus,40,43.8752,-1.2475,17.7048,332,Landes de Gascogne,True,"À risque, sans plan",,,0.0
40277,Saint-Pandelon,40,43.6676,-1.0416,9.1752,749,Landes de Gascogne,False,Non classée à risque,,,0.0
40278,Saint-Paul-en-Born,40,44.2083,-1.155,43.5113,975,Landes de Gascogne,True,"À risque, sans plan",,,0.8
40279,Saint-Paul-lès-Dax,40,43.7485,-1.0941,58.3125,14481,Landes de Gascogne,True,"À risque, sans plan",,,16.8
40280,Saint-Perdon,40,43.8734,-0.6038,30.290100000000002,1732,Landes de Gascogne,True,"À risque, sans plan",,,0.0
40281,Saint-Pierre-du-Mont,40,43.8725,-0.52,26.4052,10092,Landes de Gascogne,True,"À risque, sans plan",,,7.1
40282,Saint-Sever,40,43.7646,-0.5612,46.8574,5043,Landes de Gascogne,False,Non classée à risque,,,0.2
40283,Saint-Vincent-de-Paul,40,43.7726,-0.9965,32.5747,3402,Landes de Gascogne,True,"À risque, sans plan",,,16.6
40284,Saint-Vincent-de-Tyrosse,40,43.663,-1.3013,20.8508,8014,Landes de Gascogne,True,"À risque, sans plan",,,1.8
40285,Saint-Yaguen,40,43.9019,-0.7411,37.9226,625,Landes de Gascogne,True,"À risque, sans plan",,,1.0
40286,Samadet,40,43.6299,-0.4896,26.214299999999998,1123,Landes de Gascogne,False,Non classée à risque,,,0.0
40287,Sanguinet,40,44.4776,-1.0903,100.59299999999999,4741,Landes de Gascogne,True,"À risque, sans plan",,,232.7
40288,Sarbazan,40,44.0125,-0.3202,22.691399999999998,1167,Landes de Gascogne,True,"À risque, sans plan",,,0.3
40289,Sarraziet,40,43.7062,-0.4986,7.0971,235,Landes de Gascogne,False,Non classée à risque,,,0.0
40290,Sarron,40,43.5865,-0.2672,3.9446,104,Landes de Gascogne,False,Non classée à risque,,,0.0
40291,Saubion,40,43.673,-1.3323,7.724,1826,Landes de Gascogne,True,"À risque, sans plan",,,0.1
40292,Saubrigues,40,43.609,-1.3246,21.540300000000002,1659,Landes de Gascogne,True,"À risque, sans plan",,,0.0
40293,Saubusse,40,43.6737,-1.1815,10.3925,1093,Landes de Gascogne,True,"À risque, sans plan",,,0.0
40294,Saugnac-et-Cambran,40,43.6717,-0.9904,13.3774,1560,Landes de Gascogne,False,Non classée à risque,,,0.0
40295,Saugnac-et-Muret,40,44.3893,-0.8494,110.0205,1382,Landes de Gascogne,True,"À risque, sans plan",,,11.0
40296,Seignosse,40,43.7055,-1.3939,36.6014,4056,Landes de Gascogne,True,"À risque, sans plan",,,56.8
40297,Le Sen,40,44.139,-0.5067,50.928999999999995,215,Landes de Gascogne,True,"À risque, sans plan",,,5.2
40298,Serres-Gaston,40,43.6709,-0.5198,8.9558,405,Landes de Gascogne,False,Non classée à risque,,,0.0
40299,Serreslous-et-Arribans,40,43.663,-0.6446,5.4958,196,Landes de Gascogne,False,Non classée à risque,,,0.0
40300,Seyresse,40,43.6809,-1.0612,2.2271,1029,Landes de Gascogne,False,Non classée à risque,,,0.0
40301,Siest,40,43.6499,-1.1331,2.9455,135,Landes de Gascogne,False,Non classée à risque,,,0.0
40303,Solférino,40,44.1155,-0.907,98.4637,374,Landes de Gascogne,True,"À risque, sans plan",,,12.9
40304,Soorts-Hossegor,40,43.6679,-1.4084,14.4752,3817,Landes de Gascogne,True,"À risque, sans plan",,,2.3
40305,Sorbets,40,43.6418,-0.3311,11.955599999999999,198,Landes de Gascogne,False,Non classée à risque,,,0.0
40306,Sorde-l'Abbaye,40,43.5238,-1.0422,16.3231,645,Landes de Gascogne,False,Non classée à risque,,,0.0
40307,Sore,40,44.3073,-0.6021,148.1518,1179,Landes de Gascogne,True,"À risque, sans plan",,,54.6
40308,Sort-en-Chalosse,40,43.6797,-0.9225,15.559000000000001,885,Landes de Gascogne,False,Non classée à risque,,,0.0
40309,Souprosse,40,43.7927,-0.7195,42.504799999999996,1184,Landes de Gascogne,True,"À risque, sans plan",,,4.7
40310,Soustons,40,43.754,-1.3305,107.95549999999999,8701,Landes de Gascogne,True,"À risque, sans plan",,,51.8
40311,Taller,40,43.88,-1.0621,41.2918,693,Landes de Gascogne,True,"À risque, sans plan",,,4.7
40312,Tarnos,40,43.5338,-1.4717,26.984299999999998,12957,Landes de Gascogne,True,"À risque, sans plan",,,0.1
40313,Tartas,40,43.8156,-0.7791,30.3979,3169,Landes de Gascogne,True,"À risque, sans plan",,,1.3
40314,Tercis-les-Bains,40,43.6708,-1.1136,10.2431,1359,Landes de Gascogne,False,Non classée à risque,,,0.0
40315,Téthieu,40,43.7476,-0.9597,11.0106,758,Landes de Gascogne,True,"À risque, sans plan",,,0.0
40316,Tilh,40,43.5819,-0.8336,23.039699999999996,832,Landes de Gascogne,False,Non classée à risque,,,0.2
40317,Tosse,40,43.6952,-1.316,17.965,3556,Landes de Gascogne,True,"À risque, sans plan",,,6.3
40318,Toulouzette,40,43.7557,-0.6762,11.6783,309,Landes de Gascogne,False,Non classée à risque,,,0.0
40319,Trensacq,40,44.232,-0.7015,79.4288,284,Landes de Gascogne,True,"À risque, sans plan",,,75.6
40320,Uchacq-et-Parentis,40,43.945,-0.5476,38.5961,626,Landes de Gascogne,True,"À risque, sans plan",,,5.2
40321,Urgons,40,43.6397,-0.432,11.5928,244,Landes de Gascogne,False,Non classée à risque,,,0.0
40322,Uza,40,44.0295,-1.1993,12.8827,180,Landes de Gascogne,True,"À risque, sans plan",,,0.0
40323,Vert,40,44.0955,-0.6138,39.9546,235,Landes de Gascogne,True,"À risque, sans plan",,,54.3
40324,Vicq-d'Auribat,40,43.7836,-0.8576,4.2356,243,Landes de Gascogne,False,Non classée à risque,,,0.0
40325,Vielle-Tursan,40,43.6857,-0.4639,12.8254,283,Landes de Gascogne,True,"À risque, sans plan",,,0.0
40326,Vielle-Saint-Girons,40,43.9429,-1.3219,74.6497,1518,Landes de Gascogne,True,"À risque, sans plan",,,31.6
40327,Vielle-Soubiran,40,44.0549,-0.1715,32.9503,226,Landes de Gascogne,False,Non classée à risque,,,10.5
40328,Vieux-Boucau-les-Bains,40,43.7885,-1.3946,4.3796,1685,Landes de Gascogne,True,"À risque, sans plan",,,0.0
40329,Le Vignau,40,43.7799,-0.2845,11.071,522,Landes de Gascogne,True,"À risque, sans plan",,,0.0
40330,Villenave,40,43.9681,-0.8227,27.540300000000002,312,Landes de Gascogne,True,"À risque, sans plan",,,1.6
40331,Villeneuve-de-Marsan,40,43.9087,-0.3057,23.201700000000002,2508,Landes de Gascogne,True,"À risque, sans plan",,,3.2
40332,Ychoux,40,44.3545,-0.9643,111.29729999999999,2338,Landes de Gascogne,True,"À risque, sans plan",,,184.5
40333,Ygos-Saint-Saturnin,40,43.9934,-0.7297,58.4921,1334,Landes de Gascogne,True,"À risque, sans plan",,,18.0
40334,Yzosse,40,43.7189,-1.015,5.431699999999999,386,Landes de Gascogne,False,Non classée à risque,,,0.2
